time,linear_acceleration_x,linear_acceleration_y,linear_acceleration_z
0.000000,-0.018899,0.094517,9.799526
0.035000,-0.018899,0.094517,9.799526
0.065000,-0.018899,0.094517,9.799526
0.100000,-0.018899,0.094517,9.799526
0.130000,-0.018898,0.094517,9.799526
0.165000,-0.018898,0.094517,9.799526
0.200000,-0.018898,0.094517,9.799526
0.230000,-0.018898,0.094517,9.799526
0.265000,-0.018898,0.094517,9.799526
0.295000,-0.018898,0.094517,9.799526
0.330000,-0.018898,0.094517,9.799526
0.365000,-0.018898,0.094517,9.799526
0.395000,-0.018898,0.094517,9.799526
0.430000,-0.018898,0.094517,9.799526
0.460000,-0.018898,0.094517,9.799526
0.495000,-0.018898,0.094517,9.799526
0.530000,-0.018898,0.094517,9.799526
0.560000,-0.018898,0.094517,9.799526
0.595000,-0.018898,0.094517,9.799526
0.625000,-0.018898,0.094517,9.799526
0.660000,-0.018898,0.094517,9.799526
0.695000,-0.018898,0.094517,9.799526
0.725000,-0.018898,0.094517,9.799526
0.760000,-0.018898,0.094517,9.799526
0.790000,-0.018898,0.094517,9.799526
0.825000,-0.018898,0.094517,9.799526
0.860000,-0.018898,0.094517,9.799526
0.890000,-0.018898,0.094517,9.799526
0.925000,-0.018898,0.094517,9.799526
0.955000,-0.018898,0.094517,9.799526
0.990000,-0.018898,0.094517,9.799526
1.025000,-0.018898,0.094517,9.799526
1.055000,-0.018898,0.094517,9.799526
1.090000,-0.018898,0.094517,9.799526
1.120000,-0.018898,0.094517,9.799526
1.155000,-0.018898,0.094517,9.799526
1.190000,-0.018898,0.094517,9.799526
1.220000,-0.018898,0.094517,9.799526
1.255000,-0.018898,0.094517,9.799526
1.285000,-0.018898,0.094517,9.799526
1.320000,-0.018898,0.094517,9.799526
1.355000,-0.018898,0.094517,9.799526
1.385000,-0.018898,0.094517,9.799526
1.420000,-0.018898,0.094517,9.799526
1.450000,-0.018898,0.094517,9.799526
1.485000,-0.018898,0.094517,9.799526
1.520000,-0.018898,0.094517,9.799526
1.550000,-0.018898,0.094517,9.799526
1.585000,-0.018898,0.094517,9.799526
1.615000,-0.018898,0.094517,9.799526
1.650000,-0.018898,0.094517,9.799526
1.685000,-0.018898,0.094517,9.799526
1.715000,-0.018898,0.094517,9.799526
1.750000,-0.018898,0.094517,9.799526
1.780000,-0.018898,0.094517,9.799526
1.815000,-0.018898,0.094517,9.799526
1.850000,-0.018898,0.094517,9.799526
1.880000,-0.018898,0.094517,9.799526
1.915000,-0.018898,0.094517,9.799526
1.945000,-0.018898,0.094517,9.799526
1.980000,-0.018898,0.094517,9.799526
2.015000,-0.018898,0.094517,9.799526
2.045000,-0.018898,0.094517,9.799526
2.080000,-0.018898,0.094517,9.799526
2.110000,-0.018898,0.094517,9.799526
2.145000,-0.018898,0.094517,9.799526
2.180000,-0.018898,0.094517,9.799526
2.210000,-0.018898,0.094517,9.799526
2.245000,-0.018898,0.094517,9.799526
2.275000,-0.018898,0.094517,9.799526
2.310000,-0.018898,0.094517,9.799526
2.345000,-0.018898,0.094517,9.799526
2.375000,-0.018898,0.094517,9.799526
2.410000,-0.018898,0.094517,9.799526
2.440000,-0.018898,0.094517,9.799526
2.475000,-0.018898,0.094517,9.799526
2.510000,-0.018898,0.094517,9.799526
2.540000,-0.018898,0.094517,9.799526
2.575000,-0.018898,0.094517,9.799526
2.605000,-0.018898,0.094517,9.799526
2.640000,-0.018898,0.094517,9.799526
2.675000,-0.018898,0.094517,9.799526
2.705000,-0.018898,0.094517,9.799526
2.740000,-0.018898,0.094517,9.799526
2.770000,-0.018898,0.094517,9.799526
2.805000,-0.018898,0.094517,9.799526
2.840000,-0.018898,0.094517,9.799526
2.870000,-0.018898,0.094517,9.799526
2.905000,-0.018898,0.094517,9.799526
2.935000,-0.018898,0.094517,9.799526
2.970000,-0.018898,0.094517,9.799526
3.005000,-0.018898,0.094517,9.799526
3.035000,-0.018898,0.094517,9.799526
3.070000,-0.018898,0.094517,9.799526
3.100000,-0.018898,0.094517,9.799526
3.135000,-0.018898,0.094517,9.799526
3.170000,-0.018898,0.094517,9.799526
3.200000,-0.018898,0.094517,9.799526
3.235000,-0.018898,0.094517,9.799526
3.265000,-0.018898,0.094517,9.799526
3.300000,-0.018898,0.094517,9.799526
3.335000,-0.018898,0.094517,9.799526
3.365000,-0.018898,0.094517,9.799526
3.400000,-0.018898,0.094517,9.799526
3.430000,-0.018898,0.094517,9.799526
3.465000,-0.018898,0.094517,9.799526
3.500000,-0.018898,0.094517,9.799526
3.530000,-0.018898,0.094517,9.799526
3.565000,-0.018898,0.094517,9.799526
3.595000,-0.018898,0.094517,9.799526
3.630000,-0.018898,0.094517,9.799526
3.665000,-0.018898,0.094517,9.799526
3.695000,-0.018898,0.094517,9.799526
3.730000,-0.018898,0.094517,9.799526
3.760000,-0.018898,0.094517,9.799526
3.795000,-0.018898,0.094517,9.799526
3.830000,-0.018898,0.094517,9.799526
3.860000,-0.018898,0.094517,9.799526
3.895000,-0.018898,0.094517,9.799526
3.925000,-0.018898,0.094517,9.799526
3.960000,-0.018898,0.094517,9.799526
3.995000,-0.018898,0.094517,9.799526
4.025000,-0.018898,0.094517,9.799526
4.060000,-0.018898,0.094517,9.799526
4.090000,-0.018898,0.094517,9.799526
4.125000,-0.018898,0.094517,9.799526
4.160000,-0.018898,0.094517,9.799526
4.190000,-0.018898,0.094517,9.799526
4.225000,-0.018898,0.094517,9.799526
4.255000,-0.018898,0.094517,9.799526
4.290000,-0.018898,0.094517,9.799526
4.325000,-0.018898,0.094517,9.799526
4.355000,-0.018898,0.094517,9.799526
4.390000,-0.018898,0.094517,9.799526
4.420000,-0.018898,0.094517,9.799526
4.455000,-0.018898,0.094517,9.799526
4.490000,-0.018898,0.094517,9.799526
4.520000,-0.018898,0.094517,9.799526
4.555000,-0.018898,0.094517,9.799526
4.585000,-0.018898,0.094517,9.799526
4.620000,-0.018898,0.094517,9.799526
4.655000,-0.018898,0.094517,9.799526
4.685000,-0.018898,0.094517,9.799526
4.720000,-0.018898,0.094517,9.799526
4.750000,-0.018898,0.094517,9.799526
4.785000,-0.018898,0.094517,9.799526
4.820000,-0.018898,0.094517,9.799526
4.850000,-0.018898,0.094517,9.799526
4.885000,-0.018898,0.094517,9.799526
4.915000,-0.018898,0.094517,9.799526
4.950000,-0.018898,0.094517,9.799526
4.985000,-0.018898,0.094517,9.799526
5.015000,-0.018898,0.094517,9.799526
5.050000,-0.018898,0.094517,9.799526
5.080000,-0.018898,0.094517,9.799526
5.115000,-0.018898,0.094517,9.799526
5.150000,-0.018898,0.094517,9.799526
5.180000,-0.018898,0.094517,9.799526
5.215000,-0.018898,0.094517,9.799526
5.245000,-0.018898,0.094517,9.799526
5.280000,-0.018898,0.094517,9.799526
5.315000,-0.018898,0.094517,9.799526
5.345000,-0.018898,0.094517,9.799526
5.380000,-0.018898,0.094517,9.799526
5.410000,-0.018898,0.094517,9.799526
5.445000,-0.018898,0.094517,9.799526
5.480000,-0.018898,0.094517,9.799526
5.510000,-0.018898,0.094517,9.799526
5.545000,-0.018898,0.094517,9.799526
5.575000,-0.018898,0.094517,9.799526
5.610000,-0.018898,0.094517,9.799526
5.645000,-0.018898,0.094517,9.799526
5.675000,-0.018898,0.094517,9.799526
5.710000,-0.018898,0.094517,9.799526
5.740000,-0.018898,0.094517,9.799526
5.775000,-0.018898,0.094517,9.799526
5.810000,-0.018898,0.094517,9.799526
5.840000,-0.018898,0.094517,9.799526
5.875000,-0.018898,0.094517,9.799526
5.905000,-0.018898,0.094517,9.799526
5.940000,-0.018898,0.094517,9.799526
5.975000,-0.018898,0.094517,9.799526
6.005000,-0.018898,0.094517,9.799526
6.040000,-0.018898,0.094517,9.799526
6.070000,-0.018898,0.094517,9.799526
6.105000,-0.018898,0.094517,9.799526
6.140000,-0.018898,0.094517,9.799526
6.170000,-0.018898,0.094517,9.799526
6.205000,-0.018898,0.094517,9.799526
6.235000,-0.018898,0.094517,9.799526
6.270000,-0.018898,0.094517,9.799526
6.305000,-0.018898,0.094517,9.799526
6.335000,-0.018898,0.094517,9.799526
6.370000,-0.018898,0.094517,9.799526
6.400000,-0.018898,0.094517,9.799526
6.435000,-0.018898,0.094517,9.799526
6.470000,-0.018898,0.094517,9.799526
6.500000,-0.018898,0.094517,9.799526
6.535000,-0.018898,0.094517,9.799526
6.565000,-0.018898,0.094517,9.799526
6.600000,-0.018898,0.094517,9.799526
6.635000,-0.018898,0.094517,9.799526
6.665000,-0.018898,0.094517,9.799526
6.700000,-0.018898,0.094517,9.799526
6.730000,-0.018898,0.094517,9.799526
6.765000,-0.018898,0.094517,9.799526
6.800000,-0.018898,0.094517,9.799526
6.830000,-0.018898,0.094517,9.799526
6.865000,-0.018898,0.094517,9.799526
6.895000,-0.018898,0.094517,9.799526
6.930000,-0.018898,0.094517,9.799526
6.965000,-0.018898,0.094517,9.799526
6.995000,-0.018898,0.094517,9.799526
7.030000,-0.018898,0.094517,9.799526
7.060000,-0.018898,0.094517,9.799526
7.095000,-0.018898,0.094517,9.799526
7.130000,-0.018898,0.094517,9.799526
7.160000,-0.018898,0.094517,9.799526
7.195000,-0.018898,0.094517,9.799526
7.225000,-0.018898,0.094517,9.799526
7.260000,-0.018898,0.094517,9.799526
7.295000,-0.018898,0.094517,9.799526
7.325000,-0.018898,0.094517,9.799526
7.360000,-0.018898,0.094517,9.799526
7.390000,-0.018898,0.094517,9.799526
7.425000,-0.018898,0.094517,9.799526
7.460000,-0.018898,0.094517,9.799526
7.490000,-0.018898,0.094517,9.799526
7.525000,-0.018898,0.094517,9.799526
7.555000,-0.018898,0.094517,9.799526
7.590000,-0.018898,0.094517,9.799526
7.625000,-0.018898,0.094517,9.799526
7.655000,-0.018898,0.094517,9.799526
7.690000,-0.018898,0.094517,9.799526
7.720000,-0.018898,0.094517,9.799526
7.755000,-0.018898,0.094517,9.799526
7.790000,-0.018898,0.094517,9.799526
7.820000,-0.018898,0.094517,9.799526
7.855000,-0.018898,0.094517,9.799526
7.885000,-0.018898,0.094517,9.799526
7.920000,-0.018898,0.094517,9.799526
7.955000,-0.018898,0.094517,9.799526
7.985000,-0.018898,0.094517,9.799526
8.020000,-0.018898,0.094517,9.799526
8.050000,-0.018898,0.094517,9.799526
8.085000,-0.018898,0.094517,9.799526
8.120000,-0.018898,0.094517,9.799526
8.150000,-0.018898,0.094517,9.799526
8.185000,-0.018898,0.094517,9.799526
8.215000,-0.018898,0.094517,9.799526
8.250000,-0.018898,0.094517,9.799526
8.285000,-0.018898,0.094517,9.799526
8.315000,-0.018898,0.094517,9.799526
8.350000,-0.018898,0.094517,9.799526
8.380000,-0.018898,0.094517,9.799526
8.415000,-0.018898,0.094517,9.799526
8.450000,-0.018898,0.094517,9.799526
8.480000,-0.018898,0.094517,9.799526
8.515000,-0.018898,0.094517,9.799526
8.545000,-0.018898,0.094517,9.799526
8.580000,-0.018898,0.094517,9.799526
8.615000,-0.018898,0.094517,9.799526
8.645000,-0.018898,0.094517,9.799526
8.680000,-0.018898,0.094517,9.799526
8.710000,-0.018898,0.094517,9.799526
8.745000,-0.018898,0.094517,9.799526
8.780000,-0.018898,0.094517,9.799526
8.810000,-0.018898,0.094517,9.799526
8.845000,-0.018898,0.094517,9.799526
8.875000,-0.018898,0.094517,9.799526
8.910000,-0.018898,0.094517,9.799526
8.945000,-0.018898,0.094517,9.799526
8.975000,-0.018898,0.094517,9.799526
9.010000,-0.018898,0.094517,9.799526
9.040000,-0.018898,0.094517,9.799526
9.075000,-0.018898,0.094517,9.799526
9.110000,-0.018898,0.094517,9.799526
9.140000,-0.018898,0.094517,9.799526
9.175000,-0.018898,0.094517,9.799526
9.205000,-0.018898,0.094517,9.799526
9.240000,-0.018898,0.094517,9.799526
9.275000,-0.018898,0.094517,9.799526
9.305000,-0.018898,0.094517,9.799526
9.340000,-0.018898,0.094517,9.799526
9.370000,-0.018898,0.094517,9.799526
9.405000,-0.018898,0.094517,9.799526
9.440000,-0.018898,0.094517,9.799526
9.470000,-0.018898,0.094517,9.799526
9.505000,-0.018898,0.094517,9.799526
9.535000,-0.018898,0.094517,9.799526
9.570000,-0.018898,0.094517,9.799526
9.605000,-0.018898,0.094517,9.799526
9.635000,-0.018898,0.094517,9.799526
9.670000,-0.018898,0.094517,9.799526
9.700000,-0.018898,0.094517,9.799526
9.735000,-0.018898,0.094517,9.799526
9.770000,-0.018898,0.094517,9.799526
9.800000,-0.018898,0.094517,9.799526
9.835000,-0.018898,0.094517,9.799526
9.865000,-0.018898,0.094517,9.799526
9.900000,-0.018898,0.094517,9.799526
9.935000,-0.018898,0.094517,9.799526
9.965000,-0.018898,0.094517,9.799526
10.000000,-0.018898,0.094517,9.799526
10.030000,-0.018898,0.094517,9.799526
10.065000,-0.018898,0.094517,9.799526
10.100000,-0.018898,0.094517,9.799526
10.130000,-0.018898,0.094517,9.799526
10.165000,-0.018898,0.094517,9.799526
10.195000,-0.018898,0.094517,9.799526
10.230000,-0.018898,0.094517,9.799526
10.265000,-0.018898,0.094517,9.799526
10.295000,-0.018898,0.094517,9.799526
10.330000,-0.018898,0.094517,9.799526
10.360000,-0.018898,0.094517,9.799526
10.395000,-0.018898,0.094517,9.799526
10.430000,-0.018898,0.094517,9.799526
10.460000,-0.018898,0.094517,9.799526
10.495000,-0.018898,0.094517,9.799526
10.525000,-0.018898,0.094517,9.799526
10.560000,-0.018898,0.094517,9.799526
10.595000,-0.018898,0.094517,9.799526
10.625000,-0.018898,0.094517,9.799526
10.660000,-0.018898,0.094517,9.799526
10.690000,-0.018898,0.094517,9.799526
10.725000,-0.018898,0.094517,9.799526
10.760000,-0.018898,0.094517,9.799526
10.790000,-0.018898,0.094517,9.799526
10.825000,-0.018898,0.094517,9.799526
10.855000,-0.018898,0.094518,9.799526
10.890000,-0.018898,0.094518,9.799526
10.925000,-0.018898,0.094518,9.799526
10.955000,-0.018898,0.094518,9.799526
10.990000,-0.018898,0.094518,9.799526
11.020000,-0.018898,0.094518,9.799526
11.055000,-0.018898,0.094518,9.799526
11.090000,-0.018898,0.094518,9.799526
11.120000,-0.018898,0.094518,9.799526
11.155000,-0.018898,0.094518,9.799526
11.185000,-0.018898,0.094518,9.799526
11.220000,-0.018898,0.094518,9.799526
11.255000,-0.018898,0.094518,9.799526
11.285000,-0.018898,0.094518,9.799526
11.320000,-0.018898,0.094518,9.799526
11.350000,-0.018898,0.094518,9.799526
11.385000,-0.018898,0.094518,9.799526
11.420000,-0.018898,0.094518,9.799526
11.450000,-0.018898,0.094518,9.799526
11.485000,-0.018898,0.094518,9.799526
11.515000,-0.018898,0.094518,9.799526
11.550000,-0.018898,0.094518,9.799526
11.585000,-0.018898,0.094518,9.799526
11.615000,-0.018898,0.094518,9.799526
11.650000,-0.018898,0.094518,9.799526
11.680000,-0.018898,0.094518,9.799526
11.715000,-0.018898,0.094518,9.799526
11.750000,-0.018898,0.094518,9.799526
11.780000,-0.018898,0.094518,9.799526
11.815000,-0.018898,0.094518,9.799526
11.845000,-0.018898,0.094518,9.799526
11.880000,-0.018898,0.094518,9.799526
11.915000,-0.018898,0.094518,9.799526
11.945000,-0.018898,0.094518,9.799526
11.980000,-0.018898,0.094518,9.799526
12.010000,-0.018898,0.094518,9.799526
12.045000,-0.018898,0.094518,9.799526
12.080000,-0.018898,0.094518,9.799526
12.110000,-0.018898,0.094518,9.799526
12.145000,-0.018898,0.094518,9.799526
12.175000,-0.018898,0.094518,9.799526
12.210000,-0.018898,0.094518,9.799526
12.245000,-0.018898,0.094518,9.799526
12.275000,-0.018898,0.094518,9.799526
12.310000,-0.018898,0.094518,9.799526
12.340000,-0.018898,0.094518,9.799526
12.375000,-0.018898,0.094518,9.799526
12.410000,-0.018898,0.094518,9.799526
12.440000,-0.018898,0.094518,9.799526
12.475000,-0.018898,0.094518,9.799526
12.505000,-0.018898,0.094518,9.799526
12.540000,-0.018898,0.094518,9.799526
12.575000,-0.018898,0.094518,9.799526
12.605000,-0.018898,0.094518,9.799526
12.640000,-0.018898,0.094518,9.799526
12.670000,-0.018898,0.094518,9.799526
12.705000,-0.018898,0.094518,9.799526
12.740000,-0.018898,0.094518,9.799526
12.770000,-0.018898,0.094518,9.799526
12.805000,-0.018898,0.094518,9.799526
12.835000,-0.018898,0.094518,9.799526
12.870000,-0.018898,0.094518,9.799526
12.905000,-0.018898,0.094518,9.799526
12.935000,-0.018898,0.094518,9.799526
12.970000,-0.018898,0.094518,9.799526
13.000000,-0.018898,0.094518,9.799526
13.035000,-0.018898,0.094518,9.799526
13.070000,-0.018898,0.094518,9.799526
13.100000,-0.018898,0.094518,9.799526
13.135000,-0.018898,0.094518,9.799526
13.165000,-0.018898,0.094518,9.799526
13.200000,-0.018898,0.094518,9.799526
13.235000,-0.018898,0.094518,9.799526
13.265000,-0.018898,0.094518,9.799526
13.300000,-0.018898,0.094518,9.799526
13.330000,-0.018898,0.094518,9.799526
13.365000,-0.018898,0.094518,9.799526
13.400000,-0.018898,0.094518,9.799526
13.430000,-0.018898,0.094518,9.799526
13.465000,-0.018898,0.094518,9.799526
13.495000,-0.018898,0.094518,9.799526
13.530000,-0.018898,0.094518,9.799526
13.565000,-0.018898,0.094518,9.799526
13.595000,-0.018898,0.094518,9.799526
13.630000,-0.018898,0.094518,9.799526
13.660000,-0.018898,0.094518,9.799526
13.695000,-0.018898,0.094518,9.799526
13.730000,-0.018898,0.094518,9.799526
13.760000,-0.018899,0.094518,9.799526
13.795000,-0.018899,0.094518,9.799526
13.825000,-0.018899,0.094518,9.799526
13.860000,-0.018899,0.094518,9.799526
13.895000,-0.018899,0.094518,9.799526
13.925000,-0.018899,0.094518,9.799526
13.960000,-0.018899,0.094518,9.799526
13.990000,-0.018899,0.094518,9.799526
14.025000,-0.018899,0.094518,9.799526
14.060000,-0.018899,0.094518,9.799526
14.090000,-0.018899,0.094518,9.799526
14.125000,-0.018899,0.094518,9.799526
14.155000,-0.018899,0.094518,9.799526
14.190000,-0.018899,0.094518,9.799526
14.225000,-0.018899,0.094518,9.799526
14.255000,-0.018899,0.094518,9.799526
14.290000,-0.018899,0.094518,9.799526
14.320000,-0.018899,0.094518,9.799526
14.355000,-0.018899,0.094518,9.799526
14.390000,-0.018899,0.094518,9.799526
14.420000,-0.018899,0.094518,9.799526
14.455000,-0.018899,0.094518,9.799526
14.485000,-0.018899,0.094518,9.799526
14.520000,-0.018899,0.094518,9.799526
14.555000,-0.018899,0.094518,9.799526
14.585000,-0.018899,0.094518,9.799526
14.620000,-0.018899,0.094518,9.799526
14.650000,-0.018899,0.094518,9.799526
14.685000,-0.018899,0.094518,9.799526
14.720000,-0.018899,0.094518,9.799526
14.750000,-0.018899,0.094518,9.799526
14.785000,-0.018899,0.094518,9.799526
14.815000,-0.018899,0.094518,9.799526
14.850000,-0.018899,0.094518,9.799526
14.885000,-0.018899,0.094518,9.799526
14.915000,-0.018899,0.094518,9.799526
14.950000,-0.018899,0.094518,9.799526
14.980000,-0.018899,0.094518,9.799526
15.015000,-0.018899,0.094518,9.799526
15.050000,-0.018899,0.094518,9.799526
15.080000,-0.018899,0.094518,9.799526
15.115000,-0.018899,0.094518,9.799526
15.145000,-0.018899,0.094518,9.799526
15.180000,-0.018899,0.094518,9.799526
15.215000,-0.018899,0.094518,9.799526
15.245000,-0.018899,0.094518,9.799526
15.280000,-0.018899,0.094518,9.799526
15.310000,-0.018899,0.094518,9.799526
15.345000,-0.018899,0.094518,9.799526
15.380000,-0.018899,0.094518,9.799526
15.410000,-0.018899,0.094518,9.799526
15.445000,-0.018899,0.094518,9.799526
15.475000,-0.018899,0.094518,9.799526
15.510000,-0.018899,0.094518,9.799526
15.545000,-0.018899,0.094518,9.799526
15.575000,-0.018899,0.094518,9.799526
15.610000,-0.018899,0.094518,9.799526
15.640000,-0.018899,0.094518,9.799526
15.675000,-0.018899,0.094518,9.799526
15.710000,-0.018899,0.094518,9.799526
15.740000,-0.018899,0.094518,9.799526
15.775000,-0.018899,0.094518,9.799526
15.805000,-0.018899,0.094518,9.799526
15.840000,-0.018899,0.094518,9.799526
15.875000,-0.018899,0.094518,9.799526
15.905000,-0.018899,0.094518,9.799526
15.940000,-0.018899,0.094518,9.799526
15.970000,-0.018899,0.094518,9.799526
16.005000,-0.018899,0.094518,9.799526
16.040000,-0.018899,0.094518,9.799526
16.070000,-0.018899,0.094518,9.799526
16.105000,-0.018899,0.094518,9.799526
16.135000,-0.018899,0.094518,9.799526
16.170000,-0.018899,0.094518,9.799526
16.205000,-0.018899,0.094518,9.799526
16.235000,-0.018899,0.094518,9.799526
16.270000,-0.018899,0.094518,9.799526
16.300000,-0.018899,0.094518,9.799526
16.335000,-0.018899,0.094518,9.799526
16.370000,-0.018899,0.094518,9.799526
16.400000,-0.018899,0.094518,9.799526
16.435000,-0.018899,0.094518,9.799526
16.465000,-0.018899,0.094518,9.799526
16.500000,-0.018899,0.094518,9.799526
16.535000,-0.018899,0.094518,9.799526
16.565000,-0.018899,0.094518,9.799526
16.600000,-0.018899,0.094518,9.799526
16.630000,-0.018899,0.094518,9.799526
16.665000,-0.018899,0.094518,9.799526
16.700000,-0.018899,0.094518,9.799526
16.730000,-0.018899,0.094518,9.799526
16.765000,-0.018899,0.094518,9.799526
16.795000,-0.018899,0.094518,9.799526
16.830000,-0.018899,0.094518,9.799526
16.865000,-0.018899,0.094518,9.799526
16.895000,-0.018899,0.094518,9.799526
16.930000,-0.018899,0.094518,9.799526
16.960000,-0.018899,0.094518,9.799526
16.995000,-0.018899,0.094518,9.799526
17.030000,-0.018899,0.094518,9.799526
17.060000,-0.018899,0.094518,9.799526
17.095000,-0.018899,0.094518,9.799526
17.125000,-0.018899,0.094518,9.799526
17.160000,-0.018899,0.094518,9.799526
17.195000,-0.018899,0.094518,9.799526
17.225000,-0.018899,0.094518,9.799526
17.260000,-0.018899,0.094518,9.799526
17.290000,-0.018899,0.094518,9.799526
17.325000,-0.018899,0.094518,9.799526
17.360000,-0.018899,0.094518,9.799526
17.390000,-0.018899,0.094518,9.799526
17.425000,-0.018899,0.094518,9.799526
17.455000,-0.018899,0.094518,9.799526
17.490000,-0.018900,0.094518,9.799526
17.525000,-0.018900,0.094518,9.799526
17.555000,-0.018900,0.094518,9.799526
17.590000,-0.018900,0.094518,9.799526
17.620000,-0.018900,0.094518,9.799526
17.655000,-0.018900,0.094518,9.799526
17.690000,-0.018900,0.094518,9.799526
17.720000,-0.018900,0.094518,9.799526
17.755000,-0.018900,0.094518,9.799526
17.785000,-0.018900,0.094518,9.799526
17.820000,-0.018900,0.094518,9.799526
17.855000,-0.018900,0.094518,9.799526
17.885000,-0.018900,0.094518,9.799526
17.920000,-0.018900,0.094518,9.799526
17.950000,-0.018900,0.094518,9.799526
17.985000,-0.018900,0.094518,9.799526
18.020000,-0.018900,0.094518,9.799526
18.050000,-0.018900,0.094518,9.799526
18.085000,-0.018900,0.094518,9.799526
18.115000,-0.018900,0.094518,9.799526
18.150000,-0.018900,0.094518,9.799526
18.185000,-0.018900,0.094518,9.799526
18.215000,-0.018900,0.094518,9.799526
18.250000,-0.018900,0.094518,9.799526
18.280000,-0.018900,0.094518,9.799526
18.315000,-0.018900,0.094518,9.799526
18.350000,-0.018900,0.094518,9.799526
18.380000,-0.018900,0.094518,9.799526
18.415000,-0.018900,0.094518,9.799526
18.445000,-0.018900,0.094518,9.799526
18.480000,-0.018900,0.094518,9.799526
18.515000,-0.018900,0.094518,9.799526
18.545000,-0.018900,0.094518,9.799526
18.580000,-0.018900,0.094518,9.799526
18.610000,-0.018900,0.094518,9.799526
18.645000,-0.018900,0.094518,9.799526
18.680000,-0.018900,0.094518,9.799526
18.710000,-0.018900,0.094518,9.799526
18.745000,-0.018900,0.094518,9.799526
18.775000,-0.018900,0.094518,9.799526
18.810000,-0.018900,0.094518,9.799526
18.845000,-0.018900,0.094518,9.799526
18.875000,-0.018900,0.094518,9.799526
18.910000,-0.018900,0.094518,9.799526
18.940000,-0.018900,0.094518,9.799526
18.975000,-0.018900,0.094518,9.799526
19.010000,-0.018900,0.094518,9.799526
19.040000,-0.018900,0.094518,9.799526
19.075000,-0.018900,0.094518,9.799526
19.105000,-0.018900,0.094518,9.799526
19.140000,-0.018900,0.094518,9.799526
19.175000,-0.018900,0.094518,9.799526
19.205000,-0.018900,0.094518,9.799526
19.240000,-0.018900,0.094518,9.799526
19.270000,-0.018900,0.094518,9.799526
19.305000,-0.018900,0.094518,9.799526
19.340000,-0.018900,0.094518,9.799526
19.370000,-0.018900,0.094518,9.799526
19.405000,-0.018900,0.094518,9.799526
19.435000,-0.018900,0.094518,9.799526
19.470000,-0.018900,0.094518,9.799526
19.505000,-0.018900,0.094518,9.799526
19.535000,-0.018900,0.094518,9.799526
19.570000,-0.018900,0.094518,9.799526
19.600000,-0.018900,0.094518,9.799526
19.635000,-0.018900,0.094518,9.799526
19.670000,-0.018900,0.094518,9.799526
19.700000,-0.018900,0.094518,9.799526
19.735000,-0.018900,0.094518,9.799526
19.765000,-0.018900,0.094518,9.799526
19.800000,-0.018900,0.094518,9.799526
19.835000,-0.018900,0.094518,9.799526
19.865000,-0.018900,0.094518,9.799526
19.900000,-0.018900,0.094518,9.799526
19.930000,-0.018900,0.094518,9.799526
19.965000,-0.018900,0.094518,9.799526
20.000000,-0.018900,0.094518,9.799526
20.030000,-0.018900,0.094518,9.799526
20.065000,-0.018900,0.094518,9.799526
20.095000,-0.018900,0.094518,9.799526
20.130000,-0.018900,0.094518,9.799526
20.165000,-0.018900,0.094518,9.799526
20.195000,-0.018900,0.094518,9.799526
20.230000,-0.018900,0.094518,9.799526
20.260000,-0.018900,0.094518,9.799526
20.295000,-0.018900,0.094518,9.799526
20.330000,-0.018900,0.094518,9.799526
20.360000,-0.018900,0.094518,9.799526
20.395000,-0.018900,0.094518,9.799526
20.425000,-0.018900,0.094518,9.799526
20.460000,-0.018900,0.094518,9.799526
20.495000,-0.018900,0.094518,9.799526
20.525000,-0.018900,0.094518,9.799526
20.560000,-0.018900,0.094518,9.799526
20.590000,-0.018900,0.094518,9.799526
20.625000,-0.018900,0.094518,9.799526
20.660000,-0.018900,0.094518,9.799526
20.690000,-0.018900,0.094518,9.799526
20.725000,-0.018900,0.094518,9.799526
20.755000,-0.018900,0.094518,9.799526
20.790000,-0.018900,0.094518,9.799526
20.825000,-0.018900,0.094518,9.799526
20.855000,-0.018900,0.094518,9.799526
20.890000,-0.018901,0.094518,9.799526
20.920000,-0.018901,0.094518,9.799526
20.955000,-0.018901,0.094518,9.799526
20.990000,-0.018901,0.094518,9.799526
21.020000,-0.018901,0.094518,9.799526
21.055000,-0.018901,0.094518,9.799526
21.085000,-0.018901,0.094518,9.799526
21.120000,-0.018901,0.094518,9.799526
21.155000,-0.018901,0.094518,9.799526
21.185000,-0.018901,0.094518,9.799526
21.220000,-0.018901,0.094518,9.799526
21.250000,-0.018901,0.094518,9.799526
21.285000,-0.018901,0.094518,9.799526
21.320000,-0.018901,0.094518,9.799526
21.350000,-0.018901,0.094518,9.799526
21.385000,-0.018901,0.094518,9.799526
21.415000,-0.018901,0.094518,9.799526
21.450000,-0.018901,0.094518,9.799526
21.485000,-0.018901,0.094518,9.799526
21.515000,-0.018901,0.094518,9.799526
21.550000,-0.018901,0.094518,9.799526
21.580000,-0.018901,0.094518,9.799526
21.615000,-0.018901,0.094518,9.799526
21.650000,-0.018901,0.094518,9.799526
21.680000,-0.018901,0.094518,9.799526
21.715000,-0.018901,0.094518,9.799526
21.745000,-0.018901,0.094518,9.799526
21.780000,-0.018901,0.094518,9.799526
21.815000,-0.018901,0.094518,9.799526
21.845000,-0.018901,0.094518,9.799526
21.880000,-0.018901,0.094518,9.799526
21.910000,-0.018901,0.094518,9.799526
21.945000,-0.018901,0.094518,9.799526
21.980000,-0.018901,0.094518,9.799526
22.010000,-0.018901,0.094518,9.799526
22.045000,-0.018901,0.094518,9.799526
22.075000,-0.018901,0.094518,9.799526
22.110000,-0.018901,0.094518,9.799526
22.145000,-0.018901,0.094518,9.799526
22.175000,-0.018901,0.094518,9.799526
22.210000,-0.018901,0.094518,9.799526
22.240000,-0.018901,0.094518,9.799526
22.275000,-0.018901,0.094518,9.799526
22.310000,-0.018901,0.094518,9.799526
22.340000,-0.018901,0.094518,9.799526
22.375000,-0.018901,0.094518,9.799526
22.405000,-0.018901,0.094518,9.799526
22.440000,-0.018901,0.094518,9.799526
22.475000,-0.018901,0.094518,9.799526
22.505000,-0.018901,0.094518,9.799526
22.540000,-0.018901,0.094518,9.799526
22.570000,-0.018901,0.094518,9.799526
22.605000,-0.018901,0.094518,9.799526
22.640000,-0.018901,0.094518,9.799526
22.670000,-0.018901,0.094518,9.799526
22.705000,-0.018901,0.094518,9.799526
22.735000,-0.018901,0.094518,9.799526
22.770000,-0.018901,0.094518,9.799526
22.805000,-0.018901,0.094518,9.799526
22.835000,-0.018901,0.094518,9.799526
22.870000,-0.018901,0.094518,9.799526
22.900000,-0.018901,0.094518,9.799526
22.935000,-0.018901,0.094518,9.799526
22.970000,-0.018901,0.094518,9.799526
23.000000,-0.018901,0.094518,9.799526
23.035000,-0.018901,0.094518,9.799526
23.065000,-0.018901,0.094518,9.799526
23.100000,-0.018901,0.094518,9.799526
23.135000,-0.018901,0.094518,9.799526
23.165000,-0.018901,0.094518,9.799526
23.200000,-0.018901,0.094518,9.799526
23.230000,-0.018901,0.094518,9.799526
23.265000,-0.018901,0.094518,9.799526
23.300000,-0.018901,0.094518,9.799526
23.330000,-0.018901,0.094518,9.799526
23.365000,-0.018901,0.094518,9.799526
23.395000,-0.018901,0.094518,9.799526
23.430000,-0.018901,0.094518,9.799526
23.465000,-0.018901,0.094518,9.799526
23.495000,-0.018901,0.094518,9.799526
23.530000,-0.018901,0.094518,9.799526
23.560000,-0.018901,0.094518,9.799526
23.595000,-0.018901,0.094518,9.799526
23.630000,-0.018901,0.094518,9.799526
23.660000,-0.018901,0.094518,9.799526
23.695000,-0.018901,0.094518,9.799526
23.725000,-0.018901,0.094518,9.799526
23.760000,-0.018901,0.094518,9.799526
23.795000,-0.018901,0.094518,9.799526
23.825000,-0.018901,0.094518,9.799526
23.860000,-0.018901,0.094518,9.799526
23.890000,-0.018901,0.094518,9.799526
23.925000,-0.018901,0.094518,9.799526
23.960000,-0.018901,0.094518,9.799526
23.990000,-0.018901,0.094518,9.799526
24.025000,-0.018901,0.094518,9.799526
24.055000,-0.018901,0.094518,9.799526
24.090000,-0.018901,0.094518,9.799526
24.125000,-0.018901,0.094518,9.799526
24.155000,-0.018901,0.094518,9.799526
24.190000,-0.018901,0.094518,9.799526
24.220000,-0.018901,0.094518,9.799526
24.255000,-0.018901,0.094518,9.799526
24.290000,-0.018901,0.094518,9.799526
24.320000,-0.018901,0.094518,9.799526
24.355000,-0.018901,0.094518,9.799526
24.385000,-0.018901,0.094518,9.799526
24.420000,-0.018901,0.094518,9.799526
24.455000,-0.018901,0.094518,9.799526
24.485000,-0.018901,0.094518,9.799526
24.520000,-0.018901,0.094518,9.799526
24.550000,-0.018901,0.094518,9.799526
24.585000,-0.018901,0.094518,9.799526
24.620000,-0.018901,0.094518,9.799526
24.650000,-0.018901,0.094518,9.799526
24.685000,-0.018901,0.094518,9.799526
24.715000,-0.018901,0.094518,9.799526
24.750000,-0.018901,0.094518,9.799526
24.785000,-0.018901,0.094518,9.799526
24.815000,-0.018901,0.094518,9.799526
24.850000,-0.018901,0.094518,9.799526
24.880000,-0.018901,0.094518,9.799526
24.915000,-0.018901,0.094518,9.799526
24.950000,-0.018901,0.094518,9.799526
24.980000,-0.018901,0.094518,9.799526
25.015000,-0.018901,0.094518,9.799526
25.045000,-0.018901,0.094518,9.799526
25.080000,-0.018901,0.094518,9.799526
25.115000,-0.018901,0.094518,9.799526
25.145000,-0.018901,0.094518,9.799526
25.180000,-0.018901,0.094518,9.799526
25.210000,-0.018901,0.094518,9.799526
25.245000,-0.018901,0.094518,9.799526
25.280000,-0.018901,0.094518,9.799526
25.310000,-0.018901,0.094518,9.799526
25.345000,-0.018901,0.094518,9.799526
25.375000,-0.018901,0.094518,9.799526
25.410000,-0.018901,0.094518,9.799526
25.445000,-0.018901,0.094518,9.799526
25.475000,-0.018901,0.094518,9.799526
25.510000,-0.018901,0.094518,9.799526
25.540000,-0.018901,0.094518,9.799526
25.575000,-0.018901,0.094518,9.799526
25.610000,-0.018901,0.094518,9.799526
25.640000,-0.018901,0.094518,9.799526
25.675000,-0.018901,0.094518,9.799526
25.705000,-0.018901,0.094518,9.799526
25.740000,-0.018967,0.094530,9.799526
25.775000,-0.018901,0.094518,9.799526
25.805000,-0.018901,0.094518,9.799526
25.840000,-0.018906,0.094519,9.799526
25.870000,-0.018901,0.094518,9.799526
25.905000,-0.018901,0.094518,9.799526
25.940000,-0.018901,0.094518,9.799526
25.970000,-0.018901,0.094518,9.799526
26.005000,-0.018901,0.094518,9.799526
26.035000,-0.018902,0.094518,9.799526
26.070000,-0.018901,0.094518,9.799526
26.105000,-0.018901,0.094518,9.799526
26.135000,-0.018901,0.094518,9.799526
26.170000,-0.018908,0.094519,9.799526
26.200000,-0.018901,0.094518,9.799526
26.235000,-0.018901,0.094518,9.799526
26.270000,-0.018934,0.094524,9.799526
26.300000,-0.018901,0.094518,9.799526
26.335000,-0.018901,0.094518,9.799526
26.365000,-0.018832,0.094504,9.799526
26.400000,-0.018901,0.094518,9.799526
26.435000,-0.018901,0.094518,9.799526
26.465000,-0.018832,0.094504,9.799526
26.500000,-0.018901,0.094518,9.799526
26.530000,-0.018901,0.094518,9.799526
26.565000,-0.018846,0.094507,9.799526
26.600000,-0.018901,0.094518,9.799526
26.630000,-0.018901,0.094518,9.799526
26.665000,-0.018856,0.094509,9.799526
26.695000,-0.018901,0.094518,9.799526
26.730000,-0.018901,0.094518,9.799526
26.765000,-0.018865,0.094511,9.799526
26.795000,-0.018901,0.094518,9.799526
26.830000,-0.018901,0.094518,9.799526
26.860000,-0.018901,0.094518,9.799526
26.895000,-0.018901,0.094518,9.799526
26.930000,-0.018901,0.094518,9.799526
26.960000,-0.018901,0.094518,9.799526
26.995000,-0.018901,0.094518,9.799526
27.025000,-0.018902,0.094518,9.799526
27.060000,-0.018901,0.094518,9.799526
27.095000,-0.018901,0.094518,9.799526
27.125000,-0.018901,0.094518,9.799526
27.160000,-0.018901,0.094518,9.799526
27.190000,-0.018901,0.094518,9.799526
27.225000,-0.018901,0.094518,9.799526
27.260000,-0.018901,0.094518,9.799526
27.290000,-0.018901,0.094518,9.799526
27.325000,-0.018901,0.094518,9.799526
27.355000,-0.018901,0.094518,9.799526
27.390000,-0.018901,0.094518,9.799526
27.425000,-0.018901,0.094518,9.799526
27.455000,-0.018901,0.094518,9.799526
27.490000,-0.018901,0.094518,9.799526
27.520000,-0.018909,0.094519,9.799526
27.555000,-0.018901,0.094518,9.799526
27.590000,-0.018901,0.094518,9.799526
27.620000,-0.018907,0.094519,9.799526
27.655000,-0.018901,0.094518,9.799526
27.685000,-0.018901,0.094518,9.799526
27.720000,-0.018906,0.094519,9.799526
27.755000,-0.018901,0.094518,9.799526
27.785000,-0.018901,0.094518,9.799526
27.820000,-0.018905,0.094519,9.799526
27.850000,-0.018901,0.094518,9.799526
27.885000,-0.018901,0.094518,9.799526
27.920000,-0.018905,0.094518,9.799526
27.950000,-0.018901,0.094518,9.799526
27.985000,-0.018901,0.094518,9.799526
28.015000,-0.018899,0.094517,9.799526
28.050000,-0.018901,0.094518,9.799526
28.085000,-0.018901,0.094518,9.799526
28.115000,-0.018899,0.094517,9.799526
28.150000,-0.018901,0.094518,9.799526
28.180000,-0.018901,0.094518,9.799526
28.215000,-0.018900,0.094517,9.799526
28.250000,-0.018901,0.094518,9.799526
28.280000,-0.018901,0.094518,9.799526
28.315000,-0.018900,0.094517,9.799526
28.345000,-0.018901,0.094518,9.799526
28.380000,-0.018901,0.094518,9.799526
28.415000,-0.018900,0.094518,9.799526
28.445000,-0.018901,0.094518,9.799526
28.480000,-0.018901,0.094518,9.799526
28.510000,-0.018901,0.094518,9.799526
28.545000,-0.018901,0.094518,9.799526
28.580000,-0.018901,0.094518,9.799526
28.610000,-0.018901,0.094518,9.799526
28.645000,-0.018901,0.094518,9.799526
28.675000,-0.018901,0.094518,9.799526
28.710000,-0.018901,0.094518,9.799526
28.745000,-0.018901,0.094518,9.799526
28.775000,-0.018901,0.094518,9.799526
28.810000,-0.018901,0.094518,9.799526
28.840000,-0.018901,0.094518,9.799526
28.875000,-0.018901,0.094518,9.799526
28.910000,-0.018901,0.094518,9.799526
28.940000,-0.018901,0.094518,9.799526
28.975000,-0.018901,0.094518,9.799526
29.005000,-0.018901,0.094518,9.799526
29.040000,-0.018901,0.094518,9.799526
29.075000,-0.018901,0.094518,9.799526
29.105000,-0.018901,0.094518,9.799526
29.140000,-0.018901,0.094518,9.799526
29.170000,-0.018902,0.094518,9.799526
29.205000,-0.018901,0.094518,9.799526
29.240000,-0.018901,0.094518,9.799526
29.270000,-0.018902,0.094518,9.799526
29.305000,-0.018901,0.094518,9.799526
29.335000,-0.018901,0.094518,9.799526
29.370000,-0.018901,0.094518,9.799526
29.405000,-0.018901,0.094518,9.799526
29.435000,-0.018901,0.094518,9.799526
29.470000,-0.018901,0.094518,9.799526
29.500000,-0.018901,0.094518,9.799526
29.535000,-0.018901,0.094518,9.799526
29.570000,-0.018901,0.094518,9.799526
29.600000,-0.018901,0.094518,9.799526
29.635000,-0.018901,0.094518,9.799526
29.665000,-0.018901,0.094518,9.799526
29.700000,-0.018901,0.094518,9.799526
29.735000,-0.018901,0.094518,9.799526
29.765000,-0.018901,0.094518,9.799526
29.800000,-0.018901,0.094518,9.799526
29.830000,-0.018901,0.094518,9.799526
29.865000,-0.018901,0.094518,9.799526
29.900000,-0.018901,0.094518,9.799526
29.930000,-0.018901,0.094518,9.799526
29.965000,-0.018901,0.094518,9.799526
29.995000,-0.018901,0.094518,9.799526
30.030000,-0.018901,0.094518,9.799526
30.065000,-0.018901,0.094518,9.799526
30.095000,-0.018901,0.094518,9.799526
30.130000,-0.018901,0.094518,9.799526
30.160000,-0.018901,0.094518,9.799526
30.195000,-0.018901,0.094518,9.799526
30.230000,-0.018901,0.094518,9.799526
30.260000,-0.018901,0.094518,9.799526
30.295000,-0.018901,0.094518,9.799526
30.325000,-0.018901,0.094518,9.799526
30.360000,-0.018901,0.094518,9.799526
30.395000,-0.018901,0.094518,9.799526
30.425000,-0.018901,0.094518,9.799526
30.460000,-0.018901,0.094518,9.799526
30.490000,-0.018901,0.094518,9.799526
30.525000,-0.018901,0.094518,9.799526
30.560000,-0.018901,0.094518,9.799526
30.590000,-0.018901,0.094518,9.799526
30.625000,-0.018901,0.094518,9.799526
30.655000,-0.018901,0.094518,9.799526
30.690000,-0.018901,0.094518,9.799526
30.725000,-0.018901,0.094518,9.799526
30.755000,-0.018901,0.094518,9.799526
30.790000,-0.018901,0.094518,9.799526
30.820000,-0.018901,0.094518,9.799526
30.855000,-0.018901,0.094518,9.799526
30.890000,-0.018901,0.094518,9.799526
30.920000,-0.018901,0.094518,9.799526
30.955000,-0.018901,0.094518,9.799526
30.985000,-0.018901,0.094518,9.799526
31.020000,-0.018901,0.094518,9.799526
31.055000,-0.018901,0.094518,9.799526
31.085000,-0.018901,0.094518,9.799526
31.120000,-0.018901,0.094518,9.799526
31.150000,-0.018901,0.094518,9.799526
31.185000,-0.018901,0.094518,9.799526
31.220000,-0.018901,0.094518,9.799526
31.250000,-0.018901,0.094518,9.799526
31.285000,-0.018901,0.094518,9.799526
31.315000,-0.018901,0.094518,9.799526
31.350000,-0.018901,0.094518,9.799526
31.385000,-0.018901,0.094518,9.799526
31.415000,-0.018901,0.094518,9.799526
31.450000,-0.018901,0.094518,9.799526
31.480000,-0.018901,0.094518,9.799526
31.515000,-0.018901,0.094518,9.799526
31.550000,-0.018901,0.094518,9.799526
31.580000,-0.018901,0.094518,9.799526
31.615000,-0.018901,0.094518,9.799526
31.645000,-0.018901,0.094518,9.799526
31.680000,-0.018901,0.094518,9.799526
31.715000,-0.018901,0.094518,9.799526
31.745000,-0.018901,0.094518,9.799526
31.780000,-0.018901,0.094518,9.799526
31.810000,-0.018901,0.094518,9.799526
31.845000,-0.018901,0.094518,9.799526
31.880000,-0.018901,0.094518,9.799526
31.910000,-0.018901,0.094518,9.799526
31.945000,-0.018901,0.094518,9.799526
31.975000,-0.018901,0.094518,9.799526
32.010000,-0.018901,0.094518,9.799526
32.045000,-0.018901,0.094518,9.799526
32.075000,-0.018901,0.094518,9.799526
32.110000,-0.018901,0.094518,9.799526
32.140000,-0.018901,0.094518,9.799526
32.175000,-0.018901,0.094518,9.799526
32.210000,-0.018901,0.094518,9.799526
32.240000,-0.018901,0.094518,9.799526
32.275000,-0.018901,0.094518,9.799526
32.305000,-0.018901,0.094518,9.799526
32.340000,-0.018901,0.094518,9.799526
32.375000,-0.018901,0.094518,9.799526
32.405000,-0.018901,0.094518,9.799526
32.440000,-0.018901,0.094518,9.799526
32.470000,-0.018901,0.094518,9.799526
32.505000,-0.018901,0.094518,9.799526
32.540000,-0.018901,0.094518,9.799526
32.570000,-0.018901,0.094518,9.799526
32.605000,-0.018901,0.094518,9.799526
32.635000,-0.018901,0.094518,9.799526
32.670000,-0.018901,0.094518,9.799526
32.705000,-0.018901,0.094518,9.799526
32.735000,-0.018901,0.094518,9.799526
32.770000,-0.018901,0.094518,9.799526
32.800000,-0.018901,0.094518,9.799526
32.835000,-0.018901,0.094518,9.799526
32.870000,-0.018901,0.094518,9.799526
32.900000,-0.018901,0.094518,9.799526
32.935000,-0.018901,0.094518,9.799526
32.965000,-0.018901,0.094518,9.799526
33.000000,-0.018901,0.094518,9.799526
33.035000,-0.018901,0.094518,9.799526
33.065000,-0.018901,0.094518,9.799526
33.100000,-0.018901,0.094518,9.799526
33.130000,-0.018901,0.094518,9.799526
33.165000,-0.018901,0.094518,9.799526
33.200000,-0.018901,0.094518,9.799526
33.230000,-0.018901,0.094518,9.799526
33.265000,-0.018901,0.094518,9.799526
33.295000,-0.018901,0.094518,9.799526
33.330000,-0.018901,0.094518,9.799526
33.365000,-0.018901,0.094518,9.799526
33.395000,-0.018901,0.094518,9.799526
33.430000,-0.018901,0.094518,9.799526
33.460000,-0.018901,0.094518,9.799526
33.495000,-0.018901,0.094518,9.799526
33.530000,-0.018901,0.094518,9.799526
33.560000,-0.018901,0.094518,9.799526
33.595000,-0.018901,0.094518,9.799526
33.625000,-0.018901,0.094518,9.799526
33.660000,-0.018901,0.094518,9.799526
33.695000,-0.018901,0.094518,9.799526
33.725000,-0.018901,0.094518,9.799526
33.760000,-0.018901,0.094518,9.799526
33.790000,-0.018901,0.094518,9.799526
33.825000,-0.018901,0.094518,9.799526
33.860000,-0.018901,0.094518,9.799526
33.890000,-0.018901,0.094518,9.799526
33.925000,-0.018901,0.094518,9.799526
33.955000,-0.018901,0.094518,9.799526
33.990000,-0.018901,0.094518,9.799526
34.025000,-0.018901,0.094518,9.799526
34.055000,-0.018901,0.094518,9.799526
34.090000,-0.018901,0.094518,9.799526
34.120000,-0.018901,0.094518,9.799526
34.155000,-0.018901,0.094518,9.799526
34.190000,-0.018901,0.094518,9.799526
34.220000,-0.018901,0.094518,9.799526
34.255000,-0.018901,0.094518,9.799526
34.285000,-0.018901,0.094518,9.799526
34.320000,-0.018901,0.094518,9.799526
34.355000,-0.018901,0.094518,9.799526
34.385000,-0.018901,0.094518,9.799526
34.420000,-0.018901,0.094518,9.799526
34.450000,-0.018901,0.094518,9.799526
34.485000,-0.018901,0.094518,9.799526
34.520000,-0.018901,0.094518,9.799526
34.550000,-0.018901,0.094518,9.799526
34.585000,-0.018901,0.094518,9.799526
34.615000,-0.018901,0.094518,9.799526
34.650000,-0.018901,0.094518,9.799526
34.685000,-0.018901,0.094518,9.799526
34.715000,-0.018905,0.094520,9.799527
34.750000,-0.018901,0.094518,9.799526
34.780000,-0.018901,0.094518,9.799526
34.815000,-0.018909,0.094522,9.799528
34.850000,-0.018901,0.094518,9.799526
34.880000,-0.018901,0.094518,9.799526
34.915000,-0.018913,0.094524,9.799529
34.945000,-0.018901,0.094518,9.799526
34.980000,-0.018901,0.094518,9.799526
35.015000,-0.018916,0.094525,9.799529
35.045000,-0.018901,0.094518,9.799526
35.080000,-0.018901,0.094518,9.799526
35.110000,-0.018901,0.094518,9.799526
35.145000,-0.018901,0.094518,9.799526
35.180000,-0.018901,0.094518,9.799526
35.210000,-0.018901,0.094518,9.799526
35.245000,-0.018901,0.094518,9.799526
35.275000,-0.018901,0.094518,9.799526
35.310000,-0.018901,0.094518,9.799526
35.345000,-0.018901,0.094518,9.799526
35.375000,-0.018901,0.094518,9.799526
35.410000,-0.018901,0.094518,9.799526
35.440000,-0.018901,0.094518,9.799526
35.475000,-0.018901,0.094518,9.799526
35.510000,-0.018901,0.094518,9.799526
35.540000,-0.018901,0.094518,9.799526
35.575000,-0.018901,0.094518,9.799526
35.605000,-0.018901,0.094518,9.799526
35.640000,-0.018901,0.094518,9.799526
35.675000,-0.018901,0.094518,9.799526
35.705000,-0.018901,0.094518,9.799526
35.740000,-0.018901,0.094518,9.799526
35.770000,-0.018897,0.094515,9.799525
35.805000,-0.018901,0.094518,9.799526
35.840000,-0.018901,0.094518,9.799526
35.870000,-0.018898,0.094516,9.799525
35.905000,-0.018901,0.094518,9.799526
35.935000,-0.018901,0.094518,9.799526
35.970000,-0.018898,0.094516,9.799525
36.005000,-0.018901,0.094518,9.799526
36.035000,-0.018901,0.094518,9.799526
36.070000,-0.018899,0.094517,9.799525
36.100000,-0.018901,0.094518,9.799526
36.135000,-0.018901,0.094518,9.799526
36.170000,-0.018899,0.094517,9.799525
36.200000,-0.018901,0.094518,9.799526
36.235000,-0.018901,0.094518,9.799526
36.265000,-0.018903,0.094519,9.799526
36.300000,-0.018901,0.094518,9.799526
36.335000,-0.018901,0.094518,9.799526
36.365000,-0.018903,0.094518,9.799526
36.400000,-0.018901,0.094518,9.799526
36.430000,-0.018901,0.094518,9.799526
36.465000,-0.018903,0.094518,9.799526
36.500000,-0.018901,0.094518,9.799526
36.530000,-0.018901,0.094518,9.799526
36.565000,-0.018902,0.094518,9.799526
36.595000,-0.018901,0.094518,9.799526
36.630000,-0.018901,0.094518,9.799526
36.665000,-0.018902,0.094518,9.799526
36.695000,-0.018902,0.094518,9.799526
36.730000,-0.018902,0.094518,9.799526
36.760000,-0.018902,0.094518,9.799526
36.795000,-0.018902,0.094518,9.799526
36.830000,-0.018902,0.094518,9.799526
36.860000,-0.018902,0.094518,9.799526
36.895000,-0.018902,0.094518,9.799526
36.925000,-0.018902,0.094518,9.799526
36.960000,-0.018902,0.094518,9.799526
36.995000,-0.018902,0.094518,9.799526
37.025000,-0.018902,0.094518,9.799526
37.060000,-0.018902,0.094518,9.799526
37.090000,-0.018902,0.094518,9.799526
37.125000,-0.018902,0.094518,9.799526
37.160000,-0.018902,0.094518,9.799526
37.190000,-0.018902,0.094518,9.799526
37.225000,-0.018902,0.094518,9.799526
37.255000,-0.018902,0.094518,9.799526
37.290000,-0.018902,0.094518,9.799526
37.325000,-0.018902,0.094518,9.799526
37.355000,-0.018902,0.094518,9.799526
37.390000,-0.018902,0.094518,9.799526
37.420000,-0.018901,0.094518,9.799526
37.455000,-0.018902,0.094518,9.799526
37.490000,-0.018902,0.094518,9.799526
37.520000,-0.018901,0.094518,9.799526
37.555000,-0.018902,0.094518,9.799526
37.585000,-0.018902,0.094518,9.799526
37.620000,-0.018901,0.094518,9.799526
37.655000,-0.018902,0.094518,9.799526
37.685000,-0.018902,0.094518,9.799526
37.720000,-0.018901,0.094518,9.799526
37.750000,-0.018902,0.094518,9.799526
37.785000,-0.018902,0.094518,9.799526
37.820000,-0.018901,0.094518,9.799526
37.850000,-0.018902,0.094518,9.799526
37.885000,-0.018902,0.094518,9.799526
37.915000,-0.018902,0.094518,9.799526
37.950000,-0.018902,0.094518,9.799526
37.985000,-0.018902,0.094518,9.799526
38.015000,-0.018902,0.094518,9.799526
38.050000,-0.018902,0.094518,9.799526
38.080000,-0.018902,0.094518,9.799526
38.115000,-0.018902,0.094518,9.799526
38.150000,-0.018902,0.094518,9.799526
38.180000,-0.018902,0.094518,9.799526
38.215000,-0.018902,0.094518,9.799526
38.245000,-0.018902,0.094518,9.799526
38.280000,-0.018902,0.094518,9.799526
38.315000,-0.018902,0.094518,9.799526
38.345000,-0.018902,0.094518,9.799526
38.380000,-0.018902,0.094518,9.799526
38.410000,-0.018902,0.094518,9.799526
38.445000,-0.018902,0.094518,9.799526
38.480000,-0.018902,0.094518,9.799526
38.510000,-0.018902,0.094518,9.799526
38.545000,-0.018902,0.094518,9.799526
38.575000,-0.018902,0.094518,9.799526
38.610000,-0.018902,0.094518,9.799526
38.645000,-0.018902,0.094518,9.799526
38.675000,-0.018902,0.094518,9.799526
38.710000,-0.018902,0.094518,9.799526
38.740000,-0.018902,0.094518,9.799526
38.775000,-0.018902,0.094518,9.799526
38.810000,-0.018902,0.094518,9.799526
38.840000,-0.018902,0.094518,9.799526
38.875000,-0.018902,0.094518,9.799526
38.905000,-0.018902,0.094518,9.799526
38.940000,-0.018902,0.094518,9.799526
38.975000,-0.018902,0.094518,9.799526
39.005000,-0.018902,0.094518,9.799526
39.040000,-0.018902,0.094518,9.799526
39.070000,-0.018902,0.094518,9.799526
39.105000,-0.018902,0.094518,9.799526
39.140000,-0.018902,0.094518,9.799526
39.170000,-0.018902,0.094518,9.799526
39.205000,-0.018902,0.094518,9.799526
39.235000,-0.018902,0.094518,9.799526
39.270000,-0.018902,0.094518,9.799526
39.305000,-0.018902,0.094518,9.799526
39.335000,-0.018902,0.094518,9.799526
39.370000,-0.018902,0.094518,9.799526
39.400000,-0.018902,0.094518,9.799526
39.435000,-0.018902,0.094518,9.799526
39.470000,-0.018901,0.094518,9.799526
39.500000,-0.018901,0.094518,9.799526
39.535000,-0.018901,0.094518,9.799526
39.565000,-0.018901,0.094518,9.799526
39.600000,-0.018901,0.094518,9.799526
39.635000,-0.018901,0.094518,9.799526
39.665000,-0.018901,0.094518,9.799526
39.700000,-0.018901,0.094518,9.799526
39.730000,-0.018901,0.094518,9.799526
39.765000,-0.018901,0.094518,9.799526
39.800000,-0.018901,0.094518,9.799526
39.830000,-0.018901,0.094518,9.799526
39.865000,-0.018900,0.094517,9.799526
39.895000,-0.018901,0.094518,9.799526
39.930000,-0.018901,0.094518,9.799526
39.965000,-0.018895,0.094515,9.799525
39.995000,-0.018901,0.094518,9.799526
40.030000,-0.018901,0.094518,9.799526
40.060000,-0.018901,0.094518,9.799526
40.095000,-0.018901,0.094518,9.799526
40.130000,-0.018901,0.094518,9.799526
40.160000,-0.018901,0.094518,9.799526
40.195000,-0.018901,0.094518,9.799526
40.225000,-0.018902,0.094518,9.799526
40.260000,-0.018901,0.094518,9.799526
40.295000,-0.018901,0.094518,9.799526
40.325000,-0.018902,0.094518,9.799526
40.360000,-0.018901,0.094518,9.799526
40.390000,-0.018901,0.094518,9.799526
40.425000,-0.018902,0.094518,9.799526
40.460000,-0.018901,0.094518,9.799526
40.490000,-0.018901,0.094518,9.799526
40.525000,-0.018902,0.094518,9.799526
40.555000,-0.018901,0.094518,9.799526
40.590000,-0.018901,0.094518,9.799526
40.625000,-0.018901,0.094518,9.799526
40.655000,-0.018901,0.094518,9.799526
40.690000,-0.018901,0.094518,9.799526
40.720000,-0.018910,0.094522,9.799528
40.755000,-0.018901,0.094518,9.799526
40.790000,-0.018901,0.094518,9.799526
40.820000,-0.018908,0.094521,9.799527
40.855000,-0.018901,0.094518,9.799526
40.885000,-0.018901,0.094518,9.799526
40.920000,-0.018907,0.094520,9.799527
40.955000,-0.018901,0.094518,9.799526
40.985000,-0.018901,0.094518,9.799526
41.020000,-0.018906,0.094520,9.799527
41.050000,-0.018901,0.094518,9.799526
41.085000,-0.018901,0.094518,9.799526
41.120000,-0.018905,0.094519,9.799527
41.150000,-0.018901,0.094518,9.799526
41.185000,-0.018901,0.094518,9.799526
41.215000,-0.018898,0.094516,9.799525
41.250000,-0.018901,0.094518,9.799526
41.285000,-0.018901,0.094518,9.799526
41.315000,-0.018899,0.094517,9.799525
41.350000,-0.018901,0.094518,9.799526
41.380000,-0.018901,0.094518,9.799526
41.415000,-0.018899,0.094517,9.799526
41.450000,-0.018901,0.094518,9.799526
41.480000,-0.018901,0.094518,9.799526
41.515000,-0.018900,0.094517,9.799526
41.545000,-0.018901,0.094518,9.799526
41.580000,-0.018901,0.094518,9.799526
41.615000,-0.018900,0.094517,9.799526
41.645000,-0.018901,0.094518,9.799526
41.680000,-0.018901,0.094518,9.799526
41.710000,-0.018901,0.094518,9.799526
41.745000,-0.018901,0.094518,9.799526
41.780000,-0.018901,0.094518,9.799526
41.810000,-0.018901,0.094518,9.799526
41.845000,-0.018901,0.094518,9.799526
41.875000,-0.018901,0.094518,9.799526
41.910000,-0.018901,0.094518,9.799526
41.945000,-0.018901,0.094518,9.799526
41.975000,-0.018901,0.094518,9.799526
42.010000,-0.018901,0.094518,9.799526
42.040000,-0.018901,0.094518,9.799526
42.075000,-0.018901,0.094518,9.799526
42.110000,-0.018901,0.094518,9.799526
42.140000,-0.018901,0.094518,9.799526
42.175000,-0.018901,0.094518,9.799526
42.205000,-0.018901,0.094518,9.799526
42.240000,-0.018901,0.094518,9.799526
42.275000,-0.018901,0.094518,9.799526
42.305000,-0.018901,0.094518,9.799526
42.340000,-0.018901,0.094518,9.799526
42.370000,-0.018902,0.094518,9.799526
42.405000,-0.018901,0.094518,9.799526
42.440000,-0.018901,0.094518,9.799526
42.470000,-0.018902,0.094518,9.799526
42.505000,-0.018901,0.094518,9.799526
42.535000,-0.018901,0.094518,9.799526
42.570000,-0.018902,0.094518,9.799526
42.605000,-0.018901,0.094518,9.799526
42.635000,-0.018901,0.094518,9.799526
42.670000,-0.018902,0.094518,9.799526
42.700000,-0.018901,0.094518,9.799526
42.735000,-0.018901,0.094518,9.799526
42.770000,-0.018901,0.094518,9.799526
42.800000,-0.018901,0.094518,9.799526
42.835000,-0.018901,0.094518,9.799526
42.865000,-0.018901,0.094518,9.799526
42.900000,-0.018901,0.094518,9.799526
42.935000,-0.018901,0.094518,9.799526
42.965000,-0.018901,0.094518,9.799526
43.000000,-0.018901,0.094518,9.799526
43.030000,-0.018901,0.094518,9.799526
43.065000,-0.018901,0.094518,9.799526
43.100000,-0.018901,0.094518,9.799526
43.130000,-0.018901,0.094518,9.799526
43.165000,-0.018901,0.094518,9.799526
43.195000,-0.018901,0.094518,9.799526
43.230000,-0.018901,0.094518,9.799526
43.265000,-0.018901,0.094518,9.799526
43.295000,-0.018901,0.094518,9.799526
43.330000,-0.018901,0.094518,9.799526
43.360000,-0.018901,0.094518,9.799526
43.395000,-0.018901,0.094518,9.799526
43.430000,-0.018901,0.094518,9.799526
43.460000,-0.018901,0.094518,9.799526
43.495000,-0.018901,0.094518,9.799526
43.525000,-0.018901,0.094518,9.799526
43.560000,-0.018901,0.094518,9.799526
43.595000,-0.018901,0.094518,9.799526
43.625000,-0.018901,0.094518,9.799526
43.660000,-0.018901,0.094518,9.799526
43.690000,-0.018901,0.094518,9.799526
43.725000,-0.018901,0.094518,9.799526
43.760000,-0.018901,0.094518,9.799526
43.790000,-0.018901,0.094518,9.799526
43.825000,-0.018901,0.094518,9.799526
43.855000,-0.018901,0.094518,9.799526
43.890000,-0.018901,0.094518,9.799526
43.925000,-0.018901,0.094518,9.799526
43.955000,-0.018901,0.094518,9.799526
43.990000,-0.018901,0.094518,9.799526
44.020000,-0.018901,0.094518,9.799526
44.055000,-0.018901,0.094518,9.799526
44.090000,-0.018901,0.094518,9.799526
44.120000,-0.018901,0.094518,9.799526
44.155000,-0.018901,0.094518,9.799526
44.185000,-0.018901,0.094518,9.799526
44.220000,-0.018901,0.094518,9.799526
44.255000,-0.018901,0.094518,9.799526
44.285000,-0.018901,0.094518,9.799526
44.320000,-0.018901,0.094518,9.799526
44.350000,-0.018901,0.094518,9.799526
44.385000,-0.018901,0.094518,9.799526
44.420000,-0.018901,0.094518,9.799526
44.450000,-0.018901,0.094518,9.799526
44.485000,-0.018901,0.094518,9.799526
44.515000,-0.018901,0.094518,9.799526
44.550000,-0.018901,0.094518,9.799526
44.585000,-0.018901,0.094518,9.799526
44.615000,-0.018901,0.094518,9.799526
44.650000,-0.018901,0.094518,9.799526
44.680000,-0.018901,0.094518,9.799526
44.715000,-0.018901,0.094518,9.799526
44.750000,-0.018901,0.094518,9.799526
44.780000,-0.018901,0.094518,9.799526
44.815000,-0.018901,0.094518,9.799526
44.845000,-0.018901,0.094518,9.799526
44.880000,-0.018901,0.094518,9.799526
44.915000,-0.018901,0.094518,9.799526
44.945000,-0.018901,0.094518,9.799526
44.980000,-0.018901,0.094518,9.799526
45.010000,-0.018901,0.094518,9.799526
45.045000,-0.018901,0.094518,9.799526
45.080000,-0.018901,0.094518,9.799526
45.110000,-0.018901,0.094518,9.799526
45.145000,-0.018901,0.094518,9.799526
45.175000,-0.018901,0.094518,9.799526
45.210000,-0.018901,0.094518,9.799526
45.245000,-0.018901,0.094518,9.799526
45.275000,-0.018901,0.094518,9.799526
45.310000,-0.018901,0.094518,9.799526
45.340000,-0.018901,0.094518,9.799526
45.375000,-0.018901,0.094518,9.799526
45.410000,-0.018901,0.094518,9.799526
45.440000,-0.018901,0.094518,9.799526
45.475000,-0.018901,0.094518,9.799526
45.505000,-0.018901,0.094518,9.799526
45.540000,-0.018901,0.094518,9.799526
45.575000,-0.018901,0.094518,9.799526
45.605000,-0.018901,0.094518,9.799526
45.640000,-0.018901,0.094518,9.799526
45.670000,-0.018901,0.094518,9.799526
45.705000,-0.018901,0.094518,9.799526
45.740000,-0.018901,0.094518,9.799526
45.770000,-0.018901,0.094518,9.799526
45.805000,-0.018901,0.094518,9.799526
45.835000,-0.018901,0.094518,9.799526
45.870000,-0.018901,0.094518,9.799526
45.905000,-0.018901,0.094518,9.799526
45.935000,-0.018901,0.094518,9.799526
45.970000,-0.018901,0.094518,9.799526
46.000000,-0.018901,0.094518,9.799526
46.035000,-0.018901,0.094518,9.799526
46.070000,-0.018901,0.094518,9.799526
46.100000,-0.018901,0.094518,9.799526
46.135000,-0.018901,0.094518,9.799526
46.165000,-0.018901,0.094518,9.799526
46.200000,-0.018901,0.094518,9.799526
46.235000,-0.018901,0.094518,9.799526
46.265000,-0.018901,0.094518,9.799526
46.300000,-0.018901,0.094518,9.799526
46.330000,-0.018901,0.094518,9.799526
46.365000,-0.018901,0.094518,9.799526
46.400000,-0.018901,0.094518,9.799526
46.430000,-0.018901,0.094518,9.799526
46.465000,-0.018901,0.094518,9.799526
46.495000,-0.018901,0.094518,9.799526
46.530000,-0.018901,0.094518,9.799526
46.565000,-0.018901,0.094518,9.799526
46.595000,-0.018901,0.094518,9.799526
46.630000,-0.018901,0.094518,9.799526
46.660000,-0.018901,0.094518,9.799526
46.695000,-0.018901,0.094518,9.799526
46.730000,-0.018901,0.094518,9.799526
46.760000,-0.018901,0.094518,9.799526
46.795000,-0.018901,0.094518,9.799526
46.825000,-0.018901,0.094518,9.799526
46.860000,-0.018901,0.094518,9.799526
46.895000,-0.018901,0.094518,9.799526
46.925000,-0.018901,0.094518,9.799526
46.960000,-0.018901,0.094518,9.799526
46.990000,-0.018901,0.094518,9.799526
47.025000,-0.018901,0.094518,9.799526
47.060000,-0.018901,0.094518,9.799526
47.090000,-0.018901,0.094518,9.799526
47.125000,-0.018901,0.094518,9.799526
47.155000,-0.018901,0.094518,9.799526
47.190000,-0.018901,0.094518,9.799526
47.225000,-0.018901,0.094518,9.799526
47.255000,-0.018901,0.094518,9.799526
47.290000,-0.018901,0.094518,9.799526
47.320000,-0.018901,0.094518,9.799526
47.355000,-0.018901,0.094518,9.799526
47.390000,-0.018901,0.094518,9.799526
47.420000,-0.018901,0.094518,9.799526
47.455000,-0.018901,0.094518,9.799526
47.485000,-0.018901,0.094518,9.799526
47.520000,-0.018901,0.094518,9.799526
47.555000,-0.018901,0.094518,9.799526
47.585000,-0.018901,0.094518,9.799526
47.620000,-0.018901,0.094518,9.799526
47.650000,-0.018901,0.094518,9.799526
47.685000,-0.018901,0.094518,9.799526
47.720000,-0.018901,0.094518,9.799526
47.750000,-0.018901,0.094518,9.799526
47.785000,-0.018901,0.094518,9.799526
47.815000,-0.018901,0.094518,9.799526
47.850000,-0.018901,0.094518,9.799526
47.885000,-0.018901,0.094518,9.799526
47.915000,-0.018901,0.094518,9.799526
47.950000,-0.018901,0.094518,9.799526
47.980000,-0.018901,0.094518,9.799526
48.015000,-0.018901,0.094518,9.799526
48.050000,-0.018901,0.094518,9.799526
48.080000,-0.018901,0.094518,9.799526
48.115000,-0.018901,0.094518,9.799526
48.145000,-0.018901,0.094518,9.799526
48.180000,-0.018901,0.094518,9.799526
48.215000,-0.018901,0.094518,9.799526
48.245000,-0.018901,0.094518,9.799526
48.280000,-0.018901,0.094518,9.799526
48.310000,-0.018901,0.094518,9.799526
48.345000,-0.018901,0.094518,9.799526
48.380000,-0.018901,0.094518,9.799526
48.410000,-0.018901,0.094518,9.799526
48.445000,-0.018901,0.094518,9.799526
48.475000,-0.018901,0.094518,9.799526
48.510000,-0.018901,0.094518,9.799526
48.545000,-0.018901,0.094518,9.799526
48.575000,-0.018901,0.094518,9.799526
48.610000,-0.018901,0.094518,9.799526
48.640000,-0.018901,0.094518,9.799526
48.675000,-0.018901,0.094518,9.799526
48.710000,-0.018901,0.094518,9.799526
48.740000,-0.018901,0.094518,9.799526
48.775000,-0.018901,0.094518,9.799526
48.805000,-0.018901,0.094518,9.799526
48.840000,-0.018901,0.094518,9.799526
48.875000,-0.018901,0.094518,9.799526
48.905000,-0.018901,0.094518,9.799526
48.940000,-0.018901,0.094518,9.799526
48.970000,-0.018901,0.094518,9.799526
49.005000,-0.018901,0.094518,9.799526
49.040000,-0.018901,0.094518,9.799526
49.070000,-0.018901,0.094518,9.799526
49.105000,-0.018901,0.094518,9.799526
49.135000,-0.018901,0.094518,9.799526
49.170000,-0.018901,0.094518,9.799526
49.205000,-0.018901,0.094518,9.799526
49.235000,-0.018901,0.094518,9.799526
49.270000,-0.018901,0.094518,9.799526
49.300000,-0.018901,0.094518,9.799526
49.335000,-0.018901,0.094518,9.799526
49.370000,-0.018901,0.094518,9.799526
49.400000,-0.018901,0.094518,9.799526
49.435000,-0.018901,0.094518,9.799526
49.465000,-0.018901,0.094518,9.799526
49.500000,-0.018901,0.094518,9.799526
49.535000,-0.018901,0.094518,9.799526
49.565000,-0.018901,0.094518,9.799526
49.600000,-0.018901,0.094518,9.799526
49.630000,-0.018901,0.094518,9.799526
49.665000,-0.018901,0.094518,9.799526
49.700000,-0.018901,0.094518,9.799526
49.730000,-0.018901,0.094518,9.799526
49.765000,-0.018901,0.094518,9.799526
49.795000,-0.018901,0.094518,9.799526
49.830000,-0.018901,0.094518,9.799526
49.865000,-0.018901,0.094518,9.799526
49.895000,-0.018901,0.094518,9.799526
49.930000,-0.018901,0.094518,9.799526
49.960000,-0.018901,0.094518,9.799526
49.995000,-0.018901,0.094518,9.799526
50.030000,-0.018901,0.094518,9.799526
50.060000,-0.018901,0.094518,9.799526
50.095000,-0.018901,0.094518,9.799526
50.125000,-0.018901,0.094518,9.799526
50.160000,-0.018901,0.094518,9.799526
50.195000,-0.018901,0.094518,9.799526
50.225000,-0.018901,0.094518,9.799526
50.260000,-0.018901,0.094518,9.799526
50.290000,-0.018901,0.094518,9.799526
50.325000,-0.018901,0.094518,9.799526
50.360000,-0.018901,0.094518,9.799526
50.390000,-0.018901,0.094518,9.799526
50.425000,-0.018901,0.094518,9.799526
50.455000,-0.018901,0.094518,9.799526
50.490000,-0.018901,0.094518,9.799526
50.525000,-0.018901,0.094518,9.799526
50.555000,-0.018901,0.094518,9.799526
50.590000,-0.018901,0.094518,9.799526
50.620000,-0.018901,0.094518,9.799526
50.655000,-0.018901,0.094518,9.799526
50.690000,-0.018901,0.094518,9.799526
50.720000,-0.018901,0.094518,9.799526
50.755000,-0.018901,0.094518,9.799526
50.785000,-0.018901,0.094518,9.799526
50.820000,-0.018901,0.094518,9.799526
50.855000,-0.018901,0.094518,9.799526
50.885000,0.292749,1.541713,2.995551
50.920000,-0.144373,0.138781,9.706258
50.950000,-0.155136,0.042136,9.706657
50.985000,1.821867,-0.144383,9.703243
51.020000,1.018875,2.093133,5.561297
51.050000,2.534753,-0.452466,10.182132
51.085000,-3.885089,3.756078,13.947011
51.115000,-1.984724,1.554419,9.403260
51.150000,-0.196362,-0.384237,9.028643
51.185000,-1.697391,1.506632,8.866748
51.215000,-0.103005,-0.268114,8.850597
51.250000,-1.090285,3.846558,24.855017
51.280000,-0.109456,-0.170763,9.113906
51.315000,0.188295,-0.265870,9.501507
51.350000,0.076758,-0.208689,9.406660
51.380000,-1.585813,-1.133402,9.510142
51.415000,-0.384765,-0.962033,8.948474
51.445000,0.098141,-0.149080,9.645302
51.480000,0.141254,-0.125760,9.737906
51.515000,10.616669,5.606842,13.439245
51.545000,0.129458,-0.131434,9.787910
51.580000,0.129054,-0.131122,9.797477
51.610000,0.128633,-0.130653,9.797885
51.645000,0.128198,-0.129907,9.798262
51.680000,0.127727,-0.129098,9.798537
51.710000,0.127310,-0.128381,9.798699
51.745000,0.126769,-0.127448,9.798809
51.775000,0.126275,-0.126596,9.798838
51.810000,0.125680,-0.125568,9.798796
51.845000,0.125035,-0.124454,9.798673
51.875000,0.124454,-0.123448,9.798500
51.910000,0.123749,-0.122229,9.798216
51.940000,0.123107,-0.121117,9.797895
51.975000,0.122323,-0.119759,9.797421
52.010000,0.121502,-0.118336,9.796830
52.040000,0.120760,-0.117048,9.796213
52.075000,0.119852,-0.115474,9.795350
52.105000,-0.264722,1.714977,5.159860
52.140000,-1.726669,1.489296,9.151274
52.175000,0.120451,-0.116523,9.796035
52.205000,0.120550,-0.116706,9.796631
52.240000,0.120629,-0.116849,9.797197
52.270000,0.120678,-0.116911,9.797581
52.305000,0.120677,-0.116940,9.797922
52.340000,0.120649,-0.116895,9.798156
52.370000,0.120605,-0.116801,9.798276
52.405000,0.120501,-0.116644,9.798325
52.435000,0.120388,-0.116451,9.798290
52.470000,0.120229,-0.116160,9.798157
52.505000,0.120015,-0.115809,9.797921
52.535000,0.119805,-0.115446,9.797630
52.570000,0.119527,-0.114949,9.797178
52.600000,0.119240,-0.114467,9.796686
52.635000,0.118867,-0.113821,9.795972
52.670000,-1.712843,1.478535,9.156462
52.700000,0.132814,-0.138132,9.797702
52.735000,0.131095,-0.135136,9.798015
52.765000,0.133785,-0.139846,9.798135
52.800000,0.124157,-0.123056,9.798242
52.835000,0.124140,-0.123016,9.798144
52.865000,0.133576,-0.139486,9.797887
52.900000,0.123891,-0.122595,9.797596
52.930000,0.141162,-0.135907,9.798013
52.965000,0.134163,-0.140470,9.798073
53.000000,0.133656,-0.139583,9.798036
53.030000,-0.249702,0.305351,9.714811
53.065000,-0.018024,0.124576,9.799133
53.095000,-0.018024,0.124575,9.799136
53.130000,-0.018023,0.124574,9.799140
53.165000,-0.017974,0.124555,9.799145
53.195000,-0.018021,0.124571,9.799146
53.230000,-0.018053,0.124581,9.799148
53.260000,-0.018019,0.124568,9.799152
53.295000,-0.018018,0.124567,9.799155
53.330000,-0.018026,0.124569,9.799157
53.360000,-0.018017,0.124565,9.799159
53.395000,-0.018016,0.124564,9.799161
53.425000,-0.018051,0.124576,9.799162
53.460000,-0.018015,0.124563,9.799165
53.495000,-0.018014,0.124562,9.799167
53.525000,-0.018033,0.124568,9.799168
53.560000,-0.018013,0.124561,9.799170
53.590000,-0.018013,0.124560,9.799171
53.625000,-0.018020,0.124562,9.799173
53.660000,-0.018012,0.124559,9.799174
53.690000,-0.018012,0.124559,9.799175
53.725000,-0.018012,0.124558,9.799176
53.755000,-0.018011,0.124558,9.799177
53.790000,-0.018011,0.124557,9.799178
53.825000,-0.018011,0.124557,9.799179
53.855000,-0.018010,0.124557,9.799180
53.890000,-0.018010,0.124556,9.799181
53.920000,-0.018038,0.124566,9.799180
53.955000,-0.018009,0.124556,9.799182
53.990000,-0.018009,0.124555,9.799183
54.020000,1.287985,0.465528,9.783201
54.055000,1.084390,0.221879,9.802485
54.085000,2.238209,0.425158,12.000024
54.120000,1.709808,0.727167,9.603822
54.155000,1.733569,0.990153,9.575748
54.185000,1.657437,0.910093,9.425237
54.220000,0.412709,0.034244,9.602752
54.250000,0.418476,0.050940,9.601535
54.285000,0.132138,-0.144465,9.712399
54.320000,-5.285594,-3.392990,8.411831
54.350000,0.128620,-0.126669,9.775974
54.385000,0.137683,-0.140880,9.795182
54.415000,-1.742611,1.459866,9.143290
54.450000,0.139512,-0.143647,9.797206
54.485000,0.139629,-0.143843,9.797605
54.515000,0.139593,-0.143774,9.797829
54.550000,0.139625,-0.143823,9.797957
54.580000,0.139524,-0.143644,9.797957
54.615000,0.138975,-0.142689,9.797828
54.650000,0.130289,-0.127755,9.797632
54.680000,0.129988,-0.127234,9.797303
54.715000,0.146217,-0.139171,9.797860
54.745000,0.139242,-0.143184,9.797997
54.780000,-0.016855,0.122088,9.798983
54.815000,-0.012613,0.117899,9.799108
54.845000,-0.012598,0.117896,9.799118
54.880000,-0.012599,0.117904,9.799129
54.910000,-0.012599,0.117910,9.799138
54.945000,-0.012600,0.117917,9.799148
54.980000,-0.012600,0.117923,9.799157
55.010000,-0.012601,0.117928,9.799164
55.045000,-0.012601,0.117934,9.799172
55.075000,-0.012602,0.117938,9.799179
55.110000,-0.012602,0.117943,9.799186
55.145000,-0.012602,0.117947,9.799192
55.175000,0.407828,0.044587,9.773355
55.210000,0.409178,0.045919,9.773518
55.240000,1.232035,0.597584,-0.327236
55.275000,0.409429,0.050785,9.601976
55.310000,0.573869,0.048789,9.615527
55.340000,0.411452,0.022399,9.689912
55.375000,0.117337,-0.124018,9.775679
55.405000,-2.985010,0.193632,9.472096
55.440000,-1.712009,1.465896,9.155178
55.475000,0.132148,-0.148193,9.796763
55.505000,0.132384,-0.148615,9.797284
55.540000,0.132589,-0.148978,9.797758
55.570000,0.132702,-0.149180,9.798057
55.605000,0.132761,-0.149287,9.798290
55.640000,0.132741,-0.149257,9.798403
55.670000,0.132661,-0.149121,9.798408
55.705000,0.132495,-0.148833,9.798306
55.735000,0.123681,-0.133400,9.798190
55.770000,0.123008,-0.132328,9.797885
55.805000,0.122952,-0.132189,9.797454
55.835000,0.122571,-0.131527,9.796982
55.870000,-1.710105,1.464331,9.155736
55.900000,0.132302,-0.148486,9.797884
55.935000,0.132323,-0.148529,9.798159
55.970000,0.132262,-0.148429,9.798295
56.000000,0.131645,-0.147347,9.798309
56.035000,0.123250,-0.132705,9.798267
56.065000,0.119921,-0.126850,9.798106
56.100000,-1.707175,1.464377,9.152209
56.135000,0.131865,-0.147775,9.798277
56.165000,-0.018274,0.111434,9.799186
56.200000,-0.014051,0.106885,9.799361
56.230000,-0.014051,0.106885,9.799363
56.265000,-0.014077,0.106903,9.799366
56.300000,-0.014051,0.106886,9.799369
56.330000,-0.014052,0.106886,9.799371
56.365000,-0.014073,0.106900,9.799373
56.395000,-0.014052,0.106886,9.799376
56.430000,0.462966,0.075025,9.773066
56.465000,0.822429,0.110121,10.161760
56.495000,1.223019,0.596032,-0.324736
56.530000,0.463865,0.081405,9.601496
56.560000,0.466235,0.083989,9.601898
56.595000,0.469669,0.085064,9.708763
56.630000,0.653046,0.096611,9.767051
56.660000,-2.938996,0.234562,9.435199
56.695000,2.146741,0.981627,11.659804
56.725000,0.172799,-0.220149,9.794778
56.760000,0.172860,-0.220027,9.794900
56.795000,0.172819,-0.219728,9.794795
56.825000,0.172701,-0.219328,9.794522
56.860000,0.179231,-0.216588,9.794739
56.890000,0.173186,-0.219728,9.794758
56.925000,-0.012224,0.100735,9.799462
56.960000,-0.012220,0.100956,9.799461
56.990000,-0.012203,0.103400,9.798513
57.025000,-0.012199,0.103447,9.798576
57.055000,-0.012197,0.103484,9.798627
57.090000,-0.012194,0.103525,9.798682
57.125000,-0.012191,0.103563,9.798734
57.155000,-0.012189,0.103594,9.798775
57.190000,-0.012187,0.103627,9.798820
57.220000,-0.012187,0.103655,9.798856
57.255000,-0.012183,0.103683,9.798896
57.290000,-0.012181,0.103711,9.798933
57.320000,-0.012181,0.103733,9.798963
57.355000,-0.012177,0.103756,9.798995
57.385000,-0.012176,0.103776,9.799021
57.420000,-0.012176,0.103797,9.799050
57.455000,-0.012173,0.103816,9.799076
57.485000,0.649298,0.092149,9.767387
57.520000,0.647057,0.093453,9.703213
57.550000,0.083179,0.166704,9.712611
57.585000,-2.450076,0.700230,9.632674
57.620000,-0.135583,0.341656,9.447873
57.650000,-0.082351,-1.110873,14.207901
57.685000,-0.148653,-0.136716,9.601144
57.715000,-0.446908,-0.177604,9.583033
57.750000,-0.155156,0.194459,9.706210
57.785000,-0.163142,0.085699,9.770568
57.815000,-0.350545,-2.902481,9.070008
57.850000,3.958545,0.862435,10.355036
57.880000,-0.015521,0.095325,9.799376
57.915000,-0.015522,0.095320,9.799386
57.950000,-0.015521,0.095314,9.799395
57.980000,-0.015521,0.095309,9.799403
58.015000,-0.015346,0.095276,9.799411
58.045000,-0.015521,0.095300,9.799418
58.080000,-0.015521,0.095296,9.799425
58.115000,-0.015522,0.095292,9.799432
58.145000,-0.015521,0.095289,9.799437
58.180000,-0.015521,0.095285,9.799443
58.210000,-0.015521,0.095282,9.799448
58.245000,-0.015521,0.095279,9.799453
58.280000,-0.015521,0.095276,9.799458
58.310000,-0.015521,0.095274,9.799462
58.345000,-0.015521,0.095272,9.799466
58.375000,-0.015521,0.095270,9.799470
58.410000,-0.015521,0.095267,9.799474
58.445000,-0.015521,0.095265,9.799477
58.475000,-0.015521,0.095264,9.799480
58.510000,-0.015521,0.095262,9.799483
58.540000,-0.015521,0.095260,9.799485
58.575000,-0.015521,0.095259,9.799488
58.610000,-0.015521,0.095257,9.799491
58.640000,-0.015535,0.095258,9.799493
58.675000,-0.015521,0.095255,9.799495
58.705000,-0.015521,0.095254,9.799497
58.740000,-0.015521,0.095253,9.799498
58.775000,-0.015550,0.095256,9.799500
58.805000,-0.015521,0.095251,9.799502
58.840000,-0.015521,0.095250,9.799503
58.870000,-0.015520,0.095249,9.799505
58.905000,-0.015521,0.095248,9.799506
58.940000,-0.015521,0.095247,9.799507
58.970000,-0.015543,0.095250,9.799508
59.005000,-0.015521,0.095246,9.799509
59.035000,-0.015521,0.095245,9.799510
59.070000,-0.015565,0.095252,9.799511
59.105000,-0.015521,0.095244,9.799512
59.135000,-0.015521,0.095244,9.799513
59.170000,-0.015583,0.095254,9.799514
59.200000,-0.015521,0.095243,9.799514
59.235000,-0.015521,0.095243,9.799515
59.270000,-0.015581,0.095252,9.799516
59.300000,-0.015521,0.095242,9.799516
59.335000,-0.015521,0.095242,9.799517
59.365000,-0.015472,0.095233,9.799517
59.400000,-0.015521,0.095241,9.799518
59.435000,-0.015521,0.095241,9.799518
59.465000,-0.015482,0.095234,9.799519
59.500000,-0.015521,0.095240,9.799519
59.530000,-0.015521,0.095240,9.799520
59.565000,-0.015489,0.095234,9.799520
59.600000,-0.015521,0.095240,9.799520
59.630000,-0.015521,0.095239,9.799521
59.665000,-0.015495,0.095235,9.799521
59.695000,-0.015521,0.095239,9.799521
59.730000,-0.015521,0.095239,9.799521
59.765000,-0.015500,0.095235,9.799522
59.795000,-0.015521,0.095239,9.799522
59.830000,-0.015521,0.095239,9.799522
59.860000,-0.015521,0.095238,9.799522
59.895000,-0.015521,0.095238,9.799522
59.930000,-0.015521,0.095238,9.799523
59.960000,-0.015521,0.095238,9.799523
59.995000,-0.015521,0.095238,9.799523
60.025000,-0.015521,0.095238,9.799523
60.060000,-0.015521,0.095238,9.799523
60.095000,-0.015521,0.095238,9.799523
60.125000,-0.015521,0.095238,9.799523
60.160000,-0.015521,0.095238,9.799523
60.190000,-0.015521,0.095238,9.799524
60.225000,-0.015521,0.095238,9.799524
60.260000,-0.015521,0.095238,9.799524
60.290000,-0.015521,0.095237,9.799524
60.325000,-0.023706,-0.010095,9.778266
60.355000,0.814434,0.254255,13.160067
60.390000,-0.157055,-0.093234,9.707126
60.425000,-0.138056,-0.044125,9.600958
60.455000,-0.141310,-0.036714,9.600628
60.490000,-0.012041,-0.131845,9.457543
60.520000,-0.094191,-0.031616,9.602821
60.555000,-2.920400,0.215625,10.005941
60.590000,-0.136759,0.007894,9.714612
60.620000,-0.494681,-0.052312,14.092923
60.655000,-0.171221,-0.407743,9.776830
60.685000,0.166925,-0.206162,9.794002
60.720000,0.166365,-0.205159,9.794455
60.755000,0.165744,-0.204094,9.794689
60.785000,0.165128,-0.203020,9.794725
60.820000,0.164364,-0.201662,9.794573
60.850000,0.163644,-0.200436,9.794277
60.885000,-0.542642,4.297707,11.150313
60.920000,0.162623,-0.198579,9.794752
60.950000,0.162013,-0.197654,9.794774
60.985000,-0.012272,0.103377,9.799227
61.015000,-0.012245,0.103365,9.799241
61.050000,-0.012269,0.103395,9.799253
61.085000,-0.012267,0.103403,9.799266
61.115000,-0.012247,0.103393,9.799278
61.150000,-0.012265,0.103418,9.799288
61.180000,-0.012264,0.103424,9.799298
61.215000,-0.012248,0.103417,9.799309
61.250000,-0.012262,0.103436,9.799317
61.280000,-0.012261,0.103441,9.799325
61.315000,-0.012248,0.103436,9.799334
61.345000,-0.012259,0.103451,9.799339
61.380000,-0.012258,0.103455,9.799347
61.415000,-0.012249,0.103451,9.799354
61.445000,-0.012257,0.103463,9.799359
61.480000,-0.012256,0.103467,9.799365
61.510000,-0.012255,0.103470,9.799369
61.545000,-0.012255,0.103473,9.799374
61.580000,-0.012254,0.103476,9.799379
61.610000,-0.012254,0.103479,9.799383
61.645000,-0.012253,0.103482,9.799387
61.675000,-0.012253,0.103484,9.799391
61.710000,-0.012252,0.103486,9.799395
61.745000,-0.012252,0.103488,9.799398
61.775000,-0.012252,0.103490,9.799401
61.810000,-0.012251,0.103492,9.799404
61.840000,-0.012251,0.103493,9.799406
61.875000,-0.012251,0.103495,9.799409
61.910000,-0.012250,0.103497,9.799411
61.940000,-0.012251,0.103498,9.799413
61.975000,-0.012250,0.103499,9.799416
62.005000,-0.012250,0.103501,9.799417
62.040000,-0.012250,0.103502,9.799419
62.075000,-0.012250,0.103503,9.799421
62.105000,-0.012263,0.103511,9.799422
62.140000,-0.012249,0.103504,9.799424
62.170000,-0.012250,0.103507,9.799425
62.205000,-0.012249,0.103506,9.799427
62.240000,-0.012280,0.103525,9.799428
62.270000,-0.012249,0.103509,9.799429
62.305000,-0.012248,0.103508,9.799430
62.335000,-0.012281,0.103527,9.799431
62.370000,-0.012249,0.103510,9.799432
62.405000,-0.012248,0.103509,9.799433
62.435000,-0.012261,0.103517,9.799434
62.470000,-0.012248,0.103511,9.799434
62.500000,-0.012248,0.103510,9.799435
62.535000,-0.012248,0.103511,9.799436
62.570000,-0.012248,0.103512,9.799436
62.600000,-0.012247,0.103511,9.799437
62.635000,-0.012247,0.103511,9.799438
62.665000,-0.012208,0.103488,9.799439
62.700000,-0.012247,0.103512,9.799439
62.735000,-0.012247,0.103512,9.799439
62.765000,-0.012208,0.103489,9.799440
62.800000,-0.012247,0.103512,9.799440
62.830000,-0.012247,0.103513,9.799440
62.865000,-0.012208,0.103489,9.799441
62.900000,-0.012247,0.103513,9.799441
62.930000,-0.012247,0.103513,9.799441
62.965000,-0.012208,0.103490,9.799442
62.995000,-0.012247,0.103513,9.799442
63.030000,-0.012247,0.103513,9.799442
63.065000,-0.012214,0.103494,9.799443
63.095000,-0.012247,0.103513,9.799442
63.130000,-0.012247,0.103513,9.799443
63.160000,-0.012247,0.103513,9.799443
63.195000,-0.012247,0.103513,9.799443
63.230000,-0.012246,0.103513,9.799443
63.260000,-0.012246,0.103513,9.799443
63.295000,-0.012246,0.103513,9.799444
63.325000,-0.012247,0.103513,9.799444
63.360000,-0.012246,0.103513,9.799444
63.395000,-0.012246,0.103513,9.799444
63.425000,-0.012246,0.103513,9.799444
63.460000,-0.012246,0.103513,9.799444
63.490000,-0.012246,0.103513,9.799444
63.525000,-0.012246,0.103513,9.799444
63.560000,-0.012246,0.103513,9.799444
63.590000,-0.012246,0.103513,9.799444
63.625000,-0.012246,0.103513,9.799445
63.655000,-0.012246,0.103513,9.799445
63.690000,-0.012246,0.103513,9.799445
63.725000,-0.012246,0.103512,9.799445
63.755000,-0.012246,0.103512,9.799445
63.790000,-0.012246,0.103512,9.799445
63.820000,-0.012253,0.103516,9.799445
63.855000,-0.012246,0.103512,9.799445
63.890000,-0.012246,0.103512,9.799445
63.920000,-0.012251,0.103515,9.799445
63.955000,-0.012246,0.103512,9.799445
63.985000,-0.012246,0.103512,9.799445
64.020000,-0.012250,0.103514,9.799445
64.055000,-0.012246,0.103512,9.799445
64.085000,-0.012246,0.103512,9.799445
64.120000,-0.012250,0.103514,9.799445
64.150000,-0.012246,0.103511,9.799445
64.185000,-0.012246,0.103511,9.799445
64.220000,-0.012249,0.103513,9.799445
64.250000,-0.012246,0.103511,9.799445
64.285000,-0.012246,0.103511,9.799445
64.315000,-0.012244,0.103510,9.799445
64.350000,-0.012246,0.103511,9.799445
64.385000,-0.012246,0.103511,9.799445
64.415000,-0.012244,0.103510,9.799445
64.450000,-0.012246,0.103511,9.799445
64.480000,-0.012246,0.103510,9.799445
64.515000,-0.012244,0.103509,9.799446
64.550000,-0.012246,0.103510,9.799446
64.580000,-0.012246,0.103510,9.799446
64.615000,-0.012245,0.103509,9.799446
64.645000,-0.012246,0.103510,9.799446
64.680000,-0.012246,0.103510,9.799446
64.715000,-0.012245,0.103509,9.799446
64.745000,-0.012246,0.103510,9.799446
64.780000,-0.012246,0.103510,9.799446
64.810000,-0.012246,0.103509,9.799446
64.845000,-0.012246,0.103509,9.799446
64.880000,-0.012246,0.103509,9.799446
64.910000,-0.012246,0.103509,9.799446
64.945000,-0.012246,0.103509,9.799446
64.975000,-0.012246,0.103509,9.799446
65.010000,-0.012246,0.103509,9.799446
65.045000,-0.012246,0.103509,9.799446
65.075000,-0.012246,0.103509,9.799446
65.110000,-0.012246,0.103509,9.799446
65.140000,-0.012246,0.103508,9.799446
65.175000,-0.012246,0.103508,9.799446
65.210000,-0.012246,0.103508,9.799446
65.240000,-0.012246,0.103508,9.799446
65.275000,-0.012246,0.103508,9.799446
65.305000,-0.012246,0.103508,9.799446
65.340000,-0.012246,0.103508,9.799446
65.375000,-0.012246,0.103508,9.799446
65.405000,-0.012246,0.103508,9.799446
65.440000,-0.012246,0.103507,9.799446
65.470000,-0.012246,0.103507,9.799446
65.505000,-0.012246,0.103507,9.799446
65.540000,-0.012246,0.103507,9.799446
65.570000,-0.012246,0.103507,9.799446
65.605000,-0.012246,0.103507,9.799446
65.635000,-0.012246,0.103507,9.799446
65.670000,-0.012246,0.103507,9.799446
65.705000,-0.012246,0.103507,9.799446
65.735000,-0.012246,0.103507,9.799446
65.770000,-0.012246,0.103506,9.799446
65.800000,-0.012246,0.103506,9.799446
65.835000,-0.012246,0.103506,9.799446
65.870000,-0.012246,0.103506,9.799446
65.900000,-0.012246,0.103506,9.799446
65.935000,-0.012246,0.103506,9.799446
65.965000,-0.012245,0.103506,9.799446
66.000000,-0.012246,0.103506,9.799446
66.035000,-0.012246,0.103506,9.799446
66.065000,-0.012245,0.103505,9.799446
66.100000,-0.012246,0.103505,9.799446
66.130000,-0.012246,0.103505,9.799446
66.165000,-0.012245,0.103505,9.799446
66.200000,-0.012245,0.103505,9.799446
66.230000,-0.012245,0.103505,9.799446
66.265000,-0.012245,0.103505,9.799446
66.295000,-0.012245,0.103505,9.799446
66.330000,-0.012245,0.103505,9.799446
66.365000,-0.012245,0.103504,9.799446
66.395000,-0.012245,0.103504,9.799446
66.430000,-0.012245,0.103504,9.799446
66.460000,-0.012245,0.103504,9.799446
66.495000,-0.012245,0.103504,9.799446
66.530000,-0.012245,0.103504,9.799446
66.560000,-0.012245,0.103504,9.799446
66.595000,-0.012245,0.103504,9.799446
66.625000,-0.012245,0.103504,9.799446
66.660000,-0.012245,0.103504,9.799446
66.695000,-0.012245,0.103503,9.799446
66.725000,-0.012245,0.103503,9.799446
66.760000,-0.012245,0.103503,9.799446
66.790000,-0.012245,0.103503,9.799446
66.825000,-0.012245,0.103503,9.799446
66.860000,-0.012245,0.103503,9.799446
66.890000,-0.012245,0.103503,9.799446
66.925000,-0.012245,0.103503,9.799446
66.955000,-0.012245,0.103503,9.799446
66.990000,-0.012245,0.103502,9.799446
67.025000,-0.012245,0.103502,9.799446
67.055000,-0.012245,0.103502,9.799446
67.090000,-0.012245,0.103502,9.799446
67.120000,-0.012245,0.103502,9.799446
67.155000,-0.012245,0.103502,9.799446
67.190000,-0.012245,0.103502,9.799446
67.220000,-0.012245,0.103502,9.799446
67.255000,-0.012245,0.103502,9.799446
67.285000,-0.012245,0.103501,9.799446
67.320000,-0.012245,0.103501,9.799446
67.355000,-0.012245,0.103501,9.799446
67.385000,-0.012245,0.103501,9.799446
67.420000,-0.012245,0.103501,9.799446
67.450000,-0.012245,0.103501,9.799446
67.485000,-0.012245,0.103501,9.799446
67.520000,-0.012245,0.103501,9.799446
67.550000,-0.012245,0.103501,9.799446
67.585000,-0.012245,0.103501,9.799446
67.615000,-0.012245,0.103500,9.799446
67.650000,-0.012245,0.103500,9.799446
67.685000,-0.012245,0.103500,9.799446
67.715000,-0.012245,0.103500,9.799446
67.750000,-0.012245,0.103500,9.799446
67.780000,-0.012245,0.103500,9.799446
67.815000,-0.012245,0.103500,9.799446
67.850000,-0.012245,0.103500,9.799446
67.880000,-0.012245,0.103500,9.799446
67.915000,-0.012245,0.103499,9.799446
67.945000,-0.012245,0.103499,9.799446
67.980000,-0.012245,0.103499,9.799446
68.015000,-0.012245,0.103499,9.799446
68.045000,-0.012245,0.103499,9.799446
68.080000,-0.012245,0.103499,9.799446
68.110000,-0.012245,0.103499,9.799446
68.145000,-0.012245,0.103499,9.799446
68.180000,-0.012245,0.103499,9.799446
68.210000,-0.012245,0.103498,9.799446
68.245000,-0.012245,0.103498,9.799446
68.275000,-0.012245,0.103498,9.799446
68.310000,-0.012245,0.103498,9.799446
68.345000,-0.012245,0.103498,9.799446
68.375000,-0.012245,0.103498,9.799446
68.410000,-0.012245,0.103498,9.799446
68.440000,-0.012245,0.103498,9.799446
68.475000,-0.012245,0.103498,9.799446
68.510000,-0.012245,0.103498,9.799446
68.540000,-0.012245,0.103497,9.799446
68.575000,-0.012245,0.103497,9.799446
68.605000,-0.012245,0.103497,9.799446
68.640000,-0.012245,0.103497,9.799446
68.675000,-0.012245,0.103497,9.799446
68.705000,-0.012245,0.103497,9.799446
68.740000,-0.012245,0.103497,9.799446
68.770000,-0.012245,0.103497,9.799446
68.805000,-0.012245,0.103497,9.799446
68.840000,-0.012245,0.103496,9.799446
68.870000,-0.012245,0.103496,9.799446
68.905000,-0.012245,0.103496,9.799446
68.935000,-0.012245,0.103496,9.799446
68.970000,-0.012245,0.103496,9.799446
69.005000,-0.012245,0.103496,9.799446
69.035000,-0.012245,0.103496,9.799446
69.070000,-0.012245,0.103496,9.799446
69.100000,-0.012245,0.103496,9.799446
69.135000,-0.012245,0.103495,9.799446
69.170000,-0.012245,0.103495,9.799446
69.200000,-0.012245,0.103495,9.799446
69.235000,-0.012245,0.103495,9.799446
69.265000,-0.012245,0.103495,9.799446
69.300000,-0.012245,0.103495,9.799446
69.335000,-0.012245,0.103495,9.799446
69.365000,-0.012245,0.103495,9.799446
69.400000,-0.012245,0.103495,9.799446
69.430000,-0.012245,0.103495,9.799446
69.465000,-0.012245,0.103494,9.799446
69.500000,-0.012245,0.103494,9.799446
69.530000,-0.012245,0.103494,9.799446
69.565000,-0.012245,0.103494,9.799446
69.595000,-0.012245,0.103494,9.799446
69.630000,-0.012245,0.103494,9.799446
69.665000,-0.012245,0.103494,9.799446
69.695000,-0.012245,0.103494,9.799446
69.730000,-0.012245,0.103494,9.799446
69.760000,-0.012245,0.103493,9.799446
69.795000,-0.012245,0.103493,9.799446
69.830000,-0.012245,0.103493,9.799446
69.860000,-0.012245,0.103493,9.799446
69.895000,-0.012245,0.103493,9.799446
69.925000,-0.012245,0.103493,9.799446
69.960000,-0.012245,0.103493,9.799446
69.995000,-0.012245,0.103493,9.799446
70.025000,-0.012245,0.103493,9.799446
70.060000,-0.012245,0.103492,9.799446
70.090000,-0.012245,0.103492,9.799446
70.125000,-0.012245,0.103492,9.799446
70.160000,-0.012245,0.103492,9.799446
70.190000,-0.012245,0.103492,9.799446
70.225000,-0.012245,0.103492,9.799446
70.255000,-0.012245,0.103492,9.799446
70.290000,-0.012245,0.103492,9.799446
70.325000,-0.012245,0.103492,9.799446
70.355000,-0.012245,0.103492,9.799446
70.390000,-0.012245,0.103491,9.799446
70.420000,-0.012245,0.103491,9.799446
70.455000,-0.012245,0.103491,9.799446
70.490000,-0.012244,0.103491,9.799446
70.520000,-0.012244,0.103491,9.799446
70.555000,-0.012244,0.103491,9.799446
70.585000,-0.012244,0.103491,9.799446
70.620000,-0.012244,0.103491,9.799446
70.655000,-0.012244,0.103491,9.799446
70.685000,-0.012244,0.103490,9.799446
70.720000,-0.012244,0.103490,9.799446
70.750000,-0.012244,0.103490,9.799446
70.785000,-0.012244,0.103490,9.799446
70.820000,-0.012244,0.103490,9.799446
70.850000,-0.012244,0.103490,9.799446
70.885000,-0.012244,0.103490,9.799446
70.915000,-0.012244,0.103490,9.799446
70.950000,-0.012244,0.103490,9.799446
70.985000,-0.012244,0.103489,9.799446
71.015000,-0.012244,0.103489,9.799446
71.050000,-0.012244,0.103489,9.799446
71.080000,-0.012244,0.103489,9.799446
71.115000,-0.012244,0.103489,9.799446
71.150000,-0.012244,0.103489,9.799446
71.180000,-0.012244,0.103489,9.799446
71.215000,-0.012244,0.103489,9.799446
71.245000,-0.012244,0.103489,9.799446
71.280000,-0.012244,0.103489,9.799446
71.315000,-0.012244,0.103488,9.799446
71.345000,-0.012244,0.103488,9.799446
71.380000,-0.012244,0.103488,9.799446
71.410000,-0.012244,0.103488,9.799446
71.445000,-0.012244,0.103488,9.799446
71.480000,-0.012244,0.103488,9.799446
71.510000,-0.012244,0.103488,9.799446
71.545000,-0.012244,0.103488,9.799446
71.575000,-0.012244,0.103488,9.799446
71.610000,-0.012244,0.103487,9.799446
71.645000,-0.012244,0.103487,9.799446
71.675000,-0.012244,0.103487,9.799446
71.710000,-0.012244,0.103487,9.799446
71.740000,-0.012244,0.103487,9.799446
71.775000,-0.012244,0.103487,9.799446
71.810000,-0.012244,0.103487,9.799446
71.840000,-0.012244,0.103487,9.799446
71.875000,-0.012244,0.103487,9.799446
71.905000,-0.012244,0.103487,9.799446
71.940000,-0.012244,0.103486,9.799446
71.975000,-0.012244,0.103486,9.799446
72.005000,-0.012244,0.103486,9.799446
72.040000,-0.012244,0.103486,9.799446
72.070000,-0.012244,0.103486,9.799446
72.105000,-0.012244,0.103486,9.799446
72.140000,-0.012244,0.103486,9.799446
72.170000,-0.012244,0.103486,9.799446
72.205000,-0.012244,0.103486,9.799446
72.235000,-0.012244,0.103485,9.799446
72.270000,-0.012244,0.103485,9.799446
72.305000,-0.012244,0.103485,9.799446
72.335000,-0.012244,0.103485,9.799446
72.370000,-0.012244,0.103485,9.799446
72.400000,-0.012244,0.103485,9.799446
72.435000,-0.012244,0.103485,9.799446
72.470000,-0.012240,0.103481,9.799446
72.500000,-0.012244,0.103485,9.799446
72.535000,-0.012244,0.103484,9.799446
72.565000,-0.012260,0.103503,9.799444
72.600000,-0.012244,0.103484,9.799446
72.635000,-0.012244,0.103484,9.799446
72.665000,-0.012271,0.103514,9.799442
72.700000,-0.012244,0.103484,9.799446
72.730000,-0.012244,0.103484,9.799446
72.765000,-0.012279,0.103523,9.799441
72.800000,-0.012244,0.103484,9.799446
72.830000,-0.012244,0.103483,9.799446
72.865000,-0.012286,0.103530,9.799440
72.895000,-0.012244,0.103483,9.799446
72.930000,-0.012244,0.103483,9.799446
72.965000,-0.012288,0.103533,9.799440
72.995000,-0.012244,0.103483,9.799446
73.030000,-0.012244,0.103483,9.799446
73.060000,-0.012244,0.103483,9.799446
73.095000,-0.012244,0.103483,9.799446
73.130000,-0.012244,0.103483,9.799446
73.160000,-0.012244,0.103482,9.799446
73.195000,-0.012244,0.103482,9.799446
73.225000,-0.012244,0.103482,9.799446
73.260000,-0.012244,0.103482,9.799446
73.295000,-0.012244,0.103482,9.799446
73.325000,-0.012244,0.103482,9.799446
73.360000,-0.012244,0.103482,9.799446
73.390000,-0.012244,0.103482,9.799446
73.425000,-0.012244,0.103482,9.799446
73.460000,-0.012244,0.103481,9.799446
73.490000,-0.012244,0.103481,9.799446
73.525000,-0.012244,0.103481,9.799446
73.555000,-0.012244,0.103481,9.799446
73.590000,-0.012244,0.103481,9.799446
73.625000,-0.012244,0.103481,9.799446
73.655000,-0.012244,0.103481,9.799446
73.690000,-0.012244,0.103481,9.799446
73.720000,-0.012266,0.103506,9.799443
73.755000,-0.012244,0.103481,9.799446
73.790000,-0.012244,0.103480,9.799446
73.820000,-0.012275,0.103516,9.799442
73.855000,-0.012244,0.103480,9.799446
73.885000,-0.012244,0.103480,9.799446
73.920000,-0.012282,0.103524,9.799440
73.955000,-0.012244,0.103480,9.799446
73.985000,-0.012244,0.103480,9.799446
74.020000,-0.012278,0.103519,9.799441
74.050000,-0.012244,0.103480,9.799446
74.085000,-0.012244,0.103480,9.799446
74.120000,-0.012272,0.103511,9.799442
74.150000,-0.012244,0.103479,9.799446
74.185000,-0.012244,0.103479,9.799446
74.215000,-0.012221,0.103454,9.799449
74.250000,-0.012244,0.103479,9.799446
74.285000,-0.012244,0.103479,9.799446
74.315000,-0.012225,0.103458,9.799449
74.350000,-0.012244,0.103479,9.799446
74.380000,-0.012244,0.103479,9.799446
74.415000,-0.012229,0.103462,9.799448
74.450000,-0.012244,0.103478,9.799446
74.480000,-0.012244,0.103478,9.799446
74.515000,-0.012232,0.103465,9.799448
74.545000,-0.012244,0.103478,9.799446
74.580000,-0.012244,0.103478,9.799446
74.615000,-0.012234,0.103467,9.799447
74.645000,-0.012244,0.103478,9.799446
74.680000,-0.012244,0.103478,9.799446
74.710000,-0.012244,0.103478,9.799446
74.745000,-0.012244,0.103477,9.799446
74.780000,-0.012244,0.103477,9.799446
74.810000,-0.012244,0.103477,9.799446
74.845000,-0.012244,0.103477,9.799446
74.875000,-0.012244,0.103477,9.799446
74.910000,-0.012244,0.103477,9.799446
74.945000,-0.012244,0.103477,9.799446
74.975000,-0.012244,0.103477,9.799446
75.010000,-0.012244,0.103477,9.799446
75.040000,-0.012244,0.103476,9.799446
75.075000,-0.012244,0.103476,9.799446
75.110000,-0.012243,0.103476,9.799446
75.140000,-0.012243,0.103476,9.799446
75.175000,-0.012243,0.103476,9.799446
75.205000,-0.012243,0.103476,9.799446
75.240000,-0.012243,0.103476,9.799446
75.275000,-0.012243,0.103476,9.799446
75.305000,-0.012243,0.103476,9.799446
75.340000,-0.012243,0.103476,9.799446
75.370000,-0.012245,0.103478,9.799446
75.405000,-0.012243,0.103475,9.799446
75.440000,-0.012243,0.103475,9.799446
75.470000,-0.012245,0.103477,9.799446
75.505000,-0.012243,0.103475,9.799446
75.535000,-0.012243,0.103475,9.799446
75.570000,-0.012245,0.103476,9.799446
75.605000,-0.012243,0.103475,9.799446
75.635000,-0.012243,0.103475,9.799446
75.670000,-0.012244,0.103476,9.799446
75.700000,-0.012243,0.103474,9.799446
75.735000,-0.012243,0.103474,9.799446
75.770000,-0.012244,0.103475,9.799446
75.800000,-0.012243,0.103474,9.799446
75.835000,-0.012243,0.103474,9.799446
75.865000,-0.012243,0.103473,9.799446
75.900000,-0.012243,0.103474,9.799446
75.935000,-0.012243,0.103474,9.799446
75.965000,-0.012243,0.103473,9.799446
76.000000,-0.012243,0.103473,9.799446
76.030000,-0.012243,0.103473,9.799446
76.065000,-0.012243,0.103473,9.799446
76.100000,-0.012243,0.103473,9.799446
76.130000,-0.012243,0.103473,9.799446
76.165000,-0.012243,0.103472,9.799446
76.195000,-0.012243,0.103473,9.799446
76.230000,-0.012243,0.103473,9.799446
76.265000,-0.012243,0.103472,9.799446
76.295000,-0.012243,0.103472,9.799446
76.330000,-0.012243,0.103472,9.799446
76.360000,-0.012243,0.103472,9.799446
76.395000,-0.012243,0.103472,9.799446
76.430000,-0.012243,0.103472,9.799446
76.460000,-0.012243,0.103472,9.799446
76.495000,-0.012243,0.103472,9.799446
76.525000,-0.012243,0.103472,9.799446
76.560000,-0.012243,0.103472,9.799446
76.595000,-0.012243,0.103471,9.799446
76.625000,-0.012243,0.103471,9.799446
76.660000,-0.012243,0.103471,9.799446
76.690000,-0.012243,0.103471,9.799446
76.725000,-0.012243,0.103471,9.799446
76.760000,-0.012243,0.103471,9.799446
76.790000,-0.012243,0.103471,9.799446
76.825000,-0.012243,0.103471,9.799446
76.855000,-0.012243,0.103471,9.799446
76.890000,-0.012243,0.103470,9.799446
76.925000,-0.012243,0.103470,9.799446
76.955000,-0.012243,0.103470,9.799446
76.990000,-0.012243,0.103470,9.799446
77.020000,-0.012243,0.103470,9.799446
77.055000,-0.012243,0.103470,9.799446
77.090000,-0.012243,0.103470,9.799446
77.120000,-0.012243,0.103470,9.799446
77.155000,-0.012243,0.103470,9.799446
77.185000,-0.012243,0.103470,9.799446
77.220000,-0.012243,0.103469,9.799446
77.255000,-0.012243,0.103469,9.799446
77.285000,-0.012243,0.103469,9.799446
77.320000,-0.012243,0.103469,9.799446
77.350000,-0.012243,0.103469,9.799446
77.385000,-0.012243,0.103469,9.799446
77.420000,-0.012243,0.103469,9.799446
77.450000,-0.012243,0.103469,9.799446
77.485000,-0.012243,0.103469,9.799446
77.515000,-0.012243,0.103468,9.799446
77.550000,-0.012243,0.103468,9.799446
77.585000,-0.012243,0.103468,9.799446
77.615000,-0.012243,0.103468,9.799446
77.650000,-0.012243,0.103468,9.799446
77.680000,-0.012243,0.103468,9.799446
77.715000,-0.012243,0.103468,9.799446
77.750000,-0.012243,0.103468,9.799446
77.780000,-0.012243,0.103468,9.799446
77.815000,-0.012243,0.103467,9.799446
77.845000,-0.012243,0.103467,9.799446
77.880000,-0.012243,0.103467,9.799446
77.915000,-0.012243,0.103467,9.799446
77.945000,-0.012243,0.103467,9.799446
77.980000,-0.012243,0.103467,9.799446
78.010000,-0.012243,0.103467,9.799446
78.045000,-0.012243,0.103467,9.799446
78.080000,-0.012243,0.103467,9.799446
78.110000,-0.012243,0.103467,9.799446
78.145000,-0.012243,0.103466,9.799446
78.175000,-0.012243,0.103466,9.799446
78.210000,-0.012243,0.103466,9.799446
78.245000,-0.012243,0.103466,9.799446
78.275000,-0.012243,0.103466,9.799446
78.310000,-0.012243,0.103466,9.799446
78.340000,-0.012243,0.103466,9.799446
78.375000,-0.012243,0.103466,9.799446
78.410000,-0.012243,0.103466,9.799446
78.440000,-0.012243,0.103465,9.799446
78.475000,-0.012243,0.103465,9.799446
78.505000,-0.012243,0.103465,9.799446
78.540000,-0.012243,0.103465,9.799446
78.575000,-0.012243,0.103465,9.799446
78.605000,-0.012243,0.103465,9.799446
78.640000,-0.012243,0.103465,9.799446
78.670000,-0.012243,0.103465,9.799446
78.705000,-0.012243,0.103465,9.799446
78.740000,-0.012243,0.103464,9.799446
78.770000,-0.012243,0.103464,9.799446
78.805000,-0.012243,0.103464,9.799446
78.835000,-0.012243,0.103464,9.799446
78.870000,-0.012243,0.103464,9.799446
78.905000,-0.012243,0.103464,9.799446
78.935000,-0.012243,0.103464,9.799446
78.970000,-0.012243,0.103464,9.799446
79.000000,-0.012243,0.103464,9.799446
79.035000,-0.012243,0.103464,9.799446
79.070000,-0.012243,0.103463,9.799446
79.100000,-0.012243,0.103463,9.799446
79.135000,-0.012243,0.103463,9.799446
79.165000,-0.012242,0.103463,9.799446
79.200000,-0.012243,0.103463,9.799446
79.235000,-0.012243,0.103463,9.799446
79.265000,-0.012240,0.103462,9.799446
79.300000,-0.012243,0.103463,9.799446
79.330000,-0.012243,0.103463,9.799446
79.365000,-0.012238,0.103461,9.799446
79.400000,-0.012242,0.103462,9.799446
79.430000,-0.012242,0.103462,9.799446
79.465000,-0.012239,0.103461,9.799446
79.495000,-0.012242,0.103462,9.799446
79.530000,-0.012242,0.103462,9.799446
79.565000,-0.012246,0.103463,9.799446
79.595000,-0.012242,0.103462,9.799446
79.630000,-0.012242,0.103462,9.799446
79.660000,-0.012242,0.103462,9.799446
79.695000,-0.012242,0.103461,9.799446
79.730000,-0.012244,0.103471,9.799445
79.760000,-0.012241,0.103461,9.799446
79.795000,-0.012241,0.103461,9.799446
79.825000,-0.012241,0.103461,9.799446
79.860000,-0.012241,0.103461,9.799446
79.895000,-0.012241,0.103460,9.799446
79.925000,-0.012240,0.103459,9.799446
79.960000,-0.012242,0.103460,9.799446
79.990000,-0.012242,0.103460,9.799446
80.025000,-0.012247,0.103394,9.799458
80.060000,-0.012242,0.103460,9.799446
80.090000,-0.012242,0.103460,9.799446
80.125000,-0.012242,0.103460,9.799446
80.155000,-0.012259,0.103445,9.799449
80.190000,-0.012243,0.103461,9.799446
80.225000,-0.012230,0.103460,9.799446
80.255000,-0.012243,0.103460,9.799446
80.290000,-0.012243,0.103460,9.799446
80.320000,-0.012204,0.103436,9.799447
80.355000,-0.012243,0.103460,9.799446
80.390000,-0.012243,0.103460,9.799446
80.420000,-0.012211,0.103440,9.799447
80.455000,-0.012243,0.103460,9.799446
80.485000,-0.012243,0.103460,9.799446
80.520000,-0.012217,0.103444,9.799447
80.555000,-0.012243,0.103459,9.799446
80.585000,-0.012243,0.103459,9.799446
80.620000,-0.012222,0.103446,9.799447
80.650000,-0.012243,0.103459,9.799446
80.685000,-0.012243,0.103459,9.799446
80.720000,-0.012270,0.103461,9.799449
80.750000,-0.012243,0.103459,9.799446
80.785000,-0.012243,0.103459,9.799446
80.815000,-0.012219,0.103456,9.799444
80.850000,-0.012243,0.103458,9.799446
80.885000,-0.012243,0.103458,9.799446
80.915000,-0.012224,0.103456,9.799445
80.950000,-0.012243,0.103458,9.799446
80.980000,-0.012243,0.103458,9.799446
81.015000,-0.012227,0.103456,9.799445
81.050000,-0.012243,0.103458,9.799446
81.080000,-0.012241,0.103454,9.799446
81.115000,-0.012230,0.103456,9.799445
81.145000,-0.012243,0.103458,9.799446
81.180000,-0.012243,0.103457,9.799446
81.215000,-0.012235,0.103458,9.799445
81.245000,-0.012243,0.103457,9.799446
81.280000,-0.012243,0.103457,9.799446
81.310000,-0.012243,0.103457,9.799446
81.345000,-0.012242,0.103453,9.799446
81.380000,-0.012153,0.103985,9.799452
81.410000,-0.012243,0.103457,9.799446
81.445000,-0.012242,0.103453,9.799446
81.475000,-0.012243,0.103457,9.799446
81.510000,-0.012243,0.103456,9.799446
81.545000,-0.012332,0.102930,9.799441
81.575000,-0.012243,0.103456,9.799446
81.610000,-0.012243,0.103456,9.799446
81.640000,-0.012243,0.103456,9.799446
81.675000,-0.012243,0.103456,9.799446
81.710000,-0.012243,0.103452,9.799446
81.740000,-0.012243,0.103455,9.799446
81.775000,-0.012243,0.103455,9.799446
81.805000,-0.012243,0.103455,9.799446
81.840000,-0.012243,0.103455,9.799446
81.875000,-0.012154,0.103984,9.799452
81.905000,-0.012243,0.103455,9.799446
81.940000,-0.012243,0.103455,9.799446
81.970000,-0.012248,0.103462,9.799447
82.005000,-0.012243,0.103455,9.799446
82.040000,-0.012243,0.103454,9.799446
82.070000,-0.012247,0.103460,9.799447
82.105000,-0.012243,0.103454,9.799446
82.135000,-0.012243,0.103454,9.799446
82.170000,-0.012246,0.103459,9.799446
82.205000,-0.012243,0.103454,9.799446
82.235000,-0.012243,0.103454,9.799446
82.270000,-0.012245,0.103457,9.799446
82.300000,-0.012243,0.103454,9.799446
82.335000,-0.012243,0.103453,9.799446
82.370000,-0.012245,0.103456,9.799446
82.400000,-0.012154,0.103982,9.799452
82.435000,-0.012243,0.103453,9.799446
82.465000,-0.012242,0.103453,9.799446
82.500000,-0.012243,0.103453,9.799446
82.535000,-0.012243,0.103453,9.799446
82.565000,-0.012242,0.103453,9.799446
82.600000,-0.012243,0.103453,9.799446
82.630000,-0.012243,0.103452,9.799446
82.665000,-0.012242,0.103452,9.799446
82.700000,-0.012155,0.103977,9.799452
82.730000,-0.012331,0.102926,9.799441
82.765000,-0.012330,0.102924,9.799441
82.795000,-0.012155,0.103977,9.799452
82.830000,-0.012243,0.103452,9.799446
82.865000,-0.012243,0.103452,9.799446
82.895000,-0.012243,0.103453,9.799446
82.930000,-0.012331,0.102925,9.799441
82.960000,-0.012243,0.103451,9.799446
82.995000,-0.012155,0.103977,9.799452
83.030000,-0.012243,0.103451,9.799446
83.060000,-0.012243,0.103451,9.799446
83.095000,-0.012243,0.103451,9.799446
83.125000,-0.012243,0.103451,9.799446
83.160000,-0.012243,0.103451,9.799446
83.195000,-0.012243,0.103451,9.799446
83.225000,-0.012243,0.103450,9.799446
83.260000,-0.012243,0.103450,9.799446
83.290000,-0.012243,0.103450,9.799446
83.325000,-0.012243,0.103450,9.799446
83.360000,-0.012243,0.103450,9.799446
83.390000,-0.012243,0.103450,9.799446
83.425000,-0.012243,0.103450,9.799446
83.455000,-0.012243,0.103450,9.799446
83.490000,-0.012243,0.103450,9.799446
83.525000,-0.012243,0.103449,9.799446
83.555000,-0.012243,0.103449,9.799446
83.590000,-0.012243,0.103449,9.799446
83.620000,-0.012243,0.103449,9.799446
83.655000,-0.012243,0.103449,9.799446
83.690000,-0.012243,0.103449,9.799446
83.720000,-0.012243,0.103449,9.799446
83.755000,-0.012243,0.103449,9.799446
83.785000,-0.012243,0.103449,9.799446
83.820000,-0.012243,0.103449,9.799446
83.855000,-0.012243,0.103448,9.799446
83.885000,-0.012243,0.103448,9.799446
83.920000,-0.012243,0.103448,9.799446
83.950000,-0.012243,0.103448,9.799446
83.985000,-0.012243,0.103448,9.799446
84.020000,-0.012243,0.103448,9.799446
84.050000,-0.012243,0.103448,9.799446
84.085000,-0.012243,0.103448,9.799446
84.115000,-0.012243,0.103448,9.799446
84.150000,-0.012243,0.103447,9.799446
84.185000,-0.012243,0.103447,9.799446
84.215000,-0.012243,0.103447,9.799446
84.250000,-0.012243,0.103447,9.799446
84.280000,-0.012243,0.103447,9.799446
84.315000,-0.012243,0.103447,9.799446
84.350000,-0.012243,0.103447,9.799446
84.380000,-0.012243,0.103447,9.799446
84.415000,-0.012242,0.103447,9.799446
84.445000,-0.012243,0.103446,9.799446
84.480000,-0.012242,0.103446,9.799446
84.515000,-0.012242,0.103446,9.799446
84.545000,-0.012242,0.103446,9.799446
84.580000,-0.012242,0.103446,9.799446
84.610000,-0.012242,0.103446,9.799446
84.645000,-0.012242,0.103446,9.799446
84.680000,-0.012242,0.103446,9.799446
84.710000,-0.012242,0.103446,9.799446
84.745000,-0.012242,0.103445,9.799446
84.775000,-0.012242,0.103445,9.799446
84.810000,-0.012242,0.103445,9.799446
84.845000,-0.012242,0.103445,9.799446
84.875000,-0.012242,0.103445,9.799446
84.910000,-0.012242,0.103445,9.799446
84.940000,-0.012242,0.103445,9.799446
84.975000,-0.012242,0.103445,9.799446
85.010000,-0.012242,0.103445,9.799446
85.040000,-0.012242,0.103445,9.799446
85.075000,-0.012242,0.103444,9.799446
85.105000,-0.012242,0.103444,9.799446
85.140000,-0.012242,0.103444,9.799446
85.175000,-0.012242,0.103444,9.799446
85.205000,-0.012242,0.103444,9.799446
85.240000,-0.012242,0.103444,9.799446
85.270000,-0.012242,0.103444,9.799446
85.305000,-0.012242,0.103444,9.799446
85.340000,-0.012242,0.103444,9.799446
85.370000,-0.012242,0.103443,9.799446
85.405000,-0.012242,0.103443,9.799446
85.435000,-0.012242,0.103443,9.799446
85.470000,-0.012242,0.103443,9.799446
85.505000,-0.012242,0.103443,9.799446
85.535000,-0.012242,0.103443,9.799446
85.570000,-0.012242,0.103443,9.799446
85.600000,-0.012242,0.103443,9.799446
85.635000,-0.012242,0.103443,9.799446
85.670000,-0.012242,0.103442,9.799446
85.700000,-0.012242,0.103442,9.799446
85.735000,-0.012242,0.103442,9.799446
85.765000,-0.012242,0.103442,9.799446
85.800000,-0.012242,0.103442,9.799446
85.835000,-0.012330,0.102915,9.799441
85.865000,-0.012242,0.103442,9.799446
85.900000,-0.012242,0.103442,9.799446
85.930000,-0.012240,0.103442,9.799446
85.965000,-0.012242,0.103441,9.799446
86.000000,-0.012242,0.103441,9.799446
86.030000,-0.012242,0.103441,9.799446
86.065000,-0.012242,0.103441,9.799446
86.095000,-0.012242,0.103441,9.799446
86.130000,-0.012242,0.103441,9.799446
86.165000,-0.012242,0.103441,9.799446
86.195000,-0.012242,0.103441,9.799446
86.230000,-0.012242,0.103441,9.799446
86.260000,-0.012242,0.103441,9.799446
86.295000,-0.012242,0.103440,9.799446
86.330000,-0.012242,0.103440,9.799446
86.360000,-0.012242,0.103440,9.799446
86.395000,-0.012242,0.103440,9.799446
86.425000,-0.012242,0.103440,9.799446
86.460000,-0.012242,0.103440,9.799446
86.495000,-0.012242,0.103440,9.799446
86.525000,-0.012242,0.103440,9.799446
86.560000,-0.012242,0.103440,9.799446
86.590000,-0.012242,0.103439,9.799446
86.625000,-0.012242,0.103439,9.799446
86.660000,-0.012242,0.103439,9.799446
86.690000,-0.012242,0.103439,9.799446
86.725000,-0.012242,0.103439,9.799446
86.755000,-0.012242,0.103439,9.799446
86.790000,-0.012242,0.103439,9.799446
86.825000,-0.012242,0.103439,9.799446
86.855000,-0.012242,0.103439,9.799446
86.890000,-0.012153,0.103967,9.799452
86.920000,-0.012112,0.103928,9.799449
86.955000,-0.012270,0.103452,9.799447
86.990000,-0.012129,0.104013,9.799452
87.020000,-0.012250,0.103459,9.799443
87.055000,-0.012356,0.102863,9.799441
87.085000,-0.012242,0.103438,9.799446
87.120000,-0.012219,0.103427,9.799447
87.155000,-0.012242,0.103438,9.799446
87.185000,-0.012130,0.104013,9.799452
87.220000,-0.012213,0.103424,9.799447
87.250000,-0.012242,0.103437,9.799446
87.285000,-0.012363,0.102871,9.799439
87.320000,-0.012209,0.103421,9.799447
87.350000,-0.012242,0.103437,9.799446
87.385000,-0.012250,0.103447,9.799445
87.415000,-0.012253,0.103432,9.799448
87.450000,-0.012242,0.103437,9.799446
87.485000,-0.012245,0.103440,9.799446
87.515000,-0.012250,0.103433,9.799448
87.550000,-0.012242,0.103436,9.799446
87.580000,-0.012242,0.103438,9.799446
87.615000,-0.012248,0.103435,9.799447
87.650000,-0.012244,0.103433,9.799447
87.680000,-0.012257,0.103388,9.799446
87.715000,-0.012128,0.104007,9.799452
87.745000,-0.012245,0.103442,9.799446
87.780000,-0.012377,0.102971,9.799443
87.815000,-0.012244,0.103597,9.799449
87.845000,-0.012092,0.103951,9.799451
87.880000,-0.012379,0.102965,9.799443
87.910000,-0.012365,0.102872,9.799441
87.945000,-0.012206,0.103445,9.799443
87.980000,-0.012378,0.102966,9.799443
88.010000,-0.012089,0.103959,9.799451
88.045000,-0.012241,0.103435,9.799446
88.075000,-0.012242,0.103434,9.799447
88.110000,-0.012242,0.103434,9.799447
88.145000,-0.012242,0.103434,9.799447
88.175000,-0.012242,0.103434,9.799447
88.210000,-0.012242,0.103434,9.799447
88.240000,-0.012259,0.103430,9.799448
88.275000,-0.012242,0.103434,9.799447
88.310000,-0.012242,0.103434,9.799447
88.340000,-0.012242,0.103434,9.799447
88.375000,-0.012262,0.103363,9.799446
88.405000,-0.012218,0.103514,9.799447
88.440000,-0.012237,0.103451,9.799447
88.475000,-0.012241,0.103433,9.799447
88.505000,-0.012241,0.103433,9.799446
88.540000,-0.012241,0.103433,9.799446
88.570000,-0.012241,0.103432,9.799447
88.605000,-0.012241,0.103433,9.799447
88.640000,-0.012259,0.103429,9.799448
88.670000,-0.012241,0.103431,9.799447
88.705000,-0.012241,0.103432,9.799447
88.735000,-0.012241,0.103432,9.799447
88.770000,-0.012235,0.103456,9.799447
88.805000,-0.012242,0.103432,9.799447
88.835000,-0.012241,0.103432,9.799447
88.870000,-0.012241,0.103431,9.799447
88.900000,-0.012241,0.103432,9.799447
88.935000,-0.012241,0.103432,9.799447
88.970000,-0.012241,0.103431,9.799447
89.000000,-0.012238,0.103434,9.799446
89.035000,-0.012241,0.103431,9.799447
89.065000,-0.012237,0.103435,9.799446
89.100000,-0.012241,0.103431,9.799447
89.135000,-0.012241,0.103431,9.799447
89.165000,-0.012238,0.103434,9.799446
89.200000,-0.012241,0.103431,9.799447
89.230000,-0.012241,0.103430,9.799447
89.265000,-0.012238,0.103433,9.799446
89.300000,-0.012241,0.103430,9.799447
89.330000,-0.012241,0.103430,9.799447
89.365000,-0.012238,0.103432,9.799446
89.395000,-0.012241,0.103430,9.799447
89.430000,-0.012241,0.103430,9.799447
89.465000,-0.012239,0.103432,9.799446
89.495000,-0.012241,0.103429,9.799447
89.530000,-0.012241,0.103429,9.799447
89.560000,-0.012241,0.103429,9.799447
89.595000,-0.012241,0.103429,9.799447
89.630000,-0.012241,0.103429,9.799447
89.660000,-0.012241,0.103429,9.799447
89.695000,-0.012241,0.103429,9.799447
89.725000,-0.012241,0.103429,9.799447
89.760000,-0.012241,0.103428,9.799447
89.795000,-0.012241,0.103428,9.799447
89.825000,-0.012241,0.103428,9.799447
89.860000,-0.012240,0.103427,9.799446
89.890000,-0.012241,0.103428,9.799447
89.925000,-0.012241,0.103428,9.799446
89.960000,-0.012111,0.103677,9.799500
89.990000,-0.012241,0.103428,9.799446
90.025000,-0.012241,0.103428,9.799446
90.055000,-0.012241,0.103427,9.799446
90.090000,-0.012241,0.103427,9.799446
90.125000,-0.012240,0.103428,9.799446
90.155000,-0.012241,0.103427,9.799446
90.190000,-0.012242,0.103421,9.799446
90.220000,-0.012240,0.103436,9.799447
90.255000,-0.012242,0.103421,9.799446
90.290000,-0.012242,0.103421,9.799446
90.320000,-0.012240,0.103431,9.799447
90.355000,-0.012242,0.103420,9.799446
90.385000,-0.012242,0.103420,9.799446
90.420000,-0.012241,0.103428,9.799447
90.455000,-0.012242,0.103420,9.799446
90.485000,-0.012242,0.103419,9.799446
90.520000,-0.012241,0.103425,9.799447
90.550000,-0.012242,0.103419,9.799446
90.585000,-0.012234,0.103420,9.799446
90.620000,-0.012244,0.103422,9.799447
90.650000,-0.012234,0.103420,9.799446
90.685000,-0.012199,0.103391,9.799445
90.715000,-0.012173,0.103391,9.799444
90.750000,-0.012377,0.103710,9.799409
90.785000,-0.012242,0.103416,9.799446
90.815000,-0.012243,0.103415,9.799446
90.850000,-0.012257,0.103366,9.799446
90.880000,-0.012240,0.103423,9.799446
90.915000,-0.012237,0.103431,9.799446
90.950000,-0.012240,0.103423,9.799446
90.980000,-0.012240,0.103421,9.799446
91.015000,-0.012237,0.103431,9.799446
91.045000,-0.012240,0.103421,9.799446
91.080000,-0.012240,0.103421,9.799446
91.115000,-0.012238,0.103429,9.799446
91.145000,-0.012240,0.103420,9.799447
91.180000,-0.012239,0.103420,9.799447
91.210000,-0.012239,0.103420,9.799447
91.245000,-0.012239,0.103419,9.799447
91.280000,-0.012239,0.103419,9.799447
91.310000,-0.012239,0.103419,9.799447
91.345000,-0.012239,0.103419,9.799447
91.375000,-0.012239,0.103418,9.799447
91.410000,-0.012239,0.103418,9.799447
91.445000,-0.012276,0.103461,9.799450
91.475000,-0.012226,0.103438,9.799449
91.510000,-0.039669,0.150743,9.800172
91.540000,-0.012239,0.103418,9.799447
91.575000,-0.012239,0.103417,9.799447
91.610000,-0.012238,0.103417,9.799447
91.640000,-0.012238,0.103417,9.799447
91.675000,-0.012238,0.103417,9.799447
91.705000,-0.012238,0.103416,9.799447
91.740000,-0.012238,0.103416,9.799447
91.775000,-0.012238,0.103417,9.799447
91.805000,-0.012238,0.103416,9.799447
91.840000,-0.012238,0.103415,9.799447
91.870000,-0.012246,0.103513,9.799444
91.905000,-0.012238,0.103415,9.799447
91.940000,-0.012237,0.103415,9.799447
91.970000,-0.012248,0.103494,9.799445
92.005000,-0.012237,0.103414,9.799447
92.035000,-0.012237,0.103414,9.799447
92.070000,-0.012249,0.103479,9.799445
92.105000,-0.012237,0.103413,9.799447
92.135000,-0.012237,0.103413,9.799447
92.170000,-0.012249,0.103466,9.799446
92.200000,-0.012237,0.103413,9.799447
92.235000,-0.012237,0.103412,9.799447
92.270000,-0.012248,0.103456,9.799446
92.300000,-0.012237,0.103412,9.799447
92.335000,-0.012237,0.103412,9.799447
92.365000,-0.012226,0.103376,9.799448
92.400000,-0.012197,0.103417,9.799445
92.435000,-0.012236,0.103411,9.799447
92.465000,-0.012226,0.103382,9.799447
92.500000,-0.012236,0.103410,9.799447
92.530000,-0.012185,0.103406,9.799446
92.565000,-0.012112,0.103380,9.799445
92.600000,-0.012236,0.103410,9.799447
92.630000,-0.012251,0.103414,9.799447
92.665000,-0.012112,0.103383,9.799445
92.695000,-0.012236,0.103410,9.799447
92.730000,-0.012237,0.103410,9.799447
92.765000,-0.012111,0.103385,9.799445
92.795000,-0.012236,0.103409,9.799447
92.830000,-0.012236,0.103409,9.799447
92.860000,-0.012236,0.103409,9.799447
92.895000,-0.012236,0.103409,9.799447
92.930000,-0.012236,0.103408,9.799447
92.960000,-0.012236,0.103408,9.799447
92.995000,-0.012236,0.103408,9.799447
93.025000,-0.012237,0.103408,9.799447
93.060000,-0.012236,0.103408,9.799447
93.095000,-0.012236,0.103407,9.799447
93.125000,-0.012236,0.103407,9.799447
93.160000,-0.012236,0.103407,9.799447
93.190000,-0.012235,0.103407,9.799447
93.225000,-0.012236,0.103407,9.799447
93.260000,-0.012191,0.103404,9.799446
93.290000,-0.012235,0.103406,9.799447
93.325000,-0.012236,0.103406,9.799447
93.355000,-0.012235,0.103406,9.799447
93.390000,-0.012235,0.103406,9.799447
93.425000,-0.012307,0.103469,9.799444
93.455000,-0.012235,0.103405,9.799447
93.490000,-0.012235,0.103405,9.799447
93.520000,-0.012238,0.103418,9.799447
93.555000,-0.012235,0.103405,9.799447
93.590000,-0.012235,0.103405,9.799447
93.620000,-0.012254,0.103429,9.799446
93.655000,-0.012235,0.103404,9.799447
93.685000,-0.012235,0.103404,9.799447
93.720000,-0.012289,0.103452,9.799445
93.755000,-0.012235,0.103404,9.799447
93.785000,-0.012235,0.103404,9.799447
93.820000,-0.012318,0.103471,9.799444
93.850000,-0.012235,0.103403,9.799447
93.885000,-0.012235,0.103403,9.799447
93.920000,-0.012334,0.103530,9.799443
93.950000,-0.012235,0.103403,9.799447
93.985000,-0.012235,0.103403,9.799447
94.015000,-0.012103,0.103198,9.799486
94.050000,-0.012235,0.103402,9.799447
94.085000,-0.012235,0.103402,9.799447
94.115000,-0.012126,0.103238,9.799478
94.150000,-0.012235,0.103402,9.799447
94.180000,-0.012235,0.103402,9.799447
94.215000,-0.012146,0.103270,9.799472
94.250000,-0.012235,0.103402,9.799447
94.280000,-0.012235,0.103402,9.799447
94.315000,-0.012162,0.103295,9.799468
94.345000,-0.012235,0.103401,9.799447
94.380000,-0.012235,0.103401,9.799447
94.415000,-0.012212,0.103351,9.799462
94.445000,-0.012235,0.103401,9.799447
94.480000,-0.012235,0.103401,9.799447
94.510000,-0.012235,0.103401,9.799447
94.545000,-0.012235,0.103401,9.799447
94.580000,-0.012234,0.103400,9.799447
94.610000,-0.012235,0.103400,9.799447
94.645000,-0.012235,0.103400,9.799447
94.675000,-0.012235,0.103401,9.799447
94.710000,-0.012235,0.103400,9.799447
94.745000,-0.012234,0.103399,9.799447
94.775000,-0.012235,0.103400,9.799447
94.810000,-0.012235,0.103400,9.799447
94.840000,-0.012235,0.103400,9.799447
94.875000,-0.012235,0.103400,9.799447
94.910000,-0.012235,0.103399,9.799447
94.940000,-0.012235,0.103399,9.799447
94.975000,-0.012235,0.103399,9.799447
95.005000,-0.012234,0.103398,9.799447
95.040000,-0.012235,0.103399,9.799447
95.075000,-0.012235,0.103399,9.799447
95.105000,-0.012235,0.103398,9.799447
95.140000,-0.012235,0.103399,9.799447
95.170000,-0.012247,0.103416,9.799443
95.205000,-0.012235,0.103398,9.799447
95.240000,-0.012235,0.103398,9.799447
95.270000,-0.012245,0.103412,9.799444
95.305000,-0.012235,0.103398,9.799447
95.335000,-0.012235,0.103397,9.799447
95.370000,-0.012240,0.103407,9.799445
95.405000,-0.012235,0.103397,9.799447
95.435000,-0.012235,0.103397,9.799447
95.470000,-0.012239,0.103405,9.799445
95.500000,-0.012235,0.103397,9.799447
95.535000,-0.012257,0.103393,9.799448
95.570000,-0.012238,0.103403,9.799445
95.600000,-0.012235,0.103396,9.799447
95.635000,-0.012320,0.103383,9.799449
95.665000,-0.012131,0.103406,9.799445
95.700000,-0.012235,0.103396,9.799447
95.735000,-0.012245,0.103394,9.799447
95.765000,-0.012132,0.103406,9.799445
95.800000,-0.012235,0.103396,9.799447
95.830000,-0.012286,0.103388,9.799448
95.865000,-0.012132,0.103406,9.799445
95.900000,-0.012235,0.103395,9.799447
95.930000,-0.012238,0.103395,9.799447
95.965000,-0.012133,0.103405,9.799445
95.995000,-0.012235,0.103395,9.799447
96.030000,-0.012236,0.103395,9.799447
96.065000,-0.012133,0.103405,9.799445
96.095000,-0.012235,0.103394,9.799447
96.130000,-0.012235,0.103394,9.799447
96.160000,-0.012235,0.103394,9.799447
96.195000,-0.012235,0.103394,9.799447
96.230000,-0.012235,0.103394,9.799447
96.260000,-0.012236,0.103394,9.799447
96.295000,-0.012235,0.103394,9.799447
96.325000,-0.012236,0.103393,9.799447
96.360000,-0.012236,0.103394,9.799447
96.395000,-0.012235,0.103393,9.799447
96.425000,-0.012234,0.103393,9.799447
96.460000,-0.012236,0.103393,9.799447
96.490000,-0.012235,0.103393,9.799447
96.525000,-0.012236,0.103393,9.799447
96.560000,-0.012236,0.103393,9.799447
96.590000,-0.012235,0.103392,9.799447
96.625000,-0.012235,0.103392,9.799447
96.655000,-0.012236,0.103392,9.799447
96.690000,-0.012235,0.103392,9.799447
96.725000,-0.012234,0.103391,9.799447
96.755000,-0.012235,0.103392,9.799447
96.790000,-0.012235,0.103392,9.799447
96.820000,-0.012266,0.103388,9.799448
96.855000,-0.012235,0.103391,9.799447
96.890000,-0.012235,0.103391,9.799447
96.920000,-0.012258,0.103388,9.799447
96.955000,-0.012235,0.103391,9.799447
96.985000,-0.012236,0.103391,9.799447
97.020000,-0.012256,0.103389,9.799447
97.055000,-0.012235,0.103391,9.799447
97.085000,-0.012235,0.103390,9.799447
97.120000,-0.012252,0.103389,9.799447
97.150000,-0.012235,0.103390,9.799447
97.185000,-0.012236,0.103390,9.799447
97.220000,-0.012248,0.103389,9.799447
97.250000,-0.012235,0.103390,9.799447
97.285000,-0.012234,0.103389,9.799447
97.315000,-0.012233,0.103333,9.799450
97.350000,-0.012235,0.103389,9.799447
97.385000,-0.012235,0.103389,9.799447
97.415000,-0.012233,0.103343,9.799449
97.450000,-0.012235,0.103389,9.799447
97.480000,-0.012235,0.103389,9.799447
97.515000,-0.012233,0.103352,9.799449
97.550000,-0.012235,0.103389,9.799447
97.580000,-0.012236,0.103389,9.799447
97.615000,-0.012234,0.103358,9.799449
97.645000,-0.012235,0.103388,9.799447
97.680000,-0.012236,0.103388,9.799447
97.715000,-0.012234,0.103364,9.799448
97.745000,-0.012235,0.103388,9.799447
97.780000,-0.012235,0.103388,9.799447
97.810000,-0.012235,0.103388,9.799447
97.845000,-0.012235,0.103387,9.799447
97.880000,-0.012235,0.103387,9.799447
97.910000,-0.012235,0.103387,9.799447
97.945000,-0.012236,0.103387,9.799447
97.975000,-0.012236,0.103387,9.799447
98.010000,-0.012235,0.103387,9.799447
98.045000,-0.012298,0.103379,9.799449
98.075000,-0.012236,0.103387,9.799447
98.110000,-0.012236,0.103386,9.799447
98.140000,-0.012235,0.103386,9.799447
98.175000,-0.012236,0.103386,9.799447
98.210000,-0.012235,0.103386,9.799447
98.240000,-0.012235,0.103386,9.799447
98.275000,-0.012236,0.103386,9.799447
98.305000,-0.012235,0.103386,9.799447
98.340000,-0.012236,0.103386,9.799447
98.375000,-0.012236,0.103385,9.799447
98.405000,-0.012235,0.103385,9.799447
98.440000,-0.012190,0.103385,9.799449
98.470000,-0.012231,0.103304,9.799448
98.505000,-0.012271,0.103421,9.799445
98.540000,-0.012236,0.103385,9.799447
98.570000,-0.012184,0.103282,9.799449
98.605000,-0.012236,0.103385,9.799447
98.635000,-0.012236,0.103384,9.799447
98.670000,-0.012179,0.103274,9.799449
98.705000,-0.012235,0.103384,9.799447
98.735000,-0.012336,0.103506,9.799445
98.770000,-0.012248,0.103346,9.799447
98.800000,-0.012235,0.103383,9.799447
98.835000,-0.012235,0.103383,9.799447
98.870000,-0.012198,0.103314,9.799448
98.900000,-0.012235,0.103383,9.799447
98.935000,-0.012206,0.103266,9.799447
98.965000,-0.012281,0.103449,9.799446
99.000000,-0.012215,0.103366,9.799448
99.035000,-0.012235,0.103382,9.799447
99.065000,-0.012265,0.103427,9.799446
99.100000,-0.012189,0.103387,9.799449
99.130000,-0.012234,0.103381,9.799447
99.165000,-0.012255,0.103414,9.799446
99.200000,-0.012213,0.103366,9.799448
99.230000,-0.012233,0.103380,9.799447
99.265000,-0.012283,0.103428,9.799446
99.295000,-0.012235,0.103381,9.799447
99.330000,-0.012235,0.103381,9.799447
99.365000,-0.012250,0.103395,9.799447
99.395000,-0.012053,0.103210,9.799457
99.430000,-0.012236,0.103380,9.799447
99.460000,-0.012236,0.103380,9.799447
99.495000,-0.012236,0.103380,9.799447
99.530000,-0.012236,0.103380,9.799447
99.560000,-0.012236,0.103380,9.799447
99.595000,-0.012235,0.103379,9.799447
99.625000,-0.012206,0.103398,9.799445
99.660000,-0.012235,0.103379,9.799447
99.695000,-0.012234,0.103378,9.799447
99.725000,-0.012234,0.103379,9.799447
99.760000,-0.012234,0.103378,9.799447
99.790000,-0.012234,0.103378,9.799447
99.825000,-0.012234,0.103379,9.799447
99.860000,-0.012234,0.103378,9.799447
99.890000,-0.012234,0.103378,9.799447
99.925000,-0.012230,0.103377,9.799447
99.955000,-0.012234,0.103378,9.799447
99.990000,-0.012234,0.103378,9.799447
100.025000,-0.012247,0.103388,9.799447
100.055000,-0.012235,0.103378,9.799447
100.090000,-0.012235,0.103378,9.799447
100.120000,-0.012258,0.103427,9.799448
100.155000,-0.012235,0.103378,9.799447
100.190000,-0.012235,0.103377,9.799447
100.220000,-0.012250,0.103416,9.799448
100.255000,-0.012235,0.103377,9.799447
100.285000,-0.012235,0.103377,9.799447
100.320000,-0.012245,0.103407,9.799448
100.355000,-0.012235,0.103377,9.799447
100.385000,-0.012235,0.103377,9.799447
100.420000,-0.012242,0.103401,9.799448
100.450000,-0.012235,0.103377,9.799447
100.485000,-0.012235,0.103377,9.799447
100.520000,-0.012240,0.103396,9.799448
100.550000,-0.012235,0.103377,9.799447
100.585000,-0.012235,0.103377,9.799447
100.615000,-0.012232,0.103361,9.799447
100.650000,-0.012235,0.103377,9.799447
100.685000,-0.012235,0.103377,9.799447
100.715000,-0.012233,0.103364,9.799447
100.750000,-0.012235,0.103376,9.799447
100.780000,-0.012236,0.103376,9.799447
100.815000,-0.012359,0.103470,9.799451
100.850000,-0.012240,0.103379,9.799447
100.880000,-0.012070,0.103229,9.799442
100.915000,-0.012149,0.103260,9.799430
100.945000,-0.012236,0.103376,9.799447
100.980000,-0.012236,0.103376,9.799447
101.015000,-0.012234,0.103370,9.799447
101.045000,-0.012236,0.103376,9.799447
101.080000,-0.012237,0.103376,9.799447
101.110000,-0.012236,0.103376,9.799447
101.145000,-0.012236,0.103376,9.799447
101.180000,-0.012236,0.103376,9.799447
101.210000,-0.012237,0.103376,9.799447
101.245000,-0.012236,0.103376,9.799447
101.275000,-0.012236,0.103375,9.799447
101.310000,-0.012236,0.103375,9.799447
101.345000,-0.012236,0.103375,9.799447
101.375000,-0.012236,0.103375,9.799447
101.410000,-0.012236,0.103375,9.799447
101.440000,-0.012236,0.103375,9.799447
101.475000,-0.012236,0.103375,9.799447
101.510000,-0.012236,0.103375,9.799447
101.540000,-0.012236,0.103375,9.799447
101.575000,-0.012237,0.103375,9.799447
101.605000,-0.012237,0.103375,9.799447
101.640000,-0.012237,0.103375,9.799447
101.675000,-0.012237,0.103374,9.799447
101.705000,-0.012237,0.103372,9.799447
101.740000,-0.012237,0.103374,9.799447
101.770000,-0.012237,0.103373,9.799447
101.805000,-0.012237,0.103374,9.799447
101.840000,-0.012318,0.103819,9.799455
101.870000,-0.012318,0.103822,9.799455
101.905000,-0.012237,0.103374,9.799447
101.935000,-0.012317,0.103821,9.799455
101.970000,-0.012156,0.102929,9.799439
102.005000,-0.012237,0.103371,9.799447
102.035000,-0.012317,0.103824,9.799455
102.070000,-0.012237,0.103374,9.799447
102.100000,-0.012237,0.103373,9.799447
102.135000,-0.012237,0.103373,9.799447
102.170000,-0.012237,0.103374,9.799447
102.200000,-0.012237,0.103373,9.799447
102.235000,-0.012321,0.103809,9.799455
102.265000,-0.012237,0.103372,9.799447
102.300000,-0.012237,0.103373,9.799447
102.335000,-0.012237,0.103372,9.799447
102.365000,-0.012327,0.103788,9.799454
102.400000,-0.012237,0.103370,9.799447
102.430000,-0.012237,0.103372,9.799447
102.465000,-0.012237,0.103372,9.799447
102.500000,-0.012237,0.103372,9.799447
102.530000,-0.012237,0.103372,9.799447
102.565000,-0.012237,0.103371,9.799447
102.595000,-0.012133,0.103009,9.799440
102.630000,-0.012345,0.103724,9.799454
102.665000,-0.012237,0.103371,9.799447
102.695000,-0.012125,0.103039,9.799440
102.730000,-0.012237,0.103369,9.799447
102.760000,-0.012118,0.103061,9.799440
102.795000,-0.012237,0.103369,9.799447
102.830000,-0.012237,0.103370,9.799447
102.860000,-0.012236,0.103369,9.799447
102.895000,-0.012237,0.103370,9.799447
102.925000,-0.012238,0.103369,9.799447
102.960000,-0.012237,0.103370,9.799447
102.995000,-0.012091,0.103155,9.799441
103.025000,-0.012237,0.103370,9.799447
103.060000,-0.012082,0.103186,9.799442
103.090000,-0.012078,0.103201,9.799442
103.125000,-0.012401,0.103516,9.799452
103.160000,-0.012409,0.103426,9.799453
103.190000,-0.012237,0.103369,9.799447
103.225000,-0.012237,0.103369,9.799447
103.255000,-0.012237,0.103368,9.799447
103.290000,-0.012236,0.103368,9.799447
103.325000,-0.012236,0.103367,9.799447
103.355000,-0.012236,0.103367,9.799447
103.390000,-0.012236,0.103367,9.799447
103.420000,-0.012236,0.103367,9.799447
103.455000,-0.012236,0.103367,9.799447
103.490000,-0.012236,0.103366,9.799447
103.520000,-0.012235,0.103367,9.799447
103.555000,-0.012236,0.103366,9.799447
103.585000,-0.012252,0.103379,9.799448
103.620000,-0.012066,0.103254,9.799441
103.655000,-0.012235,0.103365,9.799447
103.685000,-0.012251,0.103378,9.799448
103.720000,-0.012105,0.103280,9.799443
103.750000,-0.012235,0.103364,9.799447
103.785000,-0.012237,0.103366,9.799447
103.820000,-0.012143,0.103305,9.799444
103.850000,-0.012254,0.103306,9.799452
103.885000,-0.012235,0.103364,9.799447
103.915000,-0.012288,0.103481,9.799444
103.950000,-0.012231,0.103360,9.799447
103.985000,-0.012242,0.103342,9.799449
104.015000,-0.012279,0.103477,9.799444
104.050000,-0.012231,0.103360,9.799447
104.080000,-0.012245,0.103334,9.799450
104.115000,-0.012262,0.103466,9.799443
104.150000,-0.012231,0.103360,9.799447
104.180000,-0.012253,0.103315,9.799451
104.215000,-0.012248,0.103457,9.799443
104.245000,-0.012231,0.103359,9.799447
104.280000,-0.012234,0.103357,9.799447
104.315000,-0.012232,0.103446,9.799442
104.345000,-0.012231,0.103359,9.799447
104.380000,-0.012231,0.103359,9.799447
104.410000,-0.012236,0.103362,9.799447
104.445000,-0.012231,0.103359,9.799447
104.480000,-0.012231,0.103359,9.799447
104.510000,-0.012236,0.103362,9.799447
104.545000,-0.012236,0.103362,9.799447
104.575000,-0.012232,0.103358,9.799447
104.610000,-0.012236,0.103362,9.799447
104.645000,-0.012236,0.103361,9.799447
104.675000,-0.012236,0.103361,9.799447
104.710000,-0.012236,0.103361,9.799447
104.740000,-0.012236,0.103361,9.799447
104.775000,-0.012236,0.103361,9.799447
104.810000,-0.012236,0.103361,9.799447
104.840000,-0.012236,0.103361,9.799447
104.875000,-0.012236,0.103360,9.799447
104.905000,-0.012236,0.103360,9.799447
104.940000,-0.012236,0.103360,9.799447
104.975000,-0.012236,0.103360,9.799447
105.005000,-0.012236,0.103360,9.799447
105.040000,-0.012236,0.103360,9.799447
105.070000,-0.012244,0.103344,9.799449
105.105000,-0.012236,0.103360,9.799447
105.140000,-0.012236,0.103359,9.799447
105.170000,-0.012242,0.103347,9.799448
105.205000,-0.012344,0.103727,9.799454
105.235000,-0.012236,0.103359,9.799447
105.270000,-0.012241,0.103349,9.799448
105.305000,-0.012236,0.103359,9.799447
105.335000,-0.012235,0.103357,9.799447
105.370000,-0.012092,0.103115,9.799442
105.400000,-0.012085,0.103137,9.799441
105.435000,-0.012235,0.103357,9.799447
105.470000,-0.012239,0.103351,9.799448
105.500000,-0.012399,0.103491,9.799452
105.535000,-0.012236,0.103358,9.799447
105.565000,-0.012373,0.103478,9.799451
105.600000,-0.012377,0.103473,9.799452
105.635000,-0.012378,0.103473,9.799452
105.665000,-0.012233,0.103361,9.799447
105.700000,-0.012379,0.103475,9.799452
105.730000,-0.012380,0.103475,9.799452
105.765000,-0.012234,0.103360,9.799447
105.800000,-0.012236,0.103357,9.799447
105.830000,-0.012089,0.103237,9.799443
105.865000,-0.012234,0.103359,9.799447
105.895000,-0.012235,0.103356,9.799447
105.930000,-0.012255,0.103371,9.799448
105.965000,-0.012235,0.103358,9.799447
105.995000,-0.012237,0.103356,9.799447
106.030000,-0.012234,0.103356,9.799447
106.060000,-0.012236,0.103356,9.799447
106.095000,-0.012236,0.103356,9.799447
106.130000,-0.012235,0.103358,9.799447
106.160000,-0.012236,0.103355,9.799447
106.195000,-0.012236,0.103355,9.799447
106.225000,-0.012225,0.103386,9.799445
106.260000,-0.012236,0.103355,9.799447
106.295000,-0.012236,0.103355,9.799447
106.325000,-0.012230,0.103371,9.799446
106.360000,-0.012236,0.103355,9.799447
106.390000,-0.012236,0.103355,9.799447
106.425000,-0.012235,0.103358,9.799447
106.460000,-0.012236,0.103354,9.799447
106.490000,-0.012236,0.103354,9.799447
106.525000,-0.012236,0.103354,9.799447
106.555000,-0.012236,0.103354,9.799447
106.590000,-0.012236,0.103354,9.799447
106.625000,-0.012236,0.103354,9.799447
106.655000,-0.012236,0.103354,9.799447
106.690000,-0.012236,0.103353,9.799447
106.720000,-0.012232,0.103381,9.799445
106.755000,-0.012236,0.103353,9.799447
106.790000,-0.012236,0.103353,9.799447
106.820000,-0.012234,0.103375,9.799446
106.855000,-0.012236,0.103353,9.799447
106.885000,-0.012236,0.103353,9.799447
106.920000,-0.012234,0.103371,9.799446
106.955000,-0.012236,0.103352,9.799447
106.985000,-0.012236,0.103352,9.799447
107.020000,-0.012234,0.103367,9.799446
107.050000,-0.012236,0.103352,9.799447
107.085000,-0.012236,0.103352,9.799447
107.120000,-0.012234,0.103364,9.799447
107.150000,-0.012236,0.103352,9.799447
107.185000,-0.012236,0.103351,9.799447
107.215000,-0.012236,0.103342,9.799448
107.250000,-0.012236,0.103351,9.799447
107.285000,-0.012236,0.103351,9.799447
107.315000,-0.012236,0.103343,9.799448
107.350000,-0.012236,0.103351,9.799447
107.380000,-0.012236,0.103351,9.799447
107.415000,-0.012237,0.103344,9.799448
107.450000,-0.012234,0.103350,9.799447
107.480000,-0.012236,0.103350,9.799447
107.515000,-0.012236,0.103345,9.799448
107.545000,-0.012236,0.103350,9.799447
107.580000,-0.012236,0.103350,9.799447
107.615000,-0.012236,0.103346,9.799448
107.645000,-0.012236,0.103350,9.799447
107.680000,-0.012236,0.103350,9.799447
107.710000,-0.012236,0.103349,9.799447
107.745000,-0.012236,0.103349,9.799447
107.780000,-0.012236,0.103349,9.799447
107.810000,-0.012236,0.103349,9.799447
107.845000,-0.012236,0.103349,9.799447
107.875000,-0.012236,0.103349,9.799447
107.910000,-0.012236,0.103349,9.799447
107.945000,-0.012236,0.103348,9.799447
107.975000,-0.012236,0.103348,9.799447
108.010000,-0.012236,0.103348,9.799447
108.040000,-0.012236,0.103348,9.799447
108.075000,-0.012236,0.103348,9.799447
108.110000,-0.012236,0.103348,9.799447
108.140000,-0.012235,0.103348,9.799447
108.175000,-0.012236,0.103348,9.799447
108.205000,-0.012236,0.103347,9.799447
108.240000,-0.012236,0.103347,9.799447
108.275000,-0.012236,0.103347,9.799447
108.305000,-0.012236,0.103347,9.799447
108.340000,-0.012236,0.103347,9.799447
108.370000,-0.012236,0.103348,9.799447
108.405000,-0.012236,0.103347,9.799447
108.440000,-0.012236,0.103347,9.799447
108.470000,-0.012236,0.103347,9.799447
108.505000,-0.012236,0.103346,9.799447
108.535000,-0.012236,0.103346,9.799447
108.570000,-0.012236,0.103347,9.799447
108.605000,-0.012237,0.103346,9.799447
108.635000,-0.012234,0.103346,9.799447
108.670000,-0.012236,0.103346,9.799447
108.700000,-0.012236,0.103346,9.799447
108.735000,-0.012236,0.103345,9.799447
108.770000,-0.012236,0.103346,9.799447
108.800000,-0.012236,0.103345,9.799447
108.835000,-0.012236,0.103345,9.799447
108.865000,-0.012236,0.103345,9.799447
108.900000,-0.012236,0.103345,9.799447
108.935000,-0.012236,0.103345,9.799447
108.965000,-0.012236,0.103344,9.799447
109.000000,-0.012236,0.103344,9.799447
109.030000,-0.012236,0.103344,9.799447
109.065000,-0.012236,0.103344,9.799447
109.100000,-0.012236,0.103344,9.799447
109.130000,-0.012236,0.103344,9.799447
109.165000,-0.012236,0.103344,9.799447
109.195000,-0.012236,0.103344,9.799447
109.230000,-0.012236,0.103343,9.799447
109.265000,-0.012236,0.103343,9.799447
109.295000,-0.012236,0.103343,9.799447
109.330000,-0.012236,0.103343,9.799447
109.360000,-0.012236,0.103343,9.799447
109.395000,-0.012236,0.103343,9.799447
109.430000,-0.012236,0.103343,9.799447
109.460000,-0.012236,0.103343,9.799447
109.495000,-0.012236,0.103342,9.799447
109.525000,-0.012236,0.103342,9.799447
109.560000,-0.012236,0.103342,9.799447
109.595000,-0.012260,0.103362,9.799449
109.625000,-0.012236,0.103342,9.799447
109.660000,-0.012236,0.103342,9.799447
109.690000,-0.012236,0.103342,9.799447
109.725000,-0.012236,0.103342,9.799447
109.760000,-0.012236,0.103342,9.799447
109.790000,-0.012236,0.103342,9.799447
109.825000,-0.012236,0.103342,9.799447
109.855000,-0.012236,0.103341,9.799447
109.890000,-0.012236,0.103341,9.799447
109.925000,-0.012236,0.103341,9.799447
109.955000,0.087068,-0.071807,9.797623
109.990000,0.076011,-0.049077,9.797219
110.020000,-0.617386,1.150587,9.815152
110.055000,-0.012248,0.103361,9.799446
110.090000,-0.012247,0.103359,9.799446
110.120000,-0.012246,0.103358,9.799446
110.155000,-0.012246,0.103357,9.799446
110.185000,-0.012245,0.103355,9.799446
110.220000,-0.012245,0.103349,9.799447
110.255000,-0.012244,0.103353,9.799446
110.285000,-0.012243,0.103352,9.799446
110.320000,-0.012244,0.103344,9.799447
110.350000,-0.012242,0.103350,9.799446
110.385000,-0.012242,0.103349,9.799446
110.420000,-0.012243,0.103338,9.799447
110.450000,-0.012241,0.103348,9.799447
110.485000,-0.012241,0.103347,9.799447
110.515000,-0.012239,0.103355,9.799446
110.550000,-0.012240,0.103346,9.799447
110.585000,-0.012240,0.103345,9.799447
110.615000,-0.012239,0.103352,9.799446
110.650000,-0.012240,0.103344,9.799447
110.680000,-0.012239,0.103344,9.799447
110.715000,-0.012238,0.103349,9.799447
110.750000,-0.012239,0.103343,9.799447
110.780000,-0.012239,0.103342,9.799447
110.815000,-0.012238,0.103346,9.799447
110.845000,-0.012238,0.103341,9.799447
110.880000,-0.012238,0.103341,9.799447
110.915000,-0.012237,0.103344,9.799447
110.945000,-0.012238,0.103340,9.799447
110.980000,-0.012238,0.103340,9.799447
111.010000,-0.012238,0.103339,9.799447
111.045000,-0.012238,0.103339,9.799447
111.080000,-0.012237,0.103339,9.799447
111.110000,-0.012237,0.103339,9.799447
111.145000,-0.012237,0.103338,9.799447
111.175000,-0.012237,0.103338,9.799447
111.210000,-0.012237,0.103338,9.799447
111.245000,-0.012237,0.103337,9.799447
111.275000,-0.012237,0.103337,9.799447
111.310000,-0.012237,0.103337,9.799447
111.340000,-0.012237,0.103337,9.799447
111.375000,-0.012237,0.103336,9.799447
111.410000,-0.012237,0.103336,9.799447
111.440000,-0.012237,0.103336,9.799447
111.475000,-0.012237,0.103336,9.799447
111.505000,-0.012237,0.103336,9.799447
111.540000,-0.012237,0.103335,9.799447
111.575000,-0.012237,0.103335,9.799447
111.605000,-0.012237,0.103335,9.799447
111.640000,-0.012236,0.103335,9.799447
111.670000,-0.012237,0.103334,9.799448
111.705000,-0.012236,0.103334,9.799447
111.740000,-0.012236,0.103334,9.799447
111.770000,-0.012236,0.103334,9.799448
111.805000,-0.012236,0.103334,9.799448
111.835000,-0.012236,0.103334,9.799448
111.870000,-0.012236,0.103333,9.799448
111.905000,-0.012236,0.103333,9.799448
111.935000,-0.012236,0.103333,9.799448
111.970000,-0.012236,0.103333,9.799448
112.000000,-0.012236,0.103333,9.799448
112.035000,-0.012236,0.103333,9.799448
112.070000,-0.012236,0.103332,9.799448
112.100000,-0.012236,0.103333,9.799448
112.135000,-0.012236,0.103332,9.799448
112.165000,-0.012236,0.103333,9.799448
112.200000,-0.012236,0.103332,9.799448
112.235000,-0.012236,0.103332,9.799448
112.265000,-0.012236,0.103332,9.799448
112.300000,-0.012236,0.103332,9.799448
112.330000,-0.012236,0.103332,9.799448
112.365000,-0.012236,0.103332,9.799448
112.400000,-0.012236,0.103331,9.799448
112.430000,-0.012236,0.103331,9.799448
112.465000,-0.012236,0.103331,9.799448
112.495000,-0.012236,0.103331,9.799448
112.530000,-0.012236,0.103331,9.799448
112.565000,-0.012236,0.103331,9.799448
112.595000,-0.012236,0.103330,9.799448
112.630000,-0.012236,0.103330,9.799448
112.660000,-0.012236,0.103330,9.799448
112.695000,-0.012236,0.103330,9.799448
112.730000,-0.012236,0.103330,9.799448
112.760000,-0.012236,0.103330,9.799448
112.795000,-0.012236,0.103330,9.799448
112.825000,-0.012236,0.103329,9.799448
112.860000,-0.012236,0.103329,9.799448
112.895000,-0.012236,0.103329,9.799448
112.925000,-0.012236,0.103329,9.799448
112.960000,-0.012236,0.103329,9.799448
112.990000,-0.012236,0.103329,9.799448
113.025000,-0.012236,0.103329,9.799448
113.060000,-0.012236,0.103328,9.799448
113.090000,-0.012236,0.103328,9.799448
113.125000,-0.012236,0.103328,9.799448
113.155000,-0.012236,0.103328,9.799448
113.190000,-0.012236,0.103328,9.799448
113.225000,-0.012236,0.103328,9.799448
113.255000,-0.012236,0.103328,9.799448
113.290000,-0.012236,0.103328,9.799448
113.320000,-0.012236,0.103327,9.799448
113.355000,-0.012236,0.103327,9.799448
113.390000,-0.012236,0.103327,9.799448
113.420000,-0.012236,0.103327,9.799448
113.455000,-0.012236,0.103327,9.799448
113.485000,-0.012236,0.103327,9.799448
113.520000,-0.012236,0.103327,9.799448
113.555000,-0.012236,0.103327,9.799448
113.585000,-0.012236,0.103326,9.799448
113.620000,-0.012236,0.103326,9.799448
113.650000,-0.012236,0.103326,9.799448
113.685000,-0.012236,0.103326,9.799448
113.720000,-0.012236,0.103326,9.799448
113.750000,-0.012236,0.103326,9.799448
113.785000,-0.012236,0.103326,9.799448
113.815000,-0.012236,0.103325,9.799448
113.850000,-0.012236,0.103325,9.799448
113.885000,-0.012236,0.103325,9.799448
113.915000,-0.012236,0.103325,9.799448
113.950000,-0.012236,0.103325,9.799448
113.980000,-0.012236,0.103325,9.799448
114.015000,-0.012236,0.103325,9.799448
114.050000,-0.012236,0.103325,9.799448
114.080000,-0.012236,0.103324,9.799448
114.115000,-0.012236,0.103324,9.799448
114.145000,-0.012236,0.103324,9.799448
114.180000,-0.012236,0.103324,9.799448
114.215000,-0.012236,0.103324,9.799448
114.245000,-0.012236,0.103324,9.799448
114.280000,-0.012236,0.103324,9.799448
114.310000,-0.012236,0.103324,9.799448
114.345000,-0.012236,0.103323,9.799448
114.380000,-0.012236,0.103323,9.799448
114.410000,-0.012236,0.103323,9.799448
114.445000,-0.012236,0.103323,9.799448
114.475000,-0.012236,0.103323,9.799448
114.510000,-0.012236,0.103323,9.799448
114.545000,-0.012236,0.103323,9.799448
114.575000,-0.012236,0.103322,9.799448
114.610000,-0.012236,0.103322,9.799448
114.640000,-0.012236,0.103322,9.799448
114.675000,-0.012236,0.103322,9.799448
114.710000,-0.012236,0.103322,9.799448
114.740000,-0.012236,0.103322,9.799448
114.775000,-0.012236,0.103322,9.799448
114.805000,-0.012236,0.103322,9.799448
114.840000,-0.012236,0.103321,9.799448
114.875000,-0.012236,0.103321,9.799448
114.905000,-0.012236,0.103321,9.799448
114.940000,-0.012236,0.103321,9.799448
114.970000,-0.012236,0.103321,9.799448
115.005000,-0.012236,0.103321,9.799448
115.040000,-0.012236,0.103321,9.799448
115.070000,-0.012236,0.103321,9.799448
115.105000,-0.012236,0.103320,9.799448
115.135000,-0.012236,0.103320,9.799448
115.170000,-0.012236,0.103320,9.799448
115.205000,-0.012236,0.103320,9.799448
115.235000,-0.012236,0.103320,9.799448
115.270000,-0.012236,0.103320,9.799448
115.300000,-0.012236,0.103320,9.799448
115.335000,-0.012236,0.103319,9.799448
115.370000,-0.012236,0.103319,9.799448
115.400000,-0.012236,0.103319,9.799448
115.435000,-0.012236,0.103319,9.799448
115.465000,-0.012236,0.103319,9.799448
115.500000,-0.012236,0.103319,9.799448
115.535000,-0.012236,0.103319,9.799448
115.565000,-0.012236,0.103319,9.799448
115.600000,-0.012236,0.103318,9.799448
115.630000,-0.012236,0.103318,9.799448
115.665000,-0.012236,0.103318,9.799448
115.700000,-0.012236,0.103318,9.799448
115.730000,-0.012236,0.103318,9.799448
115.765000,-0.012236,0.103318,9.799448
115.795000,-0.012236,0.103318,9.799448
115.830000,-0.012236,0.103318,9.799448
115.865000,-0.012236,0.103317,9.799448
115.895000,-0.012236,0.103317,9.799448
115.930000,-0.012236,0.103317,9.799448
115.960000,-0.012236,0.103317,9.799448
115.995000,-0.012236,0.103317,9.799448
116.030000,-0.012236,0.103317,9.799448
116.060000,-0.012236,0.103317,9.799448
116.095000,-0.012236,0.103317,9.799448
116.125000,-0.012236,0.103316,9.799448
116.160000,-0.012236,0.103316,9.799448
116.195000,-0.012236,0.103316,9.799448
116.225000,-0.012236,0.103316,9.799448
116.260000,-0.012236,0.103316,9.799448
116.290000,-0.012236,0.103316,9.799448
116.325000,-0.012236,0.103316,9.799448
116.360000,-0.012236,0.103315,9.799448
116.390000,-0.012236,0.103315,9.799448
116.425000,-0.012236,0.103315,9.799448
116.455000,-0.012236,0.103315,9.799448
116.490000,-0.012236,0.103315,9.799448
116.525000,-0.012236,0.103315,9.799448
116.555000,-0.012236,0.103315,9.799448
116.590000,-0.012236,0.103315,9.799448
116.620000,-0.012236,0.103314,9.799448
116.655000,-0.012236,0.103314,9.799448
116.690000,-0.012236,0.103314,9.799448
116.720000,-0.012236,0.103314,9.799448
116.755000,-0.012236,0.103314,9.799448
116.785000,-0.012236,0.103314,9.799448
116.820000,-0.012236,0.103314,9.799448
116.855000,-0.012236,0.103314,9.799448
116.885000,-0.012236,0.103313,9.799448
116.920000,-0.012236,0.103313,9.799448
116.950000,-0.012236,0.103313,9.799448
116.985000,-0.012236,0.103313,9.799448
117.020000,-0.012236,0.103313,9.799448
117.050000,-0.012236,0.103313,9.799448
117.085000,-0.012236,0.103313,9.799448
117.115000,-0.012236,0.103312,9.799448
117.150000,-0.012236,0.103312,9.799448
117.185000,-0.012236,0.103312,9.799448
117.215000,-0.012236,0.103312,9.799448
117.250000,-0.012236,0.103312,9.799448
117.280000,-0.012236,0.103312,9.799448
117.315000,-0.012236,0.103312,9.799448
117.350000,-0.012236,0.103312,9.799448
117.380000,-0.012236,0.103311,9.799448
117.415000,-0.012236,0.103311,9.799448
117.445000,-0.012236,0.103311,9.799448
117.480000,-0.012236,0.103311,9.799448
117.515000,-0.012236,0.103311,9.799448
117.545000,-0.012236,0.103311,9.799448
117.580000,-0.012236,0.103311,9.799448
117.610000,-0.012236,0.103311,9.799448
117.645000,-0.012236,0.103310,9.799448
117.680000,-0.012236,0.103310,9.799448
117.710000,-0.012236,0.103310,9.799448
117.745000,-0.012236,0.103310,9.799448
117.775000,-0.012236,0.103310,9.799448
117.810000,-0.012236,0.103310,9.799448
117.845000,-0.012236,0.103310,9.799448
117.875000,-0.012236,0.103310,9.799448
117.910000,-0.012236,0.103309,9.799448
117.940000,-0.012236,0.103309,9.799448
117.975000,-0.012236,0.103309,9.799448
118.010000,-0.012236,0.103309,9.799448
118.040000,-0.012236,0.103309,9.799448
118.075000,-0.012236,0.103309,9.799448
118.105000,-0.012236,0.103309,9.799448
118.140000,-0.012236,0.103308,9.799448
118.175000,-0.012236,0.103308,9.799448
118.205000,-0.012236,0.103308,9.799448
118.240000,-0.012236,0.103308,9.799448
118.270000,-0.012236,0.103308,9.799448
118.305000,-0.012236,0.103308,9.799448
118.340000,-0.012236,0.103308,9.799448
118.370000,-0.012236,0.103308,9.799448
118.405000,-0.012236,0.103307,9.799448
118.435000,-0.012236,0.103307,9.799448
118.470000,-0.012236,0.103307,9.799448
118.505000,-0.012236,0.103307,9.799448
118.535000,-0.012236,0.103307,9.799448
118.570000,-0.012236,0.103307,9.799448
118.600000,-0.012236,0.103307,9.799448
118.635000,-0.012236,0.103307,9.799448
118.670000,-0.012236,0.103306,9.799448
118.700000,-0.012236,0.103306,9.799448
118.735000,-0.012236,0.103306,9.799448
118.765000,-0.012236,0.103306,9.799448
118.800000,-0.012236,0.103306,9.799448
118.835000,-0.012236,0.103306,9.799448
118.865000,-0.012236,0.103306,9.799448
118.900000,-0.012236,0.103305,9.799448
118.930000,-0.012236,0.103305,9.799448
118.965000,-0.012236,0.103305,9.799448
119.000000,-0.012236,0.103305,9.799448
119.030000,-0.012236,0.103305,9.799448
119.065000,-0.012236,0.103305,9.799448
119.095000,-0.012236,0.103305,9.799448
119.130000,-0.012236,0.103305,9.799448
119.165000,-0.012236,0.103304,9.799448
119.195000,-0.012236,0.103304,9.799448
119.230000,-0.012236,0.103304,9.799448
119.260000,-0.012236,0.103304,9.799448
119.295000,-0.012236,0.103304,9.799448
119.330000,-0.012236,0.103304,9.799448
119.360000,-0.012236,0.103304,9.799448
119.395000,-0.012236,0.103304,9.799448
119.425000,-0.012236,0.103303,9.799448
119.460000,-0.012236,0.103303,9.799448
119.495000,-0.012236,0.103303,9.799448
119.525000,-0.012236,0.103303,9.799448
119.560000,-0.012236,0.103303,9.799448
119.590000,-0.012236,0.103303,9.799448
119.625000,-0.012236,0.103303,9.799448
119.660000,-0.012236,0.103302,9.799448
119.690000,-0.012236,0.103302,9.799448
119.725000,-0.012236,0.103302,9.799448
119.755000,-0.012236,0.103302,9.799448
119.790000,-0.012236,0.103302,9.799448
119.825000,-0.012236,0.103302,9.799448
119.855000,-0.012236,0.103302,9.799448
119.890000,-0.012236,0.103302,9.799448
119.920000,-0.012236,0.103301,9.799448
119.955000,-0.012236,0.103301,9.799448
119.990000,-0.012236,0.103301,9.799448
120.020000,-0.012236,0.103301,9.799448
120.055000,-0.012236,0.103301,9.799448
120.085000,-0.012236,0.103301,9.799448
120.120000,-0.012236,0.103301,9.799448
120.155000,-0.012236,0.103301,9.799448
120.185000,-0.012236,0.103300,9.799448
120.220000,-0.012236,0.103300,9.799448
120.250000,-0.012236,0.103300,9.799448
120.285000,-0.012236,0.103300,9.799448
120.320000,-0.012236,0.103300,9.799448
120.350000,-0.012236,0.103300,9.799448
120.385000,-0.012236,0.103300,9.799448
120.415000,-0.012236,0.103300,9.799448
120.450000,-0.012236,0.103299,9.799448
120.485000,-0.012236,0.103299,9.799448
120.515000,-0.012236,0.103299,9.799448
120.550000,-0.012236,0.103299,9.799448
120.580000,-0.012236,0.103299,9.799448
120.615000,-0.012236,0.103299,9.799448
120.650000,-0.012236,0.103299,9.799448
120.680000,-0.012236,0.103298,9.799448
120.715000,-0.012236,0.103298,9.799448
120.745000,-0.012236,0.103298,9.799448
120.780000,-0.012236,0.103298,9.799448
120.815000,-0.012236,0.103298,9.799448
120.845000,-0.012236,0.103298,9.799448
120.880000,-0.012236,0.103298,9.799448
120.910000,-0.012236,0.103298,9.799448
120.945000,-0.012236,0.103297,9.799448
120.980000,-0.012236,0.103297,9.799448
121.010000,-0.012236,0.103297,9.799448
121.045000,-0.012236,0.103297,9.799448
121.075000,-0.012236,0.103297,9.799448
121.110000,-0.012236,0.103297,9.799448
121.145000,-0.012236,0.103297,9.799448
121.175000,-0.012236,0.103297,9.799448
121.210000,-0.012236,0.103296,9.799448
121.240000,-0.012236,0.103296,9.799448
121.275000,-0.012236,0.103296,9.799448
121.310000,-0.012236,0.103296,9.799448
121.340000,-0.012236,0.103296,9.799448
121.375000,-0.012236,0.103296,9.799448
121.405000,-0.012236,0.103296,9.799448
121.440000,-0.012236,0.103296,9.799448
121.475000,-0.012236,0.103295,9.799448
121.505000,-0.012236,0.103295,9.799448
121.540000,-0.012236,0.103295,9.799448
121.570000,-0.012236,0.103295,9.799448
121.605000,-0.012236,0.103295,9.799448
121.640000,-0.012236,0.103295,9.799448
121.670000,-0.012236,0.103295,9.799448
121.705000,-0.012236,0.103294,9.799448
121.735000,-0.012236,0.103294,9.799448
121.770000,-0.012236,0.103294,9.799448
121.805000,-0.012236,0.103294,9.799448
121.835000,-0.012236,0.103294,9.799448
121.870000,-0.012236,0.103294,9.799448
121.900000,-0.012236,0.103294,9.799448
121.935000,-0.012236,0.103294,9.799448
121.970000,-0.012236,0.103293,9.799448
122.000000,-0.012236,0.103293,9.799448
122.035000,-0.012236,0.103293,9.799448
122.065000,-0.012236,0.103293,9.799448
122.100000,-0.012236,0.103293,9.799448
122.135000,-0.012236,0.103293,9.799448
122.165000,-0.012236,0.103293,9.799448
122.200000,-0.012236,0.103293,9.799448
122.230000,-0.012236,0.103292,9.799448
122.265000,-0.012236,0.103292,9.799448
122.300000,-0.012236,0.103292,9.799448
122.330000,-0.012236,0.103292,9.799448
122.365000,-0.012236,0.103292,9.799448
122.395000,-0.012236,0.103292,9.799448
122.430000,-0.012236,0.103292,9.799448
122.465000,-0.012236,0.103291,9.799448
122.495000,-0.012236,0.103291,9.799448
122.530000,-0.012236,0.103291,9.799448
122.560000,-0.012236,0.103291,9.799448
122.595000,-0.012236,0.103291,9.799448
122.630000,-0.012236,0.103291,9.799448
122.660000,-0.012236,0.103291,9.799448
122.695000,-0.012236,0.103291,9.799448
122.725000,-0.012236,0.103290,9.799448
122.760000,-0.012236,0.103290,9.799448
122.795000,-0.012236,0.103290,9.799448
122.825000,-0.012236,0.103290,9.799448
122.860000,-0.012236,0.103290,9.799448
122.890000,-0.012236,0.103290,9.799448
122.925000,-0.012236,0.103290,9.799448
122.960000,-0.012236,0.103290,9.799448
122.990000,-0.012236,0.103289,9.799448
123.025000,-0.012236,0.103289,9.799448
123.055000,-0.012236,0.103289,9.799448
123.090000,-0.012236,0.103289,9.799448
123.125000,-0.012236,0.103289,9.799448
123.155000,-0.012236,0.103289,9.799448
123.190000,-0.012237,0.103289,9.799448
123.220000,-0.012237,0.103289,9.799448
123.255000,-0.012237,0.103288,9.799448
123.290000,-0.012237,0.103288,9.799448
123.320000,-0.012237,0.103288,9.799448
123.355000,-0.012237,0.103288,9.799448
123.385000,-0.012237,0.103288,9.799448
123.420000,-0.012237,0.103288,9.799448
123.455000,-0.012237,0.103288,9.799448
123.485000,-0.012237,0.103287,9.799448
123.520000,-0.012237,0.103287,9.799448
123.550000,-0.012237,0.103287,9.799448
123.585000,-0.012237,0.103287,9.799448
123.620000,-0.012237,0.103287,9.799448
123.650000,-0.012237,0.103287,9.799448
123.685000,-0.012237,0.103287,9.799448
123.715000,-0.012237,0.103287,9.799448
123.750000,-0.012237,0.103286,9.799448
123.785000,-0.012237,0.103286,9.799448
123.815000,-0.012237,0.103286,9.799448
123.850000,-0.012237,0.103286,9.799448
123.880000,-0.012237,0.103286,9.799448
123.915000,-0.012237,0.103286,9.799448
123.950000,-0.012237,0.103286,9.799448
123.980000,-0.012237,0.103286,9.799448
124.015000,-0.012237,0.103285,9.799448
124.045000,-0.012237,0.103285,9.799448
124.080000,-0.012237,0.103285,9.799448
124.115000,-0.012237,0.103285,9.799448
124.145000,-0.012237,0.103285,9.799448
124.180000,-0.012237,0.103285,9.799448
124.210000,-0.012237,0.103285,9.799448
124.245000,-0.012237,0.103284,9.799448
124.280000,-0.012237,0.103284,9.799448
124.310000,-0.012237,0.103284,9.799448
124.345000,-0.012237,0.103284,9.799448
124.375000,-0.012237,0.103284,9.799448
124.410000,-0.012237,0.103284,9.799448
124.445000,-0.012237,0.103284,9.799448
124.475000,-0.012237,0.103284,9.799448
124.510000,-0.012237,0.103283,9.799448
124.540000,-0.012237,0.103283,9.799448
124.575000,-0.012237,0.103283,9.799448
124.610000,-0.012237,0.103283,9.799448
124.640000,-0.012237,0.103283,9.799448
124.675000,-0.012237,0.103283,9.799448
124.705000,-0.012237,0.103283,9.799448
124.740000,-0.012237,0.103283,9.799448
124.775000,-0.012237,0.103282,9.799448
124.805000,-0.012237,0.103282,9.799448
124.840000,-0.012237,0.103282,9.799448
124.870000,-0.012237,0.103282,9.799448
124.905000,-0.012237,0.103282,9.799448
124.940000,-0.012237,0.103282,9.799448
124.970000,-0.012237,0.103282,9.799448
125.005000,-0.012237,0.103281,9.799448
125.035000,-0.012237,0.103281,9.799448
125.070000,-0.012237,0.103281,9.799448
125.105000,-0.012237,0.103281,9.799448
125.135000,-0.012237,0.103281,9.799448
125.170000,-0.012237,0.103281,9.799448
125.200000,-0.012237,0.103281,9.799448
125.235000,-0.012237,0.103281,9.799448
125.270000,-0.012237,0.103280,9.799448
125.300000,-0.012237,0.103280,9.799448
125.335000,-0.012237,0.103280,9.799448
125.365000,-0.012237,0.103280,9.799448
125.400000,-0.012237,0.103280,9.799448
125.435000,-0.012237,0.103280,9.799448
125.465000,-0.012237,0.103280,9.799448
125.500000,-0.012237,0.103280,9.799448
125.530000,-0.012237,0.103279,9.799448
125.565000,-0.012237,0.103279,9.799448
125.600000,-0.012237,0.103279,9.799448
125.630000,-0.012237,0.103279,9.799448
125.665000,-0.012237,0.103279,9.799448
125.695000,-0.012237,0.103279,9.799448
125.730000,-0.012237,0.103279,9.799448
125.765000,-0.012237,0.103279,9.799448
125.795000,-0.012237,0.103278,9.799448
125.830000,-0.012237,0.103278,9.799448
125.860000,-0.012237,0.103278,9.799448
125.895000,-0.012237,0.103278,9.799448
125.930000,-0.012237,0.103278,9.799448
125.960000,-0.012237,0.103278,9.799448
125.995000,-0.012237,0.103278,9.799448
126.025000,-0.012237,0.103277,9.799448
126.060000,-0.012237,0.103277,9.799448
126.095000,-0.012237,0.103277,9.799448
126.125000,-0.012237,0.103277,9.799448
126.160000,-0.012237,0.103277,9.799448
126.190000,-0.012237,0.103277,9.799448
126.225000,-0.012237,0.103277,9.799448
126.260000,-0.012237,0.103277,9.799448
126.290000,-0.012237,0.103276,9.799448
126.325000,-0.012237,0.103276,9.799448
126.355000,-0.012237,0.103276,9.799448
126.390000,-0.012237,0.103276,9.799448
126.425000,-0.012237,0.103276,9.799448
126.455000,-0.012237,0.103276,9.799448
126.490000,-0.012237,0.103276,9.799448
126.520000,-0.012237,0.103276,9.799448
126.555000,-0.012237,0.103275,9.799448
126.590000,-0.012237,0.103275,9.799448
126.620000,-0.012237,0.103275,9.799448
126.655000,-0.012237,0.103275,9.799448
126.685000,-0.012237,0.103275,9.799448
126.720000,-0.012237,0.103275,9.799448
126.755000,-0.012237,0.103275,9.799448
126.785000,-0.012237,0.103274,9.799448
126.820000,-0.012237,0.103274,9.799448
126.850000,-0.012237,0.103274,9.799448
126.885000,-0.012237,0.103274,9.799448
126.920000,-0.012237,0.103274,9.799448
126.950000,-0.012237,0.103274,9.799448
126.985000,-0.012237,0.103274,9.799448
127.015000,-0.012237,0.103274,9.799448
127.050000,-0.012237,0.103273,9.799448
127.085000,-0.012237,0.103273,9.799448
127.115000,-0.012237,0.103273,9.799448
127.150000,-0.012237,0.103273,9.799448
127.180000,-0.012237,0.103273,9.799448
127.215000,-0.012237,0.103273,9.799448
127.250000,-0.012237,0.103273,9.799448
127.280000,-0.012237,0.103273,9.799448
127.315000,-0.012237,0.103272,9.799448
127.345000,-0.012237,0.103272,9.799448
127.380000,-0.012237,0.103272,9.799448
127.415000,-0.012237,0.103272,9.799448
127.445000,-0.012237,0.103272,9.799448
127.480000,-0.012237,0.103272,9.799448
127.510000,-0.012237,0.103272,9.799448
127.545000,-0.012237,0.103272,9.799448
127.580000,-0.012237,0.103271,9.799448
127.610000,-0.012237,0.103271,9.799448
127.645000,-0.012237,0.103271,9.799448
127.675000,-0.012237,0.103271,9.799448
127.710000,-0.012237,0.103271,9.799448
127.745000,-0.012237,0.103271,9.799448
127.775000,-0.012237,0.103271,9.799448
127.810000,-0.012237,0.103270,9.799448
127.840000,-0.012237,0.103270,9.799448
127.875000,-0.012237,0.103270,9.799448
127.910000,-0.012237,0.103270,9.799448
127.940000,-0.012237,0.103270,9.799448
127.975000,-0.012237,0.103270,9.799448
128.005000,-0.012237,0.103270,9.799448
128.040000,-0.012237,0.103270,9.799448
128.075000,-0.012237,0.103269,9.799448
128.105000,-0.012237,0.103269,9.799448
128.140000,-0.012237,0.103269,9.799448
128.170000,-0.012237,0.103269,9.799448
128.205000,-0.012237,0.103269,9.799448
128.240000,-0.012237,0.103269,9.799448
128.270000,-0.012237,0.103269,9.799448
128.305000,-0.012237,0.103269,9.799448
128.335000,-0.012237,0.103268,9.799448
128.370000,-0.012237,0.103268,9.799448
128.405000,-0.012237,0.103268,9.799448
128.435000,-0.012237,0.103268,9.799448
128.470000,-0.012237,0.103268,9.799448
128.500000,-0.012237,0.103268,9.799448
128.535000,-0.012237,0.103268,9.799448
128.570000,-0.012237,0.103267,9.799448
128.600000,-0.012237,0.103267,9.799448
128.635000,-0.012237,0.103267,9.799448
128.665000,-0.012237,0.103267,9.799448
128.700000,-0.012237,0.103267,9.799448
128.735000,-0.012237,0.103267,9.799448
128.765000,-0.012237,0.103267,9.799448
128.800000,-0.012237,0.103267,9.799448
128.830000,-0.012237,0.103266,9.799448
128.865000,-0.012237,0.103266,9.799448
128.900000,-0.012237,0.103266,9.799448
128.930000,-0.012237,0.103266,9.799448
128.965000,-0.012237,0.103266,9.799448
128.995000,-0.012237,0.103266,9.799448
129.030000,-0.012237,0.103266,9.799448
129.065000,-0.012237,0.103266,9.799448
129.095000,-0.012237,0.103265,9.799448
129.130000,-0.012237,0.103265,9.799448
129.160000,-0.012237,0.103265,9.799448
129.195000,-0.012237,0.103265,9.799448
129.230000,-0.012237,0.103265,9.799448
129.260000,-0.012237,0.103265,9.799448
129.295000,-0.012237,0.103265,9.799448
129.325000,-0.012237,0.103265,9.799448
129.360000,-0.012237,0.103264,9.799448
129.395000,-0.012237,0.103264,9.799448
129.425000,-0.012237,0.103264,9.799448
129.460000,-0.012237,0.103264,9.799448
129.490000,-0.012237,0.103264,9.799448
129.525000,-0.012237,0.103264,9.799448
129.560000,-0.012237,0.103264,9.799448
129.590000,-0.012237,0.103263,9.799448
129.625000,-0.012237,0.103263,9.799448
129.655000,-0.012237,0.103263,9.799448
129.690000,-0.012237,0.103263,9.799448
129.725000,-0.012237,0.103263,9.799448
129.755000,-0.012237,0.103263,9.799448
129.790000,-0.012237,0.103263,9.799448
129.820000,-0.012237,0.103263,9.799448
129.855000,-0.012237,0.103262,9.799448
129.890000,-0.012237,0.103262,9.799448
129.920000,-0.012237,0.103262,9.799448
129.955000,-0.012237,0.103262,9.799448
129.985000,-0.012237,0.103262,9.799448
130.020000,-0.012237,0.103262,9.799448
130.055000,-0.012237,0.103262,9.799448
130.085000,-0.012237,0.103262,9.799448
130.120000,-0.012237,0.103261,9.799448
130.150000,-0.012237,0.103261,9.799448
130.185000,-0.012237,0.103261,9.799448
130.220000,-0.012237,0.103261,9.799448
130.250000,-0.012237,0.103261,9.799448
130.285000,-0.012237,0.103261,9.799448
130.315000,-0.012237,0.103261,9.799448
130.350000,-0.012237,0.103260,9.799448
130.385000,-0.012237,0.103260,9.799448
130.415000,-0.012237,0.103260,9.799448
130.450000,-0.012237,0.103260,9.799448
130.480000,-0.012237,0.103260,9.799448
130.515000,-0.012237,0.103260,9.799448
130.550000,-0.012237,0.103260,9.799448
130.580000,-0.012237,0.103260,9.799448
130.615000,-0.012237,0.103259,9.799448
130.645000,-0.012237,0.103259,9.799448
130.680000,-0.012237,0.103259,9.799448
130.715000,-0.012237,0.103259,9.799448
130.745000,-0.012237,0.103259,9.799448
130.780000,-0.012237,0.103259,9.799448
130.810000,-0.012237,0.103259,9.799448
130.845000,-0.012237,0.103259,9.799448
130.880000,-0.012237,0.103258,9.799448
130.910000,-0.012237,0.103258,9.799448
130.945000,-0.012237,0.103258,9.799448
130.975000,-0.012237,0.103258,9.799448
131.010000,-0.012237,0.103258,9.799448
131.045000,-0.012237,0.103258,9.799448
131.075000,-0.012237,0.103258,9.799448
131.110000,-0.012237,0.103257,9.799448
131.140000,-0.012237,0.103257,9.799448
131.175000,-0.012237,0.103257,9.799448
131.210000,-0.012237,0.103257,9.799448
131.240000,-0.012237,0.103257,9.799448
131.275000,-0.012237,0.103257,9.799448
131.305000,-0.012237,0.103257,9.799448
131.340000,-0.012237,0.103257,9.799448
131.375000,-0.012237,0.103256,9.799448
131.405000,-0.012237,0.103256,9.799448
131.440000,-0.012237,0.103256,9.799448
131.470000,-0.012237,0.103256,9.799448
131.505000,-0.012237,0.103256,9.799448
131.540000,-0.012237,0.103256,9.799448
131.570000,-0.012237,0.103256,9.799448
131.605000,-0.012237,0.103256,9.799448
131.635000,-0.012237,0.103255,9.799448
131.670000,-0.012237,0.103255,9.799448
131.705000,-0.012237,0.103255,9.799448
131.735000,-0.012237,0.103255,9.799448
131.770000,-0.012237,0.103255,9.799448
131.800000,-0.012237,0.103255,9.799448
131.835000,-0.012237,0.103255,9.799448
131.870000,-0.012237,0.103255,9.799448
131.900000,-0.012237,0.103254,9.799448
131.935000,-0.012237,0.103254,9.799448
131.965000,-0.012237,0.103254,9.799448
132.000000,-0.012237,0.103254,9.799448
132.035000,-0.012237,0.103254,9.799448
132.065000,-0.012237,0.103254,9.799448
132.100000,-0.012237,0.103254,9.799448
132.130000,-0.012237,0.103253,9.799448
132.165000,-0.012237,0.103253,9.799448
132.200000,-0.012237,0.103253,9.799448
132.230000,-0.012237,0.103253,9.799448
132.265000,-0.012237,0.103253,9.799448
132.295000,-0.012237,0.103253,9.799448
132.330000,-0.012237,0.103253,9.799448
132.365000,-0.012237,0.103253,9.799448
132.395000,-0.012237,0.103252,9.799448
132.430000,-0.012237,0.103252,9.799448
132.460000,-0.012237,0.103252,9.799448
132.495000,-0.012237,0.103252,9.799448
132.530000,-0.012237,0.103252,9.799448
132.560000,-0.012237,0.103252,9.799448
132.595000,-0.012237,0.103252,9.799448
132.625000,-0.012237,0.103252,9.799448
132.660000,-0.012237,0.103251,9.799448
132.695000,-0.012237,0.103251,9.799448
132.725000,-0.012237,0.103251,9.799448
132.760000,-0.203312,0.434184,9.804429
132.790000,-0.012227,0.103229,9.799436
132.825000,-0.012228,0.103229,9.799437
132.860000,-0.012228,0.103230,9.799438
132.890000,-0.012229,0.103230,9.799438
132.925000,-0.012229,0.103230,9.799439
132.955000,-0.012230,0.103230,9.799440
132.990000,-0.012230,0.103230,9.799440
133.025000,-0.012231,0.103230,9.799441
133.055000,-0.012231,0.103230,9.799441
133.090000,-0.012231,0.103230,9.799442
133.120000,-0.012232,0.103230,9.799442
133.155000,-0.012232,0.103230,9.799443
133.190000,-0.012232,0.103230,9.799443
133.220000,-0.012232,0.103230,9.799443
133.255000,-0.012233,0.103230,9.799444
133.285000,-0.012233,0.103230,9.799444
133.320000,-0.012233,0.103229,9.799444
133.355000,-0.012233,0.103229,9.799445
133.385000,-0.012234,0.103229,9.799445
133.420000,-0.012234,0.103229,9.799445
133.450000,-0.012234,0.103229,9.799445
133.485000,-0.012234,0.103229,9.799446
133.520000,-0.012234,0.103229,9.799446
133.550000,-0.012234,0.103229,9.799446
133.585000,-0.012235,0.103229,9.799446
133.615000,-0.012235,0.103229,9.799446
133.650000,-0.012235,0.103229,9.799446
133.685000,-0.012235,0.103229,9.799447
133.715000,-0.012235,0.103229,9.799447
133.750000,-0.012235,0.103229,9.799447
133.780000,-0.012235,0.103228,9.799447
133.815000,-0.012235,0.103228,9.799447
133.850000,-0.012235,0.103228,9.799447
133.880000,-0.012235,0.103228,9.799447
133.915000,-0.012236,0.103228,9.799447
133.945000,-0.012236,0.103228,9.799447
133.980000,-0.012236,0.103228,9.799448
134.015000,-0.012236,0.103228,9.799448
134.045000,-0.012236,0.103228,9.799448
134.080000,-0.012236,0.103228,9.799448
134.110000,-0.012236,0.103227,9.799448
134.145000,-0.012236,0.103227,9.799448
134.180000,-0.012236,0.103227,9.799448
134.210000,-0.012236,0.103227,9.799448
134.245000,-0.012236,0.103227,9.799448
134.275000,-0.012236,0.103227,9.799448
134.310000,-0.012236,0.103227,9.799448
134.345000,-0.012236,0.103227,9.799448
134.375000,-0.012236,0.103226,9.799448
134.410000,-0.012236,0.103226,9.799448
134.440000,-0.012236,0.103226,9.799448
134.475000,-0.012236,0.103226,9.799448
134.510000,-0.012236,0.103226,9.799448
134.540000,-0.012236,0.103226,9.799448
134.575000,-0.012236,0.103226,9.799448
134.605000,-0.012236,0.103226,9.799448
134.640000,-0.012236,0.103225,9.799448
134.675000,-0.012236,0.103225,9.799448
134.705000,-0.012236,0.103225,9.799448
134.740000,-0.012236,0.103225,9.799448
134.770000,-0.012236,0.103225,9.799448
134.805000,-0.012236,0.103225,9.799448
134.840000,-0.012236,0.103225,9.799448
134.870000,-0.012236,0.103225,9.799449
134.905000,-0.012236,0.103224,9.799449
134.935000,-0.012236,0.103224,9.799449
134.970000,-0.012236,0.103224,9.799449
135.005000,-0.012236,0.103224,9.799449
135.035000,-0.012236,0.103224,9.799449
135.070000,-0.012236,0.103224,9.799449
135.100000,-0.012236,0.103224,9.799449
135.135000,-0.012236,0.103224,9.799449
135.170000,-0.012236,0.103223,9.799449
135.200000,-0.012236,0.103223,9.799449
135.235000,-0.012236,0.103223,9.799449
135.265000,-0.012237,0.103223,9.799449
135.300000,-0.012237,0.103223,9.799449
135.335000,-0.012237,0.103223,9.799449
135.365000,-0.012237,0.103223,9.799449
135.400000,-0.012237,0.103223,9.799449
135.430000,-0.012237,0.103222,9.799449
135.465000,-0.012237,0.103222,9.799449
135.500000,-0.012237,0.103222,9.799449
135.530000,-0.012237,0.103222,9.799449
135.565000,-0.012237,0.103222,9.799449
135.595000,-0.012237,0.103222,9.799449
135.630000,-0.012237,0.103222,9.799449
135.665000,-0.012237,0.103222,9.799449
135.695000,-0.012237,0.103221,9.799449
135.730000,-0.012237,0.103221,9.799449
135.760000,-0.012237,0.103221,9.799449
135.795000,-0.012237,0.103221,9.799449
135.830000,-0.012237,0.103221,9.799449
135.860000,-0.012237,0.103221,9.799449
135.895000,-0.012237,0.103221,9.799449
135.925000,-0.012237,0.103221,9.799449
135.960000,-0.012237,0.103220,9.799449
135.995000,-0.012237,0.103220,9.799449
136.025000,-0.012237,0.103220,9.799449
136.060000,-0.012237,0.103220,9.799449
136.090000,-0.012237,0.103220,9.799449
136.125000,-0.012237,0.103220,9.799449
136.160000,-0.012237,0.103220,9.799449
136.190000,-0.012237,0.103219,9.799449
136.225000,-0.012237,0.103219,9.799449
136.255000,-0.012237,0.103219,9.799449
136.290000,-0.012237,0.103219,9.799449
136.325000,-0.012237,0.103219,9.799449
136.355000,-0.012237,0.103219,9.799449
136.390000,-0.012237,0.103219,9.799449
136.420000,-0.012237,0.103219,9.799449
136.455000,-0.012237,0.103218,9.799449
136.490000,-0.012237,0.103218,9.799449
136.520000,-0.012237,0.103218,9.799449
136.555000,-0.012237,0.103218,9.799449
136.585000,-0.012237,0.103218,9.799449
136.620000,-0.012237,0.103218,9.799449
136.655000,-0.012237,0.103218,9.799449
136.685000,-0.012237,0.103218,9.799449
136.720000,-0.012237,0.103217,9.799449
136.750000,-0.012237,0.103217,9.799449
136.785000,-0.012237,0.103217,9.799449
136.820000,-0.012237,0.103217,9.799449
136.850000,-0.012237,0.103217,9.799449
136.885000,-0.012237,0.103217,9.799449
136.915000,-0.012237,0.103217,9.799449
136.950000,-0.012237,0.103216,9.799449
136.985000,-0.012237,0.103216,9.799449
137.015000,-0.012237,0.103216,9.799449
137.050000,-0.012237,0.103216,9.799449
137.080000,-0.012237,0.103216,9.799449
137.115000,-0.012237,0.103216,9.799449
137.150000,-0.012237,0.103216,9.799449
137.180000,-0.012237,0.103216,9.799449
137.215000,-0.012237,0.103215,9.799449
137.245000,-0.012237,0.103215,9.799449
137.280000,-0.012237,0.103215,9.799449
137.315000,-0.012237,0.103215,9.799449
137.345000,-0.012237,0.103215,9.799449
137.380000,-0.012237,0.103215,9.799449
137.410000,-0.012237,0.103215,9.799449
137.445000,-0.012237,0.103215,9.799449
137.480000,-0.012237,0.103214,9.799449
137.510000,-0.012237,0.103214,9.799449
137.545000,-0.012237,0.103214,9.799449
137.575000,-0.012237,0.103214,9.799449
137.610000,-0.012237,0.103214,9.799449
137.645000,-0.012237,0.103214,9.799449
137.675000,-0.012237,0.103214,9.799449
137.710000,-0.012237,0.103213,9.799449
137.740000,-0.012237,0.103213,9.799449
137.775000,-0.012237,0.103213,9.799449
137.810000,-0.012237,0.103213,9.799449
137.840000,-0.012237,0.103213,9.799449
137.875000,-0.012237,0.103213,9.799449
137.905000,-0.012237,0.103213,9.799449
137.940000,-0.012237,0.103213,9.799449
137.975000,-0.012237,0.103212,9.799449
138.005000,-0.012237,0.103212,9.799449
138.040000,-0.012237,0.103212,9.799449
138.070000,-0.012237,0.103212,9.799449
138.105000,-0.012237,0.103212,9.799449
138.140000,-0.012237,0.103212,9.799449
138.170000,-0.012237,0.103212,9.799449
138.205000,-0.012237,0.103212,9.799449
138.235000,-0.012237,0.103211,9.799449
138.270000,-0.012237,0.103211,9.799449
138.305000,-0.012237,0.103211,9.799449
138.335000,-0.012237,0.103211,9.799449
138.370000,-0.012237,0.103211,9.799449
138.400000,-0.012237,0.103211,9.799449
138.435000,-0.012237,0.103211,9.799449
138.470000,-0.012237,0.103211,9.799449
138.500000,-0.012237,0.103210,9.799449
138.535000,-0.012237,0.103210,9.799449
138.565000,-0.012237,0.103210,9.799449
138.600000,-0.012237,0.103210,9.799449
138.635000,-0.012237,0.103210,9.799449
138.665000,-0.012237,0.103210,9.799449
138.700000,-0.012237,0.103210,9.799449
138.730000,-0.012237,0.103209,9.799449
138.765000,-0.012237,0.103209,9.799449
138.800000,-0.012237,0.103209,9.799449
138.830000,-0.012237,0.103209,9.799449
138.865000,-0.012237,0.103209,9.799449
138.895000,-0.012237,0.103209,9.799449
138.930000,-0.012237,0.103209,9.799449
138.965000,-0.012237,0.103209,9.799449
138.995000,-0.012237,0.103208,9.799449
139.030000,-0.012237,0.103208,9.799449
139.060000,-0.012237,0.103208,9.799449
139.095000,-1.855720,1.543998,9.068000
139.130000,-2.889733,0.493474,9.320088
139.160000,-2.815608,0.570877,9.210621
139.195000,-4.620736,1.262163,16.409935
139.225000,-2.636998,0.604256,8.675784
139.260000,-2.008367,1.174944,8.464266
139.295000,0.071153,-0.020045,8.999309
139.325000,0.061346,0.013018,8.991415
139.360000,0.472915,0.442780,1.538229
139.390000,0.057633,-0.013053,9.004993
139.425000,0.490483,0.277998,9.058959
139.460000,0.047382,-0.056644,9.007686
139.490000,0.047643,-0.007586,9.009869
139.525000,-0.397035,-0.171761,8.956522
139.555000,0.029052,-0.047228,9.012173
139.590000,0.035409,0.005275,9.386772
139.625000,0.509691,0.493904,1.677985
139.655000,0.809871,-1.735047,5.365717
139.690000,4.340029,0.056316,6.866301
139.720000,1.416335,0.192848,3.261630
139.755000,0.017343,0.045249,9.799644
139.790000,0.017346,0.045256,9.799660
139.820000,0.017347,0.045261,9.799673
139.855000,0.017349,0.045268,9.799687
139.885000,0.009343,0.073751,9.799599
139.920000,0.005953,0.064877,9.799648
139.955000,0.015997,0.047486,9.799685
139.985000,0.016044,0.047576,9.799694
140.020000,0.015936,0.047600,9.799704
140.050000,0.015980,0.047695,9.799712
140.085000,0.015946,0.047758,9.799720
140.120000,0.015852,0.047790,9.799728
140.150000,0.015881,0.047878,9.799734
140.185000,-3.751500,-2.149497,13.368921
140.215000,-8.032500,-3.861347,10.384893
140.250000,0.040747,-0.022240,9.534946
140.285000,-1.515086,11.743695,29.209735
140.315000,-4.069133,-0.811731,9.053062
140.350000,-1.833916,1.575197,8.372702
140.380000,-4.187905,4.107063,11.752213
140.415000,-0.135900,1.569493,4.650361
140.450000,-1.791549,1.539718,8.244018
140.480000,-1.712204,1.424306,8.276035
140.515000,0.089949,-0.087886,8.918535
140.545000,0.049667,0.031639,8.923442
140.580000,0.047293,-0.084360,8.924601
140.615000,1.111218,-1.680993,5.242072
140.645000,1.034546,-1.663012,5.194734
140.680000,0.036784,-0.077710,9.015055
140.710000,-0.482795,-0.532605,16.575502
140.745000,0.036555,0.029008,9.016346
140.780000,0.033671,-0.084610,9.016605
140.810000,0.031288,-0.036341,9.017693
140.845000,0.033331,0.022778,9.018839
140.875000,-0.612376,-1.146870,30.672081
140.910000,-0.240649,-0.176215,9.031383
140.945000,0.020358,0.032334,9.019145
140.975000,-0.529383,-0.230393,8.752156
141.010000,0.015238,-0.028025,9.020203
141.040000,0.016506,0.019048,9.020886
141.075000,0.017917,0.073883,9.021749
141.110000,0.459110,0.437095,1.518525
141.140000,0.012569,0.013555,9.021868
141.175000,0.016819,0.070024,9.022843
141.205000,0.007491,-0.046726,9.023225
141.240000,0.008816,0.008360,9.024175
141.275000,0.009902,0.063287,9.024251
141.305000,-0.527039,-0.384550,9.273273
141.340000,0.004749,0.003164,9.025822
141.370000,1.185273,0.731132,9.004629
141.405000,2.967744,1.117614,15.749445
141.440000,1.815473,1.346450,17.551352
141.470000,1.231318,0.663794,8.811331
141.505000,1.209780,1.691985,8.808351
141.535000,1.185625,0.635718,8.642989
141.570000,1.151020,1.686526,8.471004
141.605000,1.074686,0.579951,8.518044
141.635000,1.147395,0.579843,8.225746
141.670000,1.027560,0.540466,8.083380
141.700000,1.093554,0.564901,8.007619
141.735000,1.437403,1.068013,16.011046
141.770000,1.002206,0.525218,8.070796
141.800000,-1.802135,-1.075819,8.015503
141.835000,-0.414223,-0.308858,8.040041
141.865000,0.984187,0.504001,8.087330
141.900000,-1.795937,-1.082999,8.024590
141.935000,0.791058,0.494704,14.290891
141.965000,0.953620,0.481083,8.093825
142.000000,-1.757818,-1.071580,8.033430
142.030000,1.027589,0.493081,8.063221
142.065000,0.901257,0.452855,8.099799
142.100000,-1.784751,-1.097340,8.041546
142.130000,0.979646,0.463490,8.070532
142.165000,0.850401,0.420993,8.108662
142.195000,-1.770182,-1.102494,8.058079
142.230000,0.924394,0.429603,8.081105
142.265000,0.792454,0.385712,8.120266
142.295000,-1.015418,-2.515454,8.049834
142.330000,0.864482,0.392898,8.092224
142.360000,-0.522692,-3.466795,8.872824
142.395000,0.155114,0.002726,8.070220
142.430000,0.799785,0.353402,8.103628
142.460000,-3.729763,5.958803,15.311028
142.495000,0.741294,0.364060,13.982955
142.525000,-0.530918,2.049982,5.328087
142.560000,0.445340,0.257758,8.086699
142.595000,0.539684,0.292244,8.679766
142.625000,0.566828,0.271053,9.174859
142.660000,0.577625,0.288886,9.163861
142.690000,1.655498,-1.455383,5.189135
142.725000,1.957515,-2.557913,7.296192
142.760000,2.448491,-0.752765,9.500979
142.790000,1.510863,-1.416521,9.214034
142.825000,-2.695232,-1.456188,14.845928
142.855000,0.300792,-0.248831,9.849356
142.890000,0.012811,-0.004855,9.791799
142.925000,0.532047,1.924931,5.647210
142.955000,-0.042332,0.089123,9.798820
142.990000,-0.042313,0.089118,9.798867
143.020000,-0.042374,0.089102,9.798903
143.055000,-0.042280,0.089111,9.798945
143.090000,-0.042264,0.089107,9.798983
143.120000,-0.042314,0.089094,9.799012
143.155000,-0.042237,0.089101,9.799047
143.185000,-0.042226,0.089098,9.799074
143.220000,-0.042265,0.089088,9.799102
143.255000,-0.042203,0.089093,9.799130
143.285000,-0.042193,0.089091,9.799152
143.320000,-0.042224,0.089082,9.799175
143.350000,-0.042175,0.089087,9.799196
143.385000,-0.042167,0.089085,9.799217
143.420000,-0.042192,0.089078,9.799236
143.450000,-0.042152,0.089081,9.799252
143.485000,-0.042145,0.089080,9.799269
143.515000,-11.637034,4.836111,16.144518
143.550000,-0.044926,-0.086129,9.706368
143.585000,-0.348785,-0.243115,9.429737
143.615000,-8.180571,-3.209657,10.350191
143.650000,-0.778581,2.970802,7.523642
143.680000,-0.659199,-3.336559,9.456081
143.715000,-1.543300,3.273585,7.712948
143.750000,0.344562,0.209566,8.513440
143.780000,0.379253,0.243541,8.237668
143.815000,0.140307,0.401643,8.646371
143.845000,0.376286,0.189047,8.037755
143.880000,-0.129602,4.889681,17.018975
143.915000,0.360028,0.147706,8.083575
143.945000,0.333734,0.155910,8.018507
143.980000,0.350665,0.142579,8.060059
144.010000,0.211719,0.124253,8.103594
144.045000,0.290428,0.126099,8.028372
144.080000,-1.541577,2.257439,7.320250
144.110000,-0.264149,-0.005939,16.272362
144.145000,0.248986,0.098595,8.040666
144.175000,-1.418328,4.147794,9.728422
144.210000,0.782751,0.187876,0.032174
144.245000,0.205671,0.069399,8.034010
144.275000,-2.260070,3.629149,9.169862
144.310000,0.080706,0.026147,8.106786
144.340000,0.176236,0.042865,8.038423
144.375000,0.192982,0.032532,8.079002
144.410000,0.072178,0.001835,8.102556
144.440000,0.134082,0.018025,8.052111
144.475000,-1.399186,0.299467,1.942581
144.505000,-1.114012,-0.765557,25.265872
144.540000,1.206493,-1.876880,5.469432
144.575000,-0.989146,-0.672762,8.164062
144.605000,-5.192041,2.162953,24.882555
144.640000,-0.991387,-0.473456,8.143047
144.670000,-1.160350,-0.510180,8.146438
144.705000,-6.399227,1.845370,27.415600
144.740000,-1.133994,-0.636335,8.142079
144.770000,-1.192759,0.228244,8.154712
144.805000,-4.743395,1.944892,24.858424
144.835000,-1.381981,-0.804157,8.143519
144.870000,-0.494092,0.399419,8.097252
144.905000,-3.839272,2.487844,31.700271
144.935000,-0.308525,0.191506,8.117813
144.970000,-0.522213,0.286096,1.321163
145.000000,-0.283109,0.157830,8.121219
145.035000,-0.281838,0.180860,8.095374
145.070000,-0.325015,0.239920,8.068313
145.100000,-0.270473,0.156613,8.097595
145.135000,-0.130208,2.500967,8.459200
145.165000,-0.334043,0.349990,7.997536
145.200000,-0.349684,0.221157,8.027126
145.235000,-0.369245,0.257575,7.996734
145.265000,1.073319,-0.246970,2.598560
145.300000,7.992386,13.322270,30.100912
145.330000,-0.417413,0.198871,8.078366
145.365000,-0.446723,0.241645,8.064832
145.400000,-2.767068,1.923102,21.804027
145.430000,-1.192699,0.771282,14.441636
145.465000,-0.366119,0.280360,8.065272
145.495000,0.229034,2.440186,8.224887
145.530000,-0.331339,0.236945,8.072951
145.565000,-0.338283,0.264246,8.045512
145.595000,-0.331211,0.186589,8.085693
145.630000,-0.329839,0.192719,8.070889
145.660000,-0.323043,0.261023,8.047217
145.695000,-0.310857,0.147711,8.096855
145.730000,-0.284210,0.210277,8.069116
145.760000,-0.301191,0.248888,8.036580
145.795000,0.552775,-0.478072,1.842312
145.825000,1.685603,-2.830422,8.099405
145.860000,-0.199975,0.113880,8.053058
145.895000,-0.166728,0.031626,8.101234
145.925000,-0.172448,0.078328,8.066379
145.960000,0.801054,1.027969,23.013814
145.990000,3.348458,2.318344,9.425670
146.025000,0.553721,-0.403414,1.759562
146.060000,0.154913,-0.191548,9.200009
146.090000,1.642074,0.142270,3.386403
146.125000,0.356311,-0.629973,1.888342
146.155000,-0.451726,0.247652,9.643313
146.190000,-0.270419,0.141856,9.735908
146.225000,4.957367,-3.045519,14.880917
146.255000,-0.308242,0.071745,9.785225
146.290000,-0.257859,0.155315,9.794788
146.320000,-0.238927,0.187356,9.794468
146.355000,-0.246191,0.175229,9.794967
146.390000,-0.246182,0.175234,9.794992
146.420000,-0.249872,0.169398,9.795013
146.455000,-0.246180,0.175246,9.795035
146.485000,-0.246177,0.175239,9.795053
146.520000,-0.248627,0.171406,9.795072
146.555000,-0.246159,0.175259,9.795091
146.585000,-0.247137,0.173760,9.795106
146.620000,-0.247662,0.172991,9.795121
146.650000,-0.246149,0.175270,9.795134
146.685000,-0.248595,0.171363,9.795152
146.720000,-0.246901,0.174244,9.795161
146.750000,-0.246140,0.175279,9.795172
146.785000,-0.239877,0.186966,9.795186
146.815000,-0.241572,0.182383,9.795188
146.850000,-0.246132,0.175288,9.795202
146.885000,-0.232689,0.199200,9.795214
146.915000,-0.242011,0.181662,9.795215
146.950000,-0.246125,0.175295,9.795228
146.980000,-0.524200,0.313972,1.721254
147.015000,-10.997694,5.202054,14.220796
147.050000,-0.254325,0.167552,9.537818
147.080000,-10.728000,6.199341,18.417838
147.115000,-1.191139,-1.432743,4.630045
147.145000,-0.357851,0.028369,9.046078
147.180000,-0.527313,-0.398603,1.609947
147.215000,-9.105486,5.620631,17.264513
147.245000,-0.232602,0.206609,8.980623
147.280000,-0.230086,0.230188,9.011793
147.310000,-0.219380,0.174479,9.014592
147.345000,-0.239668,0.219801,8.986661
147.380000,-0.578945,0.393867,1.717491
147.410000,-0.237994,0.116417,9.017783
147.445000,-0.286464,0.166077,8.990275
147.475000,-1.160043,0.711181,16.516700
147.510000,-0.268491,0.133366,9.019783
147.545000,1.545826,0.164516,3.264496
147.575000,-0.306376,0.130993,9.041942
147.610000,-0.286760,0.126878,9.042220
147.640000,-0.367977,0.234841,9.014044
147.675000,-0.260202,0.110071,9.045053
147.710000,-0.308544,0.144827,9.044070
147.740000,-8.959537,5.429419,17.063603
147.775000,8.142260,-4.751851,17.008013
147.805000,-0.315119,0.162210,9.045471
147.840000,-0.384575,-2.515042,7.913819
147.875000,-0.276282,0.228618,8.978175
147.905000,-0.297843,0.214849,9.008478
147.940000,0.149455,3.047070,7.858063
147.970000,-0.325575,0.181348,9.014686
148.005000,-0.355383,0.136723,9.043704
148.040000,-9.517341,-5.946254,14.854299
148.070000,-0.293267,0.261642,8.993303
148.105000,-0.316032,0.213629,9.024347
148.135000,1.601515,0.550910,3.696160
148.170000,-0.335367,-0.215241,9.017287
148.205000,8.131728,-4.774024,17.105167
148.235000,-10.284616,-8.067258,19.286151
148.270000,0.028720,0.112317,16.516711
148.300000,0.432615,2.381960,6.569146
148.335000,2.196759,-3.529095,9.467535
148.370000,-0.313453,-0.170654,9.014544
148.400000,-0.311968,-0.120841,9.018534
148.435000,-0.250277,-0.103347,9.048043
148.465000,-0.325804,-0.180864,9.021509
148.500000,-0.497350,-0.306764,9.058015
148.535000,1.094200,3.955281,10.608922
148.565000,-0.305295,-0.244417,9.017482
148.600000,-0.332996,-0.150604,9.022311
148.630000,-0.436174,2.981505,7.806644
148.665000,1.706303,-3.471640,15.439932
148.700000,-8.950396,5.531961,13.863274
148.730000,-0.305852,-0.143735,9.002514
148.765000,1.146131,-1.484775,8.478722
148.795000,-0.583171,0.101436,9.035739
148.830000,-0.487903,0.059568,9.000618
148.865000,-0.289923,-0.249483,9.016141
148.895000,-0.369757,-0.194802,9.021334
148.930000,-8.646343,-5.463096,17.146590
148.960000,8.218329,4.895114,17.028040
148.995000,-0.376303,-0.173358,9.029790
149.030000,-0.367371,-0.129861,9.034145
149.060000,-0.554572,0.148679,8.987507
149.095000,-0.371077,-0.193627,9.027358
149.125000,-0.501913,-0.273515,9.094160
149.160000,-3.488521,-2.249233,14.312654
149.195000,2.119294,1.227005,11.328472
149.225000,-0.486562,-0.384724,9.075640
149.260000,-0.526153,-0.439397,9.058097
149.290000,-1.040645,0.587319,9.083077
149.325000,-0.498699,-0.274214,9.045586
149.360000,-0.460411,1.700949,5.073799
149.390000,0.102068,-0.062472,16.306209
149.425000,-1.735276,3.140216,7.833740
149.455000,-0.442279,0.606700,8.849316
149.490000,-0.427091,-0.269565,8.950073
149.525000,-0.375886,-0.111040,9.040721
149.555000,-0.423355,-0.175278,8.971383
149.590000,0.696125,0.202152,9.429049
149.620000,-0.411577,-0.335346,8.923476
149.655000,-0.387243,-0.261838,8.934616
149.690000,-1.911749,-1.257993,8.482065
149.720000,0.512349,0.384538,8.229493
149.755000,10.158443,6.024890,14.835733
149.785000,-0.476692,-0.352022,9.003726
149.820000,-0.823817,-0.398649,1.775619
149.855000,-0.400006,-0.192048,9.014643
149.885000,-4.235159,-2.634459,12.728318
149.920000,-0.443269,-0.243697,9.012461
149.950000,-0.432450,-0.179441,9.016498
149.985000,-0.491174,-0.235727,9.024098
150.020000,-0.435261,-0.299092,9.000878
150.050000,-0.421399,-0.239531,9.007348
150.085000,-0.114807,-0.027140,9.027633
150.115000,-0.458559,-0.310905,8.999637
150.150000,-0.437374,-0.254605,9.006045
150.185000,3.107937,7.774221,19.220309
150.215000,-8.785927,-5.455868,17.207077
150.250000,-0.759414,-0.384350,1.719226
150.280000,-0.480223,-0.179173,9.008610
150.315000,-0.713156,0.197835,9.021753
150.350000,-0.467660,-0.286058,8.999726
150.380000,0.699825,0.729408,1.971546
150.415000,-0.685005,0.804938,8.774071
150.445000,-0.499928,-0.318341,8.995758
150.480000,-0.509989,-0.210563,9.003945
150.515000,-0.711870,0.203093,9.018328
150.545000,-0.520244,-0.326182,8.991255
150.580000,-0.500105,-0.270013,8.999805
150.610000,7.853085,4.725041,16.970329
150.645000,-0.611049,-0.385229,8.992045
150.680000,-0.514852,-0.286199,8.998839
150.710000,-0.540524,-0.194321,9.005430
150.745000,-8.922913,-5.509936,17.149544
150.775000,-0.528675,-0.310920,8.993789
150.810000,-0.257852,-0.019202,16.348581
150.845000,-0.822729,0.206263,9.013584
150.875000,-0.545729,-0.323679,8.989223
150.910000,-0.571118,-0.229509,8.998157
150.940000,-0.082989,1.828078,5.488605
150.975000,-0.572416,-0.342812,8.986305
151.010000,-0.564428,-0.283214,8.995771
151.040000,5.517207,3.791718,13.974065
151.075000,-0.596599,-0.363768,8.982362
151.105000,-0.574436,-0.314316,8.990510
151.140000,2.606147,4.047117,11.436450
151.175000,-0.809480,-0.411667,1.798497
151.205000,-0.587575,-0.333227,8.981038
151.240000,-0.605630,-0.232524,8.990999
151.270000,-0.314473,-0.025860,8.823783
151.305000,-1.726487,3.061162,7.451120
151.340000,-0.595687,-0.291591,8.973206
151.370000,-0.602963,-0.315989,9.003186
151.405000,-0.630853,-0.363672,8.983078
151.435000,-0.645934,-0.282102,8.991201
151.470000,-0.645376,-0.301379,8.997075
151.505000,-0.632301,-0.381838,8.976294
151.535000,-2.376842,1.830041,19.154666
151.570000,4.977783,-2.136308,14.173010
151.600000,-0.724520,0.621747,9.045161
151.635000,-0.822234,0.721025,9.020807
151.670000,0.635359,0.118721,8.234665
151.700000,-0.952081,0.687803,8.970402
151.735000,-0.906622,0.654504,9.025073
151.765000,-5.787599,-5.914079,19.436498
151.800000,-1.146627,0.192481,9.017578
151.835000,-0.066602,-2.679123,7.039421
151.865000,-0.983476,0.672872,8.957430
151.900000,-0.846989,0.536662,8.978614
151.930000,-0.875067,0.412077,8.987026
151.965000,-0.877549,0.449888,8.960275
152.000000,-1.378265,-0.672601,8.958657
152.030000,-12.088999,-7.897981,20.518791
152.065000,-1.034864,0.568121,8.869040
152.095000,8.123452,-5.462700,17.706482
152.130000,0.184132,-0.681656,16.296321
152.165000,-1.065883,0.443686,9.215590
152.195000,-0.689856,0.020143,9.270581
152.230000,-0.901137,0.149220,8.956381
152.260000,-1.308674,0.487377,8.857613
152.295000,-0.702869,-0.349273,8.932816
152.330000,0.453423,-0.510609,17.098871
152.360000,-2.133774,-1.514666,16.270502
152.395000,-0.735931,-0.388677,8.953528
152.425000,-0.740828,-0.360288,8.984271
152.460000,-0.763108,-0.452877,8.961053
152.495000,-0.773914,-0.364282,8.970865
152.525000,-0.759772,-0.377239,9.000625
152.560000,-0.778283,-0.468612,8.975868
152.590000,-0.797830,-0.391461,8.982622
152.625000,-0.753402,-0.361840,9.014022
152.660000,-0.794453,-0.482758,8.985354
152.690000,-0.814661,-0.404085,8.991522
152.725000,-0.641333,2.044003,5.936614
152.755000,-9.601969,-5.834290,16.987062
152.790000,-0.813661,-0.447929,8.968458
152.825000,-0.647842,2.022935,5.893480
152.855000,-0.784050,-0.415203,8.982838
152.890000,-0.825040,-0.469674,8.959466
152.920000,-0.907000,-0.453261,1.881038
152.955000,-0.797161,-0.430108,8.982686
152.990000,-0.839920,-0.485690,8.958996
153.020000,12.881089,-8.999255,24.298584
153.055000,-0.984945,0.670099,9.011574
153.085000,-1.005517,0.633437,9.016274
153.120000,2.102522,-1.137685,3.417986
153.155000,-0.950989,0.682331,9.362625
153.185000,-0.915382,0.647718,9.587592
153.220000,2.074665,-1.095950,3.341600
153.250000,-0.899867,0.647029,9.698906
153.285000,-0.899180,0.646282,9.710404
153.320000,-0.898782,0.646979,9.714054
153.350000,-0.898622,0.647251,9.716536
153.385000,-0.919553,0.608939,9.719243
153.415000,-0.919444,0.609127,9.720556
153.450000,-0.919757,0.608548,9.721557
153.485000,-0.920029,0.608050,9.721997
153.515000,-0.920226,0.607692,9.721935
153.550000,-0.920837,0.606581,9.721362
153.580000,-0.921348,0.605658,9.720421
153.615000,-0.921954,0.604568,9.718776
153.650000,-0.922894,0.602872,9.716514
153.680000,-0.923718,0.601392,9.714033
153.715000,-0.924723,0.599591,9.710447
153.745000,-0.925862,0.597548,9.706724
153.780000,-0.927236,0.595088,9.701520
153.815000,-0.928707,0.592461,9.695271
153.845000,-0.930244,0.589715,9.688973
153.880000,0.377657,-2.762545,7.290172
153.910000,-1.288014,-0.018792,9.721402
153.945000,-1.256533,-0.004352,9.718752
153.980000,-1.256526,-0.004355,9.718777
154.010000,-1.256521,-0.004358,9.718797
154.045000,-1.256515,-0.004361,9.718819
154.075000,-1.256511,-0.004364,9.718837
154.110000,-1.256505,-0.004366,9.718856
154.145000,-1.256500,-0.004369,9.718875
154.175000,-1.256339,-0.004346,9.718872
154.210000,-1.256490,-0.004373,9.718905
154.240000,-1.256486,-0.004374,9.718918
154.275000,-1.256325,-0.004363,9.718914
154.310000,-1.256476,-0.004377,9.718945
154.340000,-3.365104,0.544536,10.019852
154.375000,-1.256146,-0.004360,9.718969
154.405000,-1.256284,-0.004366,9.718996
154.440000,-1.256280,-0.004368,9.719007
154.475000,-1.256190,-0.004366,9.719006
154.505000,-1.256272,-0.004370,9.719025
154.540000,-1.256268,-0.004371,9.719033
154.570000,-1.256135,-0.004362,9.719025
154.605000,-1.256260,-0.004372,9.719048
154.640000,-1.256256,-0.004373,9.719055
154.670000,-1.256119,-0.004369,9.719044
154.705000,-1.256249,-0.004374,9.719067
154.735000,-1.256245,-0.004374,9.719072
154.770000,-1.256130,-0.004371,9.719064
154.805000,-1.267892,-0.004174,9.720478
154.835000,-1.256144,-0.004367,9.719097
154.870000,-1.256050,-0.004365,9.719091
154.900000,-1.256137,-0.004368,9.719106
154.935000,-1.256067,-0.004353,9.719103
154.970000,-2.021212,0.011131,3.827160
155.000000,-1.255205,-0.004309,9.718840
155.035000,-1.255209,-0.004311,9.718869
155.065000,-1.255271,-0.004314,9.718900
155.100000,-1.255215,-0.004314,9.718919
155.135000,-1.255218,-0.004315,9.718943
155.165000,-1.255268,-0.004317,9.718969
155.200000,-1.266871,-0.004113,9.720380
155.230000,-1.255134,-0.004310,9.719011
155.265000,0.864080,-0.552571,9.416602
155.300000,-1.255047,-0.004305,9.719057
155.330000,-1.255048,-0.004306,9.719071
155.365000,-1.255080,-0.004308,9.719090
155.395000,-1.255049,-0.004307,9.719099
155.430000,-1.255049,-0.004308,9.719113
155.465000,-1.255074,-0.004310,9.719129
155.495000,-1.255048,-0.004309,9.719136
155.530000,-1.255048,-0.004310,9.719147
155.560000,-1.255047,-0.004310,9.719157
155.595000,-1.255046,-0.004310,9.719167
155.630000,-1.255045,-0.004310,9.719176
155.660000,-1.255044,-0.004311,9.719184
155.695000,-1.254953,-0.004303,9.719201
155.725000,-1.254952,-0.004303,9.719208
155.760000,-1.254951,-0.004303,9.719215
155.795000,-1.254949,-0.004303,9.719222
155.825000,-1.254947,-0.004303,9.719228
155.860000,-1.254946,-0.004303,9.719234
155.890000,-1.254944,-0.004303,9.719239
155.925000,-1.254942,-0.004303,9.719245
155.960000,-1.254940,-0.004303,9.719250
155.990000,-1.254938,-0.004303,9.719254
156.025000,-1.254935,-0.004303,9.719258
156.055000,-3.365343,0.541489,10.020625
156.090000,-1.254767,-0.004316,9.719275
156.125000,-1.254764,-0.004314,9.719280
156.155000,-1.254761,-0.004313,9.719284
156.190000,-1.254757,-0.004311,9.719288
156.220000,-1.254749,-0.004309,9.719291
156.255000,-1.254751,-0.004308,9.719295
156.290000,-1.254747,-0.004306,9.719299
156.320000,-1.254740,-0.004305,9.719301
156.355000,-1.254741,-0.004303,9.719305
156.385000,-1.254738,-0.004302,9.719307
156.420000,-1.254731,-0.004300,9.719310
156.455000,-1.254731,-0.004299,9.719313
156.485000,-1.254728,-0.004298,9.719315
156.520000,-1.254722,-0.004296,9.719317
156.550000,-1.254722,-0.004295,9.719319
156.585000,0.864661,-0.551865,9.416835
156.620000,-1.254623,-0.004285,9.719333
156.650000,-1.254622,-0.004284,9.719335
156.685000,-1.254619,-0.004283,9.719337
156.715000,-1.254618,-0.004283,9.719339
156.750000,-1.254613,-0.004282,9.719340
156.785000,-1.254609,-0.004281,9.719342
156.815000,-1.254608,-0.004280,9.719343
156.850000,-1.254603,-0.004279,9.719345
156.880000,-1.254600,-0.004278,9.719346
156.915000,-1.266245,-0.004074,9.720744
156.950000,-1.254504,-0.004268,9.719358
156.980000,-1.254501,-0.004268,9.719359
157.015000,-1.254498,-0.004267,9.719361
157.045000,-1.254494,-0.004266,9.719362
157.080000,-1.254491,-0.004266,9.719363
157.115000,-1.254489,-0.004265,9.719364
157.145000,-1.254485,-0.004264,9.719365
157.180000,-1.254481,-0.004264,9.719366
157.210000,-1.254479,-0.004263,9.719367
157.245000,-1.254475,-0.004262,9.719368
157.280000,-1.254472,-0.004261,9.719369
157.310000,-1.254469,-0.004260,9.719370
157.345000,-1.254466,-0.004260,9.719371
157.375000,-1.254463,-0.004259,9.719372
157.410000,-1.254459,-0.004258,9.719373
157.445000,-1.254456,-0.004257,9.719373
157.475000,-1.254453,-0.004257,9.719374
157.510000,-1.254450,-0.004256,9.719375
157.540000,-1.254447,-0.004255,9.719376
157.575000,-1.254443,-0.004254,9.719376
157.610000,-1.254440,-0.004253,9.719377
157.640000,-1.254437,-0.004252,9.719378
157.675000,-1.254434,-0.004252,9.719378
157.705000,-1.254431,-0.004251,9.719379
157.740000,-1.254427,-0.004250,9.719379
157.775000,-1.254424,-0.004249,9.719380
157.805000,-1.254421,-0.004248,9.719381
157.840000,-1.254418,-0.004247,9.719381
157.870000,-1.254415,-0.004247,9.719382
157.905000,-1.254411,-0.004246,9.719382
157.940000,-1.254335,-0.004268,9.719382
157.970000,-2.016672,0.006821,3.818928
158.005000,-1.253665,-0.004221,9.719081
158.035000,-1.253667,-0.004220,9.719104
158.070000,-1.253670,-0.004219,9.719129
158.105000,-1.253672,-0.004218,9.719153
158.135000,-1.253674,-0.004217,9.719172
158.170000,-1.253676,-0.004216,9.719192
158.200000,-1.253588,-0.004208,9.719219
158.235000,-1.253589,-0.004207,9.719237
158.270000,-1.253590,-0.004206,9.719254
158.300000,-1.253590,-0.004205,9.719268
158.335000,-1.265232,-0.003997,9.720681
158.365000,-1.253501,-0.004196,9.719304
158.400000,-1.253501,-0.004196,9.719318
158.435000,-1.253501,-0.004195,9.719330
158.465000,-1.253500,-0.004195,9.719340
158.500000,-1.253500,-0.004194,9.719352
158.530000,-1.253499,-0.004194,9.719360
158.565000,-1.253498,-0.004193,9.719370
158.600000,-1.253497,-0.004192,9.719379
158.630000,-1.253496,-0.004192,9.719387
158.665000,-1.253494,-0.004191,9.719395
158.695000,-1.253493,-0.004191,9.719401
158.730000,-1.253491,-0.004190,9.719408
158.765000,-1.253490,-0.004189,9.719415
158.795000,-1.253488,-0.004188,9.719420
158.830000,-1.253486,-0.004188,9.719426
158.860000,-1.253484,-0.004187,9.719431
158.895000,-1.253482,-0.004186,9.719436
158.930000,-1.253480,-0.004185,9.719441
158.960000,-1.253478,-0.004185,9.719445
158.995000,-1.253475,-0.004184,9.719450
159.025000,2.119476,-1.178316,3.516824
159.060000,-0.883894,0.649327,9.647005
159.095000,-0.856624,0.666443,9.461263
159.125000,5.420936,-3.034809,8.999863
159.160000,-0.842338,0.574346,9.158625
159.190000,7.988714,9.235906,21.801983
159.225000,-0.646384,2.089606,6.014165
159.260000,-1.541482,-0.797031,8.944214
159.290000,-0.926344,-0.507093,9.009501
159.325000,-0.798345,-0.406144,8.986079
159.355000,-0.814686,-0.464386,8.975620
159.390000,-0.956811,-0.499462,8.997503
159.425000,-0.763339,-0.326600,8.973243
159.455000,-0.800003,-0.447533,8.962904
159.490000,-0.816547,-0.468707,8.952843
159.520000,-0.921047,-0.455931,1.904668
159.555000,-0.659071,-0.270530,16.792933
159.590000,-1.173955,1.884750,5.392953
159.620000,-18.003225,2.521849,23.621000
159.655000,-1.150666,0.062888,9.729034
159.685000,-1.090361,0.051493,9.738738
159.720000,-1.090118,0.051403,9.738768
159.755000,-1.090108,0.051383,9.738788
159.785000,-1.090099,0.051366,9.738805
159.820000,-1.090089,0.051347,9.738822
159.850000,-1.090082,0.051333,9.738836
159.885000,-1.090074,0.051317,9.738852
159.920000,-1.090066,0.051302,9.738866
159.950000,-1.090060,0.051290,9.738878
159.985000,-1.090053,0.051276,9.738891
160.015000,-1.090094,0.051273,9.738900
160.050000,-1.090042,0.051254,9.738912
160.085000,-1.090036,0.051243,9.738922
160.115000,-1.090077,0.051242,9.738930
160.150000,-1.090027,0.051225,9.738940
160.180000,-1.090022,0.051217,9.738947
160.215000,-1.090061,0.051216,9.738954
160.250000,-1.090014,0.051201,9.738962
160.280000,-1.090010,0.051194,9.738969
160.315000,-1.090057,0.051179,9.738970
160.345000,-1.090004,0.051183,9.738980
160.380000,-1.090001,0.051177,9.738986
160.415000,-1.090012,0.051155,9.738987
160.445000,-1.089996,0.051167,9.738996
160.480000,-1.089993,0.051162,9.739000
160.510000,-1.089991,0.051158,9.739004
160.545000,-1.089988,0.051153,9.739008
160.580000,-1.089986,0.051149,9.739012
160.610000,-1.089984,0.051146,9.739015
160.645000,-1.089982,0.051143,9.739019
160.675000,-1.089981,0.051140,9.739021
160.710000,-1.089979,0.051137,9.739024
160.745000,-1.089977,0.051134,9.739027
160.775000,-1.089976,0.051132,9.739029
160.810000,-1.089975,0.051129,9.739032
160.840000,-1.089973,0.051127,9.739034
160.875000,-1.089972,0.051125,9.739036
160.910000,-1.089971,0.051123,9.739038
160.940000,-1.089970,0.051121,9.739039
160.975000,-1.089969,0.051119,9.739041
161.005000,-1.089968,0.051118,9.739043
161.040000,-0.828309,-0.499788,9.648367
161.075000,-0.852335,-0.535366,9.390580
161.105000,-0.771257,-0.389853,9.378696
161.140000,-0.860675,-0.451517,8.946313
161.170000,-0.908683,-0.506321,8.666597
161.205000,-0.836772,-0.446039,8.642143
161.240000,-0.764327,-0.324862,8.395970
161.270000,-0.932386,-0.470484,1.964173
161.305000,-2.068646,1.921981,8.140821
161.335000,-2.141713,2.368696,8.102808
161.370000,4.165710,0.196033,8.648233
161.405000,-0.681565,-0.244287,7.989817
161.435000,2.369234,0.779401,8.545800
161.470000,-0.615147,-0.331915,8.007142
161.500000,-0.463726,-0.142097,7.997392
161.535000,-1.417032,0.946012,7.667459
161.570000,-0.492614,-0.249265,8.005183
161.600000,-0.324606,-0.047629,7.989649
161.635000,1.970544,0.962900,8.429365
161.665000,-0.295901,-0.145349,7.996453
161.700000,-0.161601,0.056593,7.986174
161.735000,-1.706325,2.551331,7.921026
161.765000,-0.201250,-0.142010,8.010406
161.800000,-0.029734,0.067247,7.996949
161.830000,-1.809293,2.061730,7.931394
161.865000,-1.272028,0.946435,8.099642
161.900000,0.219786,0.386474,8.033580
161.930000,0.115824,-0.003905,8.054142
161.965000,0.256074,0.162755,8.025995
161.995000,-2.193249,-2.841201,7.008533
162.030000,-0.926003,-0.746210,2.332828
162.065000,-1.234690,-0.378206,23.547887
162.095000,-0.342940,-0.059542,7.957331
162.130000,0.695825,-0.293025,0.025296
162.160000,-0.436851,-0.055302,7.910699
162.195000,-0.461015,-0.060455,7.929421
162.230000,-0.454906,-0.027716,7.991994
162.260000,-2.913003,0.667006,24.363706
162.295000,-2.072558,-0.002022,16.172259
162.325000,-1.662717,0.307767,16.056243
162.360000,-0.819832,-0.018650,16.028748
162.395000,-0.423788,0.011540,7.974154
162.425000,-0.698767,-1.049861,0.728156
162.460000,4.382317,0.338257,6.199036
162.490000,1.151121,-0.670791,0.013622
162.525000,-4.107184,0.900186,33.159357
162.560000,0.681766,0.310672,1.429401
162.590000,1.312955,-0.695065,0.071908
162.625000,-5.631177,4.561465,47.157107
162.655000,-3.931073,0.728753,-0.068876
162.690000,0.000469,0.008346,0.001338
162.725000,-2.506634,1.646262,29.297051
162.755000,-0.400731,0.209745,7.687506
162.790000,1.240895,-0.667114,0.066888
162.820000,-0.808079,3.365070,3.427270
162.855000,6.922651,4.063417,12.591891
162.890000,0.440628,-0.358252,-0.193977
162.920000,-0.034398,-0.013967,-0.001306
162.955000,-1.838145,1.782950,36.855721
162.985000,-0.548424,0.318286,1.381044
163.020000,-0.881548,1.099104,0.068539
163.055000,-0.574771,0.339801,1.460092
163.085000,-0.002382,2.056737,5.155561
163.120000,0.550747,4.316100,12.497748
163.150000,-0.396942,1.099634,1.210504
163.185000,-0.174895,3.217098,8.188188
163.220000,-3.965295,3.393360,11.652961
163.250000,-2.955031,2.818757,8.906200
163.285000,-77.938663,-36.243344,94.161243
163.315000,-1.718221,0.227080,3.526962
163.350000,-1.765790,-0.189338,9.497670
163.385000,-0.506238,0.364491,9.770560
163.415000,-9.034475,-5.247513,10.494768
163.450000,-0.489502,0.385675,9.780103
163.480000,-0.489504,0.385870,9.780099
163.515000,-0.489505,0.386096,9.780094
163.550000,-0.489507,0.386323,9.780089
163.580000,-0.489508,0.386517,9.780084
163.615000,-0.489509,0.386744,9.780078
163.645000,-0.489535,0.386924,9.780072
163.680000,-0.489944,0.385451,9.779869
163.715000,-0.489520,0.387386,9.780061
163.745000,-0.239242,0.585044,9.823297
163.780000,-0.489525,0.387810,9.780041
163.810000,-0.489525,0.388004,9.780036
163.845000,-0.489525,0.388232,9.780029
163.880000,-0.489524,0.388459,9.780023
163.910000,-0.489524,0.388654,9.780017
163.945000,-0.489523,0.388881,9.780010
163.975000,-0.489523,0.389076,9.780004
164.010000,-0.489522,0.389304,9.779997
164.045000,-0.489522,0.389531,9.779989
164.075000,-0.489521,0.389726,9.779983
164.110000,-0.489520,0.389953,9.779975
164.140000,-0.489520,0.390148,9.779969
164.175000,-0.489519,0.390376,9.779961
164.210000,-0.489518,0.390603,9.779953
164.240000,-0.489517,0.390798,9.779946
164.275000,-0.489516,0.391025,9.779938
164.305000,-0.489515,0.391220,9.779931
164.340000,-0.489514,0.391448,9.779923
164.375000,-0.489513,0.391675,9.779915
164.405000,-0.489513,0.391870,9.779908
164.440000,-0.263165,-0.136743,9.774421
164.470000,-0.639987,-0.619864,8.546445
164.505000,-1.171431,-0.067874,9.669032
164.540000,-0.390950,-0.242492,9.677838
164.570000,-1.584386,0.097435,11.286734
164.605000,-1.848952,-0.527177,10.171782
164.635000,-2.467944,-0.553163,12.333488
164.670000,-0.407878,-0.232125,9.420894
164.705000,2.076949,0.197516,8.131222
164.735000,5.438765,-0.674912,18.955191
164.770000,1.405601,-0.416096,9.236884
164.800000,2.345392,0.278492,8.711411
164.835000,0.956417,-0.623952,8.758596
164.870000,0.949277,-0.615660,8.745446
164.900000,0.946749,-0.607407,8.743987
164.935000,-3.306066,-0.522816,2.086783
164.965000,0.152267,-1.559690,11.440212
165.000000,-9.405399,8.998242,21.590075
165.035000,-3.512763,2.504782,6.842775
165.065000,2.159956,0.510471,8.728124
165.100000,-2.017947,-2.967002,19.178018
165.130000,-7.478596,5.133130,14.067956
165.165000,6.916406,2.052036,20.420238
165.200000,-0.559033,-0.332787,9.434573
165.230000,-0.806151,0.666893,2.150548
165.265000,2.037228,0.911133,8.745029
165.295000,-0.717447,-0.601695,10.730934
165.330000,0.824672,0.496825,0.067479
165.365000,3.236396,-2.855137,9.456110
165.395000,0.026843,-1.093460,10.806769
165.430000,-0.553364,-0.454478,9.305551
165.460000,-0.379222,-0.440762,-0.072316
165.495000,0.821840,0.531996,0.077936
165.530000,-7.549549,4.233628,20.055025
165.560000,-0.155102,0.027068,19.394478
165.595000,-2.098791,-0.920396,-0.445500
165.625000,6.173436,-1.693672,17.213502
165.660000,-0.451853,-0.424942,8.823538
165.695000,-0.554931,-0.435345,8.781882
165.725000,1.893409,-3.122487,4.096523
165.760000,-0.518750,0.400723,1.435672
165.790000,3.662815,4.322524,20.003363
165.825000,3.042684,9.005314,22.815981
165.860000,2.434972,3.745616,10.016864
165.890000,2.672610,1.311316,9.453687
165.925000,2.617380,1.284967,9.589540
165.955000,1.230281,0.508198,9.577895
165.990000,-0.664871,0.213991,9.709277
166.025000,-8.125981,4.532756,14.917501
166.055000,-4.035218,-0.411933,12.504185
166.090000,-0.672212,0.237777,9.773792
166.120000,-0.672480,0.237993,9.773819
166.155000,-0.672194,0.237794,9.773821
166.190000,-0.672185,0.237803,9.773836
166.220000,-0.672402,0.237978,9.773858
166.255000,-0.672171,0.237817,9.773860
166.285000,-0.672164,0.237823,9.773870
166.320000,-0.672338,0.237966,9.773890
166.355000,-0.672151,0.237836,9.773891
166.385000,-0.672146,0.237841,9.773900
166.420000,-0.672286,0.237956,9.773916
166.450000,-0.672135,0.237851,9.773916
166.485000,-0.672130,0.237856,9.773924
166.520000,-0.672243,0.237948,9.773937
166.550000,-0.672122,0.237864,9.773937
166.585000,-0.672117,0.237867,9.773944
166.615000,-0.672018,0.237799,9.773945
166.650000,-0.075865,-0.328465,9.691758
166.685000,-0.672092,0.237889,9.773956
166.715000,-0.672012,0.237833,9.773957
166.750000,-0.672085,0.237893,9.773966
166.780000,-0.672083,0.237895,9.773970
166.815000,-0.647934,0.290971,9.774026
166.850000,-0.672063,0.237911,9.773974
166.880000,-0.672061,0.237912,9.773978
166.915000,-0.672045,0.237891,9.773980
166.945000,-0.672057,0.237915,9.773985
166.980000,-0.672055,0.237916,9.773988
167.015000,-0.672056,0.237904,9.773990
167.045000,-0.672052,0.237918,9.773994
167.080000,-0.672050,0.237919,9.773997
167.110000,-0.637408,0.297406,9.773864
167.145000,-0.672005,0.237953,9.773994
167.180000,-0.672004,0.237953,9.773997
167.210000,-0.672003,0.237952,9.773999
167.245000,-0.672002,0.237952,9.774002
167.275000,-0.672001,0.237952,9.774004
167.310000,-0.074865,-0.326498,9.692253
167.345000,-0.671985,0.237963,9.774004
167.375000,-0.671984,0.237962,9.774006
167.410000,-0.671984,0.237961,9.774008
167.440000,-0.671983,0.237961,9.774010
167.475000,-0.671983,0.237960,9.774012
167.510000,-0.671982,0.237959,9.774014
167.540000,-0.671981,0.237959,9.774015
167.575000,-0.671981,0.237958,9.774017
167.605000,-0.671980,0.237958,9.774018
167.640000,-0.671980,0.237958,9.774020
167.675000,-0.671979,0.237957,9.774021
167.705000,-0.671979,0.237957,9.774022
167.740000,-0.671978,0.237957,9.774023
167.770000,-0.671977,0.237959,9.774024
167.805000,-0.671977,0.237956,9.774025
167.840000,-0.671977,0.237956,9.774026
167.870000,-0.671976,0.237958,9.774027
167.905000,-0.671976,0.237955,9.774028
167.935000,-0.671975,0.237955,9.774028
167.970000,-0.671974,0.237957,9.774029
168.005000,-0.671974,0.237955,9.774030
168.035000,-0.671974,0.237955,9.774030
168.070000,-1.600158,-0.309665,3.308255
168.100000,0.274848,-3.047589,7.885222
168.135000,-4.584770,0.545294,6.983540
168.170000,-1.455345,-0.282762,2.977091
168.200000,-0.026672,-2.420853,6.471244
168.235000,-0.629121,0.331447,8.978403
168.265000,-0.671548,0.382208,9.008114
168.300000,-0.612278,0.279421,9.007142
168.335000,-0.665829,0.305625,8.980698
168.365000,-0.682139,0.396965,9.009515
168.400000,-0.669352,0.281169,9.009320
168.430000,-0.715499,0.267973,8.982498
168.465000,-0.687510,0.408368,9.010506
168.500000,-0.697046,0.304698,9.011233
168.530000,-0.794629,0.324370,8.986807
168.565000,7.958871,-4.628906,17.098009
168.595000,-0.707808,0.325487,9.011475
168.630000,-9.414687,5.463972,17.123474
168.665000,-0.705103,0.296752,8.985606
168.695000,-0.725846,0.363411,9.013611
168.730000,0.794769,2.868893,9.021502
168.760000,-0.732228,0.296567,8.990721
168.795000,-0.733529,0.409633,9.018922
168.830000,-0.702163,0.281812,9.018354
168.860000,-0.759711,0.286055,8.991971
168.895000,-0.744864,0.423011,9.020119
168.925000,-1.609239,-2.402765,14.623351
168.960000,-4.303231,2.409202,6.673529
168.995000,-0.522221,0.303693,8.998344
169.025000,-0.744367,0.362427,9.003604
169.060000,-0.853775,0.354388,8.988125
169.090000,-1.348239,0.686959,9.035295
169.125000,-0.770161,0.351280,9.013290
169.160000,-0.799268,-0.366001,1.851028
169.190000,-0.823563,0.237171,8.975046
169.225000,-0.473941,-0.393598,9.010625
169.255000,-9.141673,-5.650554,17.065302
169.290000,-0.868259,2.865051,7.844473
169.325000,-0.473446,-0.537354,8.998224
169.355000,-0.469233,-0.357843,9.008836
169.390000,-0.502939,-0.399045,8.987954
169.420000,0.118102,-0.214940,8.647189
169.455000,-0.453725,-0.357083,9.009481
169.490000,-0.514930,-0.414219,8.988191
169.520000,0.394645,1.924846,5.822537
169.555000,-0.765744,-0.676639,9.122679
169.585000,8.747364,-4.264120,14.511845
169.620000,0.056656,0.204120,9.062978
169.655000,-0.011765,0.179608,9.089339
169.685000,-0.015450,0.114928,9.103871
169.720000,-0.938980,0.632551,9.019990
169.750000,-0.936204,0.626130,9.021661
169.785000,-0.951981,0.518741,2.063975
169.820000,-1.015345,0.570749,9.015529
169.850000,0.541094,-0.250708,8.916736
169.885000,-1.025779,0.515725,9.017412
169.915000,-0.920515,0.415019,9.021477
169.950000,-0.819731,0.263083,15.831496
169.985000,-1.417115,-3.067726,7.620957
170.015000,-0.233724,-2.086153,5.949089
170.050000,-0.988513,0.431388,8.909923
170.080000,-1.107206,0.462036,8.908251
170.115000,-1.009846,0.349879,8.934508
170.150000,-0.928126,0.298345,8.909067
170.180000,-1.139568,0.358312,8.890930
170.215000,2.669960,-1.108573,9.820324
170.245000,-0.960627,0.219293,8.943037
170.280000,-0.832263,0.110824,8.942179
170.315000,-0.612321,-0.410558,8.974911
170.345000,-0.637706,-0.477651,8.953165
170.380000,-1.113834,-0.835474,9.093744
170.410000,-0.527118,-0.181878,8.806771
170.445000,-2.067804,0.515647,3.828451
170.480000,-0.532937,-0.593773,8.981814
170.510000,-0.629043,-0.465160,8.991957
170.545000,-0.632450,-0.624879,8.933970
170.575000,-0.606940,-0.562812,8.950734
170.610000,-0.423402,-0.182756,8.849091
170.645000,-0.176438,0.281011,2.005629
170.675000,-0.616274,-0.602817,8.950649
170.710000,-0.647446,-0.520461,8.986875
170.740000,-0.650195,-0.215977,9.125917
170.775000,0.666148,0.706828,1.945306
170.810000,-1.082797,-0.757095,9.618209
170.840000,-0.707755,-0.528184,9.717249
170.875000,1.042044,-1.828129,9.065254
170.905000,1.026464,-1.841864,9.065737
170.940000,-6.602115,-4.148736,15.349984
170.975000,-0.720710,-0.506846,9.725598
171.005000,-0.722236,-0.504212,9.719725
171.040000,-1.327957,2.842555,7.925895
171.070000,-1.119199,0.181190,9.733914
171.105000,-1.118531,0.180978,9.733975
171.140000,-1.118518,0.180965,9.733997
171.170000,-1.118477,0.180897,9.734013
171.205000,-1.118481,0.180930,9.734035
171.235000,-1.118471,0.180920,9.734051
171.270000,-1.118522,0.180928,9.734063
171.305000,-1.118455,0.180902,9.734084
171.335000,-1.118448,0.180895,9.734096
171.370000,-1.118489,0.180900,9.734106
171.400000,-1.118435,0.180881,9.734122
171.435000,-1.118429,0.180874,9.734134
171.470000,-1.118463,0.180878,9.734142
171.500000,-1.118418,0.180863,9.734154
171.535000,-1.118413,0.180858,9.734164
171.565000,-1.118377,0.180846,9.734175
171.600000,-1.118405,0.180848,9.734181
171.635000,-1.118400,0.180844,9.734189
171.665000,-1.118371,0.180835,9.734198
171.700000,-1.118393,0.180836,9.734203
171.730000,-1.118390,0.180833,9.734209
171.765000,-1.118365,0.180826,9.734217
171.800000,-1.118384,0.180827,9.734221
171.830000,-1.118381,0.180824,9.734226
171.865000,-1.118361,0.180818,9.734232
171.895000,-1.118376,0.180819,9.734235
171.930000,-1.118374,0.180817,9.734240
171.965000,-1.118357,0.180812,9.734245
171.995000,-1.118370,0.180813,9.734247
172.030000,-1.118368,0.180811,9.734251
172.060000,-1.118366,0.180810,9.734254
172.095000,-1.118364,0.180808,9.734257
172.130000,-1.118363,0.180806,9.734260
172.160000,-1.118361,0.180805,9.734263
172.195000,-1.118360,0.180804,9.734265
172.225000,-1.118359,0.180803,9.734267
172.260000,-1.118357,0.180802,9.734270
172.295000,-1.118356,0.180801,9.734272
172.325000,-1.118355,0.180800,9.734274
172.360000,-1.118354,0.180799,9.734276
172.390000,-1.118353,0.180798,9.734277
172.425000,-1.118352,0.180797,9.734279
172.460000,-1.118351,0.180797,9.734280
172.490000,-1.118350,0.180796,9.734282
172.525000,-1.118349,0.180796,9.734283
172.555000,-1.118349,0.180795,9.734284
172.590000,-1.118348,0.180795,9.734285
172.625000,-1.118347,0.180794,9.734287
172.655000,-1.118347,0.180794,9.734287
172.690000,-1.118346,0.180793,9.734288
172.720000,-1.118348,0.180793,9.734289
172.755000,-1.118345,0.180793,9.734290
172.790000,-1.118344,0.180792,9.734291
172.820000,-1.118346,0.180793,9.734291
172.855000,-1.118343,0.180792,9.734292
172.885000,-1.118343,0.180792,9.734293
172.920000,-1.118344,0.180792,9.734293
172.955000,-1.118342,0.180792,9.734294
172.985000,-1.118342,0.180791,9.734295
173.020000,-1.118343,0.180792,9.734295
173.050000,-1.118341,0.180791,9.734296
173.085000,-1.118340,0.180791,9.734296
173.120000,-1.118341,0.180791,9.734296
173.150000,-1.118340,0.180791,9.734297
173.185000,-1.118339,0.180791,9.734297
173.215000,-1.118338,0.180791,9.734298
173.250000,-1.118339,0.180791,9.734298
173.285000,-1.121774,0.180657,9.734173
173.315000,-1.118332,0.180796,9.734297
173.350000,-1.118333,0.180797,9.734297
173.380000,-1.118333,0.180797,9.734297
173.415000,-1.118332,0.180797,9.734298
173.450000,-1.118332,0.180797,9.734298
173.480000,-1.118332,0.180797,9.734298
173.515000,-1.118332,0.180797,9.734299
173.545000,-1.118332,0.180797,9.734299
173.580000,-1.118332,0.180798,9.734299
173.615000,-1.118331,0.180798,9.734299
173.645000,-1.118331,0.180798,9.734300
173.680000,-1.118331,0.180798,9.734300
173.710000,-1.118331,0.180798,9.734300
173.745000,-1.118326,0.180804,9.734298
173.780000,-1.118326,0.180804,9.734299
173.810000,-1.118326,0.180804,9.734299
173.845000,-1.118332,0.180833,9.734289
173.875000,-1.118327,0.180837,9.734288
173.910000,-1.118326,0.180836,9.734289
173.945000,-1.118320,0.180840,9.734288
173.975000,-0.435396,0.371811,9.720860
174.010000,-1.118314,0.180844,9.734288
174.040000,-1.118314,0.180844,9.734289
174.075000,-1.118308,0.180848,9.734288
174.110000,-1.118308,0.180848,9.734289
174.140000,-1.118320,0.180853,9.734287
174.175000,-1.118302,0.180853,9.734289
174.205000,-1.118302,0.180853,9.734290
174.240000,-1.118302,0.180853,9.734291
174.275000,-1.118302,0.180853,9.734292
174.305000,-1.118302,0.180853,9.734293
174.340000,-0.433803,0.362486,9.720356
174.370000,-1.118296,0.180858,9.734292
174.405000,-1.118291,0.180863,9.734291
174.440000,-1.118286,0.180868,9.734290
174.470000,-1.118286,0.180868,9.734291
174.505000,-1.118286,0.180869,9.734292
174.535000,-1.118286,0.180869,9.734293
174.570000,-1.799473,0.006133,9.748750
174.605000,-1.118281,0.180875,9.734293
174.635000,-1.118281,0.180875,9.734293
174.670000,-1.118282,0.180876,9.734294
174.700000,-1.118282,0.180876,9.734295
174.735000,-1.118282,0.180876,9.734296
174.770000,-1.118282,0.180877,9.734297
174.800000,-1.118282,0.180877,9.734297
174.835000,-1.118282,0.180877,9.734298
174.865000,-1.118282,0.180878,9.734298
174.900000,-1.118282,0.180878,9.734299
174.935000,-1.118282,0.180878,9.734299
174.965000,-1.118315,0.180913,9.734287
175.000000,-1.118284,0.180911,9.734288
175.030000,-1.118283,0.180910,9.734289
175.065000,-1.118283,0.180909,9.734290
175.100000,-1.118282,0.180909,9.734291
175.130000,-1.118282,0.180908,9.734292
175.165000,-1.118281,0.180907,9.734293
175.195000,-1.118281,0.180907,9.734294
175.230000,-1.118280,0.180906,9.734295
175.265000,-1.121728,0.180841,9.734165
175.295000,-1.118274,0.180910,9.734295
175.330000,-1.118274,0.180909,9.734296
175.360000,-1.118274,0.180909,9.734296
175.395000,-1.118268,0.180913,9.734295
175.430000,-1.118263,0.180918,9.734294
175.460000,-1.118263,0.180918,9.734295
175.495000,-1.118275,0.180923,9.734293
175.525000,-1.118258,0.180922,9.734295
175.560000,-1.799801,0.045236,9.745614
175.595000,-1.118252,0.180927,9.734295
175.625000,-1.118253,0.180927,9.734296
175.660000,-1.118253,0.180927,9.734297
175.690000,-1.118253,0.180927,9.734297
175.725000,-0.433025,0.309924,9.724363
175.760000,-1.118260,0.180937,9.734295
175.790000,-1.118243,0.180937,9.734296
175.825000,-1.121473,0.182538,9.734043
175.855000,-1.118250,0.180966,9.734287
175.890000,-1.118262,0.180970,9.734286
175.925000,-1.118244,0.180968,9.734289
175.955000,-1.118239,0.180972,9.734288
175.990000,-1.118238,0.180971,9.734290
176.020000,-1.118238,0.180970,9.734291
176.055000,-1.118238,0.180970,9.734292
176.090000,-1.118237,0.180969,9.734294
176.120000,-1.118237,0.180969,9.734295
176.155000,-1.118237,0.180969,9.734296
176.185000,-1.118236,0.180968,9.734297
176.220000,-1.118236,0.180968,9.734298
176.255000,-1.118236,0.180967,9.734298
176.285000,-1.118236,0.180967,9.734299
176.320000,-1.118235,0.180967,9.734300
176.350000,-1.118235,0.180967,9.734301
176.385000,-1.118235,0.180967,9.734301
176.420000,-1.118235,0.180966,9.734302
176.450000,-1.118235,0.180966,9.734303
176.485000,-1.118234,0.180966,9.734303
176.515000,-0.434554,0.287898,9.728711
176.550000,-1.118229,0.180970,9.734303
176.585000,-1.121659,0.180966,9.734168
176.615000,-1.118219,0.180979,9.734301
176.650000,-1.118227,0.180988,9.734298
176.680000,-1.118209,0.180988,9.734300
176.715000,-1.118204,0.180992,9.734299
176.750000,-1.121608,0.182739,9.734040
176.780000,-1.118213,0.181021,9.734290
176.815000,-1.118212,0.181020,9.734292
176.845000,-0.434987,0.282492,9.730029
176.880000,-1.118206,0.181023,9.734293
176.915000,-1.118206,0.181022,9.734295
176.945000,-1.118218,0.181026,9.734294
176.980000,-1.118200,0.181025,9.734296
177.010000,-1.118200,0.181024,9.734297
177.045000,-1.118212,0.181028,9.734296
177.080000,-0.435199,0.279836,9.730711
177.110000,-1.800612,0.082076,9.738091
177.145000,-1.118179,0.181040,9.734296
177.175000,-1.118175,0.181044,9.734296
177.210000,-1.118175,0.181044,9.734297
177.245000,-1.118175,0.181044,9.734299
177.275000,-1.797184,0.083281,9.737871
177.310000,-1.797159,0.083493,9.737816
177.340000,-1.118165,0.181052,9.734299
177.375000,-1.118160,0.181057,9.734299
177.410000,-1.118161,0.181057,9.734300
177.440000,-1.118161,0.181057,9.734301
177.475000,-1.797078,0.084221,9.737625
177.505000,-1.118151,0.181066,9.734301
177.540000,-1.806003,-1.086238,9.725278
177.575000,-1.118155,0.181110,9.734289
177.605000,-1.118154,0.181109,9.734291
177.640000,-1.118153,0.181108,9.734293
177.670000,-1.118153,0.181107,9.734294
177.705000,-1.118152,0.181105,9.734296
177.740000,-1.118151,0.181104,9.734298
177.770000,-1.118151,0.181104,9.734299
177.805000,-1.118150,0.181103,9.734300
177.835000,-1.118150,0.181102,9.734301
177.870000,-1.118150,0.181101,9.734302
177.905000,-1.118149,0.181100,9.734304
177.935000,-1.118149,0.181100,9.734304
177.970000,-1.118148,0.181099,9.734305
178.000000,-1.118148,0.181099,9.734306
178.035000,-1.118147,0.181098,9.734307
178.070000,-1.118147,0.181098,9.734308
178.100000,-1.118147,0.181097,9.734309
178.135000,-1.118146,0.181097,9.734309
178.165000,-1.118146,0.181097,9.734310
178.200000,-1.118146,0.181096,9.734310
178.235000,-1.118145,0.181096,9.734311
178.265000,-1.118145,0.181096,9.734311
178.300000,-1.118145,0.181096,9.734312
178.330000,-1.118145,0.181095,9.734312
178.365000,-1.118144,0.181095,9.734313
178.400000,-1.118144,0.181095,9.734313
178.430000,-1.118144,0.181095,9.734314
178.465000,-1.118143,0.181095,9.734314
178.495000,-1.118143,0.181095,9.734314
178.530000,-1.118143,0.181095,9.734315
178.565000,-1.118143,0.181095,9.734315
178.595000,-1.118143,0.181095,9.734315
178.630000,-1.118142,0.181095,9.734315
178.660000,-1.118142,0.181094,9.734316
178.695000,-1.118142,0.181094,9.734316
178.730000,-1.118142,0.181094,9.734316
178.760000,-1.118141,0.181094,9.734316
178.795000,-1.118141,0.181095,9.734316
178.825000,-1.118141,0.181095,9.734317
178.860000,-1.118141,0.181095,9.734317
178.895000,-1.118141,0.181095,9.734317
178.925000,-1.118140,0.181095,9.734317
178.960000,-1.118140,0.181095,9.734317
178.990000,-1.118140,0.181095,9.734317
179.025000,-1.118140,0.181095,9.734318
179.060000,-1.118140,0.181095,9.734318
179.090000,-1.118140,0.181095,9.734318
179.125000,-1.118139,0.181095,9.734318
179.155000,-1.118139,0.181095,9.734318
179.190000,-1.118139,0.181095,9.734318
179.225000,-1.118139,0.181095,9.734318
179.255000,-1.118139,0.181095,9.734318
179.290000,-1.118138,0.181096,9.734318
179.320000,-1.118138,0.181096,9.734318
179.355000,-1.118138,0.181096,9.734318
179.390000,-1.118138,0.181096,9.734319
179.420000,-1.118138,0.181096,9.734319
179.455000,-1.118138,0.181096,9.734319
179.485000,-1.118137,0.181096,9.734319
179.520000,-1.118137,0.181096,9.734319
179.555000,-1.118137,0.181096,9.734319
179.585000,-1.118137,0.181097,9.734319
179.620000,-1.118137,0.181097,9.734319
179.650000,-1.118137,0.181097,9.734319
179.685000,-1.118136,0.181097,9.734319
179.720000,-1.118136,0.181097,9.734319
179.750000,-1.118136,0.181097,9.734319
179.785000,-1.118136,0.181097,9.734319
179.815000,-1.118136,0.181097,9.734319
179.850000,-1.118136,0.181098,9.734319
179.885000,-1.118135,0.181098,9.734319
179.915000,-1.118135,0.181098,9.734319
179.950000,-1.118135,0.181098,9.734319
179.980000,-1.118135,0.181098,9.734319
180.015000,-1.118135,0.181098,9.734319
180.050000,-1.118135,0.181098,9.734319
180.080000,-1.118134,0.181099,9.734319
180.115000,-1.118134,0.181099,9.734319
180.145000,-1.118134,0.181099,9.734320
180.180000,-1.118134,0.181099,9.734320
180.215000,-1.118134,0.181099,9.734320
180.245000,-1.118134,0.181099,9.734320
180.280000,-1.118133,0.181099,9.734320
180.310000,-1.118133,0.181100,9.734320
180.345000,-1.118133,0.181100,9.734320
180.380000,-1.118133,0.181100,9.734320
180.410000,-1.118133,0.181100,9.734320
180.445000,-1.118133,0.181100,9.734320
180.475000,-1.118133,0.181100,9.734320
180.510000,-1.118132,0.181100,9.734320
180.545000,-1.118132,0.181101,9.734320
180.575000,-1.118132,0.181101,9.734320
180.610000,-1.118132,0.181101,9.734320
180.640000,-1.118132,0.181101,9.734320
180.675000,-1.118132,0.181101,9.734320
180.710000,-1.118131,0.181101,9.734320
180.740000,-1.118131,0.181101,9.734320
180.775000,-1.118131,0.181102,9.734320
180.805000,-1.118131,0.181102,9.734320
180.840000,-1.118131,0.181102,9.734320
180.875000,-1.118131,0.181102,9.734320
180.905000,-1.118131,0.181102,9.734320
180.940000,-1.118130,0.181102,9.734320
180.970000,-1.118130,0.181103,9.734320
181.005000,-1.118130,0.181103,9.734320
181.040000,-1.118130,0.181103,9.734320
181.070000,-1.118130,0.181103,9.734320
181.105000,-1.118130,0.181103,9.734320
181.135000,-1.118129,0.181103,9.734320
181.170000,-1.118129,0.181103,9.734320
181.205000,-1.118129,0.181104,9.734320
181.235000,-1.118129,0.181104,9.734320
181.270000,-1.118129,0.181104,9.734320
181.300000,-1.118129,0.181104,9.734320
181.335000,-1.118129,0.181104,9.734320
181.370000,-1.118128,0.181104,9.734320
181.400000,-1.118128,0.181105,9.734320
181.435000,-1.118128,0.181105,9.734320
181.465000,-1.118128,0.181105,9.734320
181.500000,-1.118128,0.181105,9.734320
181.535000,-1.118128,0.181105,9.734320
181.565000,-1.118128,0.181105,9.734320
181.600000,-1.118127,0.181106,9.734320
181.630000,-1.118127,0.181106,9.734320
181.665000,-1.118127,0.181106,9.734320
181.700000,-1.118127,0.181106,9.734320
181.730000,-1.118127,0.181106,9.734320
181.765000,-1.118127,0.181106,9.734320
181.795000,-1.118126,0.181107,9.734320
181.830000,-1.118126,0.181107,9.734320
181.865000,-1.118126,0.181107,9.734320
181.895000,-1.118126,0.181107,9.734320
181.930000,-1.118126,0.181107,9.734320
181.960000,-1.118126,0.181107,9.734320
181.995000,-1.118126,0.181108,9.734320
182.030000,-1.118125,0.181108,9.734320
182.060000,-1.118125,0.181108,9.734321
182.095000,-1.118125,0.181108,9.734321
182.125000,-1.118125,0.181108,9.734321
182.160000,-1.118125,0.181108,9.734321
182.195000,-1.118125,0.181109,9.734321
182.225000,-1.118124,0.181109,9.734321
182.260000,-1.118124,0.181109,9.734321
182.290000,-1.118124,0.181109,9.734321
182.325000,-1.118124,0.181109,9.734321
182.360000,-1.118124,0.181109,9.734321
182.390000,-1.118124,0.181110,9.734321
182.425000,-1.118124,0.181110,9.734321
182.455000,-1.118123,0.181110,9.734321
182.490000,-1.118123,0.181110,9.734321
182.525000,-1.118123,0.181110,9.734321
182.555000,-1.118123,0.181110,9.734321
182.590000,-1.118123,0.181111,9.734321
182.620000,-1.118123,0.181111,9.734321
182.655000,-1.118122,0.181111,9.734321
182.690000,-1.118122,0.181111,9.734321
182.720000,-1.118122,0.181111,9.734321
182.755000,-1.118122,0.181111,9.734321
182.785000,-1.118122,0.181112,9.734321
182.820000,-1.118122,0.181112,9.734321
182.855000,-1.118122,0.181112,9.734321
182.885000,-1.118121,0.181112,9.734321
182.920000,-1.118121,0.181112,9.734321
182.950000,-1.118121,0.181112,9.734321
182.985000,-1.118121,0.181113,9.734321
183.020000,-1.118121,0.181113,9.734321
183.050000,-1.118121,0.181113,9.734321
183.085000,-1.118120,0.181113,9.734321
183.115000,-1.118120,0.181113,9.734321
183.150000,-1.118120,0.181113,9.734321
183.185000,-1.118120,0.181114,9.734321
183.215000,-1.118120,0.181114,9.734321
183.250000,-1.118120,0.181114,9.734321
183.280000,-1.118120,0.181114,9.734321
183.315000,-1.118119,0.181114,9.734321
183.350000,-1.118119,0.181114,9.734321
183.380000,-1.118119,0.181115,9.734321
183.415000,-1.118119,0.181115,9.734321
183.445000,-1.118119,0.181115,9.734321
183.480000,-1.118119,0.181115,9.734321
183.515000,-1.118118,0.181115,9.734321
183.545000,-1.118118,0.181115,9.734321
183.580000,-1.118118,0.181116,9.734321
183.610000,-1.118118,0.181116,9.734321
183.645000,-1.118118,0.181116,9.734321
183.680000,-1.118118,0.181116,9.734321
183.710000,-1.118118,0.181116,9.734321
183.745000,-1.118117,0.181116,9.734321
183.775000,-1.118117,0.181117,9.734321
183.810000,-1.118117,0.181117,9.734321
183.845000,-1.118117,0.181117,9.734321
183.875000,-1.118117,0.181117,9.734321
183.910000,-1.118117,0.181117,9.734321
183.940000,-1.118116,0.181117,9.734321
183.975000,-1.118116,0.181118,9.734321
184.010000,-1.118116,0.181118,9.734321
184.040000,-1.118116,0.181118,9.734321
184.075000,-1.118116,0.181118,9.734321
184.105000,-1.118116,0.181118,9.734321
184.140000,-1.118116,0.181118,9.734321
184.175000,-1.118115,0.181119,9.734321
184.205000,-1.118115,0.181119,9.734321
184.240000,-1.118115,0.181119,9.734322
184.270000,-1.118115,0.181119,9.734322
184.305000,-1.118115,0.181119,9.734322
184.340000,-1.118115,0.181120,9.734322
184.370000,-1.118115,0.181120,9.734322
184.405000,-1.118114,0.181120,9.734322
184.435000,-1.118114,0.181120,9.734322
184.470000,-1.118114,0.181120,9.734322
184.505000,-1.118114,0.181120,9.734322
184.535000,-1.118114,0.181121,9.734322
184.570000,-1.118114,0.181121,9.734322
184.600000,-1.118113,0.181121,9.734322
184.635000,-1.118113,0.181121,9.734322
184.670000,-1.118113,0.181121,9.734322
184.700000,-1.118113,0.181121,9.734322
184.735000,-1.118113,0.181122,9.734322
184.765000,-1.118113,0.181122,9.734322
184.800000,-1.118113,0.181122,9.734322
184.835000,-1.118112,0.181122,9.734322
184.865000,-1.118112,0.181122,9.734322
184.900000,-1.118112,0.181123,9.734322
184.930000,-1.118112,0.181123,9.734322
184.965000,11.854240,5.037506,15.303093
185.000000,2.814081,1.287377,9.772541
185.030000,8.513415,4.048958,14.716613
185.065000,11.634736,4.774054,14.571757
185.095000,-0.716490,-0.558054,9.162500
185.130000,-0.664997,-0.513474,9.002291
185.165000,4.349668,1.624855,9.922244
185.195000,-0.794681,-0.562417,8.979017
185.230000,-0.661808,-0.471388,8.946165
185.260000,-0.840355,-0.852213,16.185346
185.295000,-0.711024,-0.504557,8.950090
185.330000,8.194577,4.561405,17.308180
185.360000,-0.650929,-0.494008,8.895048
185.395000,-0.701360,-0.481552,8.909482
185.425000,-1.419226,2.929460,7.979795
185.460000,-0.895303,2.932205,7.966297
185.495000,-0.784011,-0.370039,1.725770
185.525000,-6.747589,0.264740,8.127793
185.560000,-1.122542,0.133650,9.601771
185.590000,-1.881581,-0.029618,3.559322
185.625000,-1.485088,0.323528,9.452181
185.660000,-1.044236,0.344156,10.085167
185.690000,-1.069051,0.241109,9.738078
185.725000,-1.058489,0.257205,9.738865
185.755000,-1.065996,0.245750,9.738358
185.790000,-1.070038,0.239581,9.738099
185.825000,-1.079648,0.224490,9.737466
185.855000,-1.079867,0.224174,9.737469
185.890000,-1.080059,0.223831,9.737472
185.920000,-1.080218,0.223540,9.737480
185.955000,-1.080427,0.223247,9.737483
185.990000,-1.080600,0.222971,9.737488
186.020000,-1.080721,0.222748,9.737495
186.055000,-1.080878,0.222530,9.737497
186.085000,-1.080986,0.222358,9.737500
186.120000,-1.081084,0.222176,9.737506
186.155000,-1.081189,0.222034,9.737507
186.185000,-1.081254,0.221929,9.737509
186.220000,-1.081305,0.221828,9.737511
186.250000,-1.081351,0.221773,9.737510
186.285000,5.243521,-3.361837,11.394806
186.320000,5.894267,-3.470346,13.277800
186.350000,0.153020,0.932312,6.358949
186.385000,0.518406,2.258265,15.786529
186.415000,2.282660,0.028516,10.145110
186.450000,-0.459950,2.939332,8.024528
186.485000,0.875885,1.471790,8.455394
186.515000,3.406288,-1.546297,8.684475
186.550000,-14.445652,-7.354156,28.389344
186.580000,-0.198187,-0.221880,8.782525
186.615000,0.041413,-0.397950,6.114637
186.650000,-0.247989,-0.128417,8.616577
186.680000,1.340828,-0.816861,-0.387341
186.715000,0.772462,-0.162862,-0.107588
186.745000,-6.822403,1.792824,51.139957
186.780000,0.661438,-0.416010,-0.170153
186.815000,0.509952,-0.322864,-0.126830
186.845000,0.005557,0.006483,-0.001706
186.880000,0.518308,-0.321488,-0.136340
186.910000,0.532626,-0.350668,-0.167949
186.945000,3.465215,-2.159333,-0.963325
186.980000,4.948322,-3.172393,-1.132338
187.010000,1.285252,-0.822583,-0.375794
187.045000,-4.702939,1.752496,41.313057
187.075000,-1.964574,-0.088983,3.655833
187.110000,-0.832758,0.418564,1.687706
187.145000,-1.881209,-0.070118,3.448563
187.175000,-1.995932,-0.073959,3.711633
187.210000,-4.208461,1.725042,33.174153
187.240000,-0.826947,0.225689,9.752307
187.275000,-0.951871,0.304695,9.741161
187.310000,-0.950426,0.306229,9.741007
187.340000,-0.949541,0.307707,9.740702
187.375000,-0.948526,0.309402,9.740200
187.405000,-0.947666,0.310839,9.739635
187.440000,-0.946667,0.312509,9.738800
187.475000,-0.945665,0.314186,9.737755
187.505000,-0.944797,0.315646,9.736667
187.540000,-0.943766,0.317374,9.735150
187.570000,-0.942860,0.318895,9.733605
187.605000,-0.941739,0.320708,9.731486
187.640000,-0.531163,3.304752,8.777886
187.670000,-0.532786,3.296069,8.771740
187.705000,-1.003918,0.205173,9.743572
187.735000,-1.596438,2.162958,22.554026
187.770000,4.508866,-3.023413,9.633668
187.805000,-0.326080,-0.052716,9.421304
187.835000,-1.013822,0.308381,8.865348
187.870000,-0.380860,0.078106,8.512667
187.900000,-1.443380,-0.306270,5.951161
187.935000,0.103688,-0.573514,27.466001
187.970000,0.007553,0.005635,-0.000784
188.000000,3.283493,-2.127564,-0.813979
188.035000,-4.686151,2.319854,31.694804
188.065000,1.011998,-0.671612,-0.282449
188.100000,7.531924,0.857889,8.934144
188.135000,0.634434,-0.396107,-0.210703
188.165000,-0.158915,0.241260,7.074678
188.200000,0.644108,-0.402015,-0.172738
188.230000,-2.630646,0.772089,22.974325
188.265000,-2.754425,0.914194,40.644778
188.300000,0.710149,-0.443676,-0.186771
188.330000,-0.827532,1.137988,1.422871
188.365000,-0.423942,3.142637,7.492814
188.395000,0.295982,3.044132,7.958125
188.430000,-0.851991,3.016753,8.008696
188.465000,-1.786210,1.848432,5.775252
188.495000,-0.656967,3.180155,8.423609
188.530000,-0.802355,0.374585,1.711517
188.560000,-0.983229,0.476247,9.291474
188.595000,-0.826975,0.550002,8.838164
188.630000,-0.702217,0.363714,8.961277
188.660000,-0.633133,0.475973,8.969536
188.695000,-0.659312,0.421994,9.336064
188.725000,-0.182568,0.035719,13.990138
188.760000,-2.823054,1.600361,10.205037
188.795000,1.090177,-0.481699,9.132310
188.825000,-0.675232,0.326024,9.683375
188.860000,-0.393496,-2.711314,7.822089
188.890000,-0.165913,-1.590923,4.752976
188.925000,-0.980069,0.141817,9.720950
188.960000,-0.616832,0.373143,9.772570
188.990000,-0.616718,0.373266,9.772619
189.025000,-0.616708,0.373266,9.772676
189.055000,-0.616700,0.373266,9.772722
189.090000,-0.616690,0.373266,9.772772
189.125000,-0.616682,0.373265,9.772819
189.155000,1.085820,-0.535302,9.203381
189.190000,-0.616587,0.373295,9.772875
189.220000,-0.616580,0.373293,9.772909
189.255000,-0.616573,0.373292,9.772947
189.290000,-0.624571,0.375823,9.774913
189.320000,1.085012,-0.533960,9.205176
189.355000,-0.616315,0.373375,9.772976
189.385000,-0.616310,0.373370,9.773006
189.420000,-0.616304,0.373363,9.773038
189.455000,-0.616299,0.373358,9.773068
189.485000,-0.616294,0.373353,9.773092
189.520000,1.083541,-0.531041,9.206778
189.550000,-0.616205,0.373374,9.773118
189.585000,-0.616200,0.373368,9.773143
189.620000,-0.616194,0.373362,9.773166
189.650000,-0.616190,0.373357,9.773185
189.685000,-0.614607,0.393698,9.774862
189.715000,-0.638295,0.332278,9.773829
189.750000,-0.607099,0.389945,9.772956
189.785000,-0.607019,0.390079,9.772973
189.815000,-0.638897,0.331118,9.773900
189.850000,-0.608997,0.386403,9.773063
189.880000,-0.606982,0.390110,9.773017
189.915000,11.510263,-4.544425,12.288968
189.950000,-0.568019,0.440075,9.710234
189.980000,3.260572,-2.400954,17.979783
190.015000,9.684840,-3.533835,9.901817
190.045000,1.095083,-0.456240,2.291121
190.080000,0.001210,2.992406,8.188078
190.115000,-0.269660,3.146609,8.342659
190.145000,-0.250538,3.152012,8.359786
190.180000,-0.187631,2.023491,6.222594
190.210000,0.306296,3.051817,8.185253
190.245000,-0.830175,0.378743,1.915576
190.280000,-0.559144,0.198537,8.855695
190.310000,-1.622599,-1.001498,7.667221
190.345000,-0.122906,-0.140497,9.003904
190.375000,-0.111540,-0.180822,8.997571
190.410000,-8.950280,-5.319964,17.178738
190.445000,-0.205433,-0.251168,9.003268
190.475000,-0.200575,-0.296392,8.991790
190.510000,-0.197958,-0.349930,8.977214
190.540000,-0.248794,-0.335627,8.998664
190.575000,-0.841718,2.990042,8.134202
190.610000,-0.466165,0.276467,9.004532
190.640000,-0.556139,0.279730,9.029592
190.675000,-8.222505,3.901618,11.937128
190.705000,-2.109229,-1.128733,9.264635
190.740000,-3.524491,-1.602750,9.402223
190.775000,-4.160585,-1.428751,9.388120
190.805000,-4.160105,-1.395484,9.387974
190.840000,-2.151720,-0.249590,3.450904
190.870000,-0.293665,0.071455,9.225981
190.905000,-0.564514,0.149004,9.240853
190.940000,-0.554594,0.174029,9.006679
190.970000,0.743679,-0.554164,-0.248531
191.005000,-0.706513,7.032021,32.958690
191.035000,2.795146,1.018247,4.202541
191.070000,2.931417,0.992633,4.405385
191.105000,0.002930,-1.016119,0.929895
191.135000,3.113535,1.008053,4.568673
191.170000,0.548834,3.276843,9.021235
191.200000,1.177392,0.382205,9.069890
191.235000,-3.008110,-0.305757,9.196540
191.270000,1.437987,0.216350,9.467632
191.300000,-3.252172,-0.296100,9.367472
191.335000,-3.330598,-0.313989,9.496683
191.365000,-3.090175,-0.859893,12.207210
191.400000,-2.210210,-0.456089,9.609457
191.435000,-0.520161,0.272201,9.776449
191.465000,7.590568,-4.542782,10.500517
191.500000,-0.477871,0.245509,9.782796
191.530000,-0.477715,0.245811,9.782746
191.565000,-0.477393,0.246386,9.782595
191.600000,-0.477278,0.246599,9.782340
191.630000,-0.490511,0.223673,9.782003
191.665000,3.748786,4.121293,11.183629
191.695000,-0.357136,0.454968,9.782715
191.730000,-0.357140,0.454968,9.782728
191.765000,0.075554,0.584801,9.745763
191.795000,-0.357145,0.454968,9.782748
191.830000,-0.357147,0.454968,9.782759
191.860000,-0.357149,0.454968,9.782768
191.895000,-0.357151,0.454968,9.782778
191.930000,14.845505,-0.918479,18.799554
191.960000,3.043914,3.941998,10.660907
191.995000,-0.365902,0.812002,15.168595
192.025000,3.774962,0.955370,5.035094
192.060000,6.732210,-4.903659,11.955022
192.095000,-0.455138,0.265426,9.025764
192.125000,-0.092337,2.915272,7.944708
192.160000,-0.007766,-0.184078,9.019708
192.190000,-0.377781,-0.431299,8.892998
192.225000,-0.058065,2.876723,7.862610
192.260000,0.007480,-0.165561,9.015460
192.290000,-0.009006,-0.222335,9.005521
192.325000,-6.579535,-4.055544,15.277070
192.355000,-0.043693,-0.066921,1.004719
192.390000,-0.001695,-0.206655,8.998013
192.425000,-1.440111,0.248803,2.964117
192.455000,0.020346,-0.114709,9.405348
192.490000,-6.120498,5.050173,12.307138
192.520000,-4.719374,0.998703,7.370644
192.555000,-0.316847,0.357718,9.691511
192.590000,-2.716500,-3.060022,4.865768
192.620000,1.593351,0.652106,9.398789
192.655000,1.593101,0.643866,9.397665
192.685000,1.564716,0.627512,9.204433
192.720000,-1.938715,6.550149,15.209458
192.755000,1.653178,0.749812,8.967530
192.785000,1.609680,0.699439,8.786539
192.820000,-2.009040,5.118104,12.043135
192.850000,-0.326460,3.333678,16.902308
192.885000,1.647558,2.174247,8.711568
192.920000,-1.603000,1.722636,8.288303
192.950000,-13.551737,-10.093805,19.363043
192.985000,2.129423,1.698249,8.969600
193.015000,-11.762083,-4.518279,17.386525
193.050000,1.115270,-2.792596,9.320564
193.085000,-0.291960,0.603618,9.499849
193.115000,-3.346270,1.172877,10.837270
193.150000,-0.204214,-0.160586,4.291862
193.180000,0.088511,0.560408,9.728266
193.215000,0.636435,-1.233963,9.704613
193.250000,0.249172,0.159010,9.771287
193.280000,-0.514291,0.445444,9.767364
193.315000,-0.182300,0.444319,9.788163
193.345000,-0.182300,0.444321,9.788167
193.380000,5.803776,-2.433721,9.716458
193.415000,9.829720,4.613784,12.901248
193.445000,0.205095,0.719915,6.410255
193.480000,1.030805,-0.178244,2.562603
193.510000,-0.407179,9.831155,24.517452
193.545000,-0.160094,0.445303,9.003197
193.580000,-0.207373,0.440178,9.002571
193.610000,-0.223473,0.449384,9.003744
193.645000,-0.156522,0.443445,9.002436
193.675000,-0.184344,0.445524,9.002221
193.710000,-0.218726,0.448838,9.003343
193.745000,-0.151292,0.443940,9.002984
193.775000,-0.182124,0.446089,9.002536
193.810000,-1.084561,-1.223476,11.858672
193.840000,-0.110123,-2.449228,7.828704
193.875000,-3.756422,-0.532963,9.203440
193.910000,-1.720712,1.645696,8.832074
193.940000,-3.998515,-0.819036,9.532971
193.975000,-4.112918,-0.934297,9.679952
194.005000,-1.902847,1.733432,9.142203
194.040000,-0.348559,1.744731,6.635906
194.075000,-1.895913,1.739884,9.170941
194.105000,-1.891699,1.736695,9.170181
194.140000,-1.884258,1.731065,9.161493
194.170000,-1.875705,1.724594,9.147202
194.205000,-1.087894,2.776848,10.099177
194.240000,5.421629,-2.017711,9.785319
194.270000,1.746003,-1.326596,9.131861
194.305000,-0.154704,1.747578,5.440854
194.335000,-0.285987,0.449334,9.783843
194.370000,-0.299320,0.449119,9.783324
194.405000,-0.316923,0.449179,9.782697
194.435000,-0.317282,0.449182,9.782638
194.470000,0.131260,-0.348410,9.766715
194.500000,-0.182387,0.462806,9.766422
194.535000,-0.190422,0.503169,9.702394
194.570000,0.101153,-0.264773,9.595741
194.600000,-0.393658,1.139416,9.830707
194.635000,-1.651178,4.886531,10.727718
194.665000,0.035905,-0.393169,10.206380
194.700000,0.021032,-0.005788,9.253722
194.735000,0.706422,1.617448,9.012223
194.765000,-1.851071,1.519770,10.367366
194.800000,1.142265,-3.003169,8.844677
194.830000,1.191584,2.449150,9.460254
194.865000,0.023587,0.076087,9.196896
194.900000,-0.047660,0.297705,9.173003
194.930000,-0.057244,0.488349,9.702167
194.965000,-0.033992,0.099984,10.517161
194.995000,-0.129778,0.467576,9.766424
195.030000,-1.292079,1.390133,9.368616
195.065000,-0.132066,0.467099,9.787545
195.095000,-0.132063,0.467093,9.787570
195.130000,-0.132064,0.467085,9.787598
195.160000,-0.132065,0.467079,9.787620
195.195000,-0.132066,0.467073,9.787644
195.230000,-0.132067,0.467066,9.787667
195.260000,-0.132068,0.467061,9.787685
195.295000,-0.132069,0.467056,9.787705
195.325000,-0.132069,0.467051,9.787721
195.360000,-0.132071,0.467047,9.787738
195.395000,-0.132084,0.467001,9.787759
195.425000,-0.132071,0.467038,9.787767
195.460000,-0.132073,0.467035,9.787781
195.490000,-0.132084,0.466999,9.787797
195.525000,-0.132073,0.467028,9.787805
195.560000,-0.132074,0.467025,9.787817
195.590000,-0.131832,0.467004,9.787833
195.625000,-0.132079,0.467018,9.787836
195.655000,-0.132075,0.467017,9.787845
195.690000,-0.132076,0.467015,9.787854
195.725000,-0.132090,0.466976,9.787867
195.755000,-0.132076,0.467011,9.787869
195.790000,-0.132076,0.467009,9.787876
195.820000,-0.132066,0.467008,9.787882
195.855000,-0.132077,0.467005,9.787888
195.890000,-0.132077,0.467004,9.787894
195.920000,-0.132080,0.466976,9.787903
195.955000,-0.132078,0.467001,9.787904
195.985000,-0.132078,0.467000,9.787909
196.020000,-0.132094,0.466947,9.787920
196.055000,-0.132078,0.466997,9.787917
196.085000,-0.132078,0.466996,9.787921
196.120000,-0.132106,0.466923,9.787934
196.150000,-0.132079,0.466995,9.787928
196.185000,-0.132079,0.466994,9.787931
196.220000,-4.029383,-0.180410,9.967772
196.250000,-1.946415,1.427937,9.216594
196.285000,-3.812031,-0.599124,9.430932
196.315000,-4.628165,1.499738,12.804511
196.350000,-3.556770,-0.332714,9.029857
196.385000,-2.650100,3.877130,15.563659
196.415000,-3.260002,1.484682,10.636567
196.450000,0.000469,1.563266,4.945757
196.480000,0.094577,1.554131,4.919294
196.515000,-1.598653,1.578342,8.347046
196.550000,4.898994,-2.842750,7.479883
196.580000,-0.231372,-1.463671,4.474055
196.615000,0.257601,-3.849508,12.537352
196.645000,-0.430801,0.461298,8.984502
196.680000,-0.130091,8.681315,22.118934
196.715000,7.455805,3.111190,10.474750
196.745000,-0.091244,0.470409,9.402658
196.780000,16.834452,6.793405,22.255094
196.810000,-0.347259,0.464939,9.649325
196.845000,-0.091123,0.476657,9.780128
196.880000,-0.115845,0.471254,9.787874
196.910000,-0.128807,0.468285,9.787575
196.945000,-0.128802,0.468285,9.787601
196.975000,-0.128798,0.468284,9.787622
197.010000,-0.128793,0.468282,9.787645
197.045000,-0.128789,0.468281,9.787666
197.075000,-0.439208,0.479014,9.796714
197.110000,-0.128781,0.468279,9.787703
197.140000,-0.128754,0.468281,9.787720
197.175000,-0.128774,0.468276,9.787736
197.210000,-0.128771,0.468276,9.787751
197.240000,-0.128768,0.468275,9.787763
197.275000,-0.128765,0.468275,9.787777
197.305000,-0.128763,0.468274,9.787787
197.340000,-0.128761,0.468274,9.787799
197.375000,-0.128758,0.468273,9.787810
197.405000,-0.128757,0.468273,9.787819
197.440000,-0.128755,0.468272,9.787828
197.470000,-0.128751,0.468272,9.787836
197.505000,-0.128751,0.468271,9.787845
197.540000,0.179188,0.457193,9.778693
197.570000,-0.128746,0.468269,9.787860
197.605000,-0.128746,0.468269,9.787867
197.635000,-0.128745,0.468269,9.787873
197.670000,-0.128742,0.468269,9.787879
197.705000,-0.128743,0.468269,9.787884
197.735000,-0.439247,0.476320,9.796617
197.770000,-0.128739,0.468267,9.787894
197.800000,-0.128739,0.468267,9.787898
197.835000,-0.128738,0.468267,9.787902
197.870000,-0.128739,0.468250,9.787908
197.900000,-0.128737,0.468267,9.787909
197.935000,-0.128736,0.468267,9.787913
197.965000,-0.128732,0.468374,9.787906
198.000000,-0.128735,0.468267,9.787919
198.035000,-0.128734,0.468267,9.787921
198.065000,-0.128729,0.468372,9.787914
198.100000,-0.128733,0.468267,9.787926
198.130000,-0.128733,0.468267,9.787928
198.165000,-0.128727,0.468366,9.787922
198.200000,-0.128732,0.468266,9.787932
198.230000,-0.126232,0.467633,9.788045
198.265000,-0.128726,0.468346,9.787932
198.295000,-0.128707,0.468265,9.787942
198.330000,-0.128729,0.468262,9.787943
198.365000,-0.128727,0.468335,9.787938
198.395000,-0.128729,0.468262,9.787945
198.430000,-0.128728,0.468262,9.787946
198.460000,-0.128728,0.468263,9.787947
198.495000,-0.128728,0.468263,9.787948
198.530000,-0.128726,0.468258,9.787952
198.560000,-0.242696,0.668896,9.787127
198.595000,-0.128729,0.468264,9.787953
198.625000,-0.119091,0.471697,9.766506
198.660000,-0.165795,0.459632,9.766487
198.695000,1.035637,0.632490,9.702128
198.725000,-0.141196,0.588949,9.595142
198.760000,-0.073575,0.342314,9.594933
198.790000,-0.170076,0.624690,9.445666
198.825000,0.367491,0.786680,9.294465
198.860000,-0.279918,0.417660,9.253187
198.890000,-2.199782,0.778658,2.758114
198.925000,1.477540,-0.723388,3.479492
198.955000,-2.702343,-0.016115,18.333207
198.990000,0.561661,3.431792,15.306724
199.025000,1.812315,-0.453822,3.081363
199.055000,-0.976489,1.650965,8.388561
199.090000,-0.273351,0.400517,8.837225
199.120000,-0.657240,-5.039076,11.895625
199.155000,-1.445487,1.740823,8.314371
199.190000,-0.298184,0.402645,9.099945
199.220000,-1.597079,3.680559,9.971761
199.255000,-2.138206,1.409175,8.844721
199.285000,2.689448,-0.675463,3.964264
199.320000,-0.456083,0.353219,9.637329
199.355000,-0.360455,0.489483,9.636283
199.385000,-0.311657,0.462819,9.727066
199.420000,0.046935,0.738083,9.668293
199.450000,-0.432203,0.290291,9.777909
199.485000,-0.297265,0.431463,9.785543
199.520000,-0.537652,0.738982,9.846383
199.550000,-0.297148,0.431484,9.785598
199.585000,-0.297149,0.431471,9.785625
199.615000,-0.297118,0.431526,9.785649
199.650000,-0.297150,0.431450,9.785670
199.685000,-0.297163,0.431420,9.785692
199.715000,-0.297852,0.431916,9.785757
199.750000,-0.297113,0.431417,9.785730
199.780000,-0.297122,0.431396,9.785746
199.815000,-0.297084,0.431455,9.785764
199.850000,-0.297114,0.431394,9.785779
199.880000,-0.297151,0.431333,9.785790
199.915000,-0.297082,0.431435,9.785807
199.945000,-0.297114,0.431376,9.785816
199.980000,-0.297134,0.431342,9.785828
200.015000,-0.297081,0.431420,9.785841
200.045000,-0.297115,0.431360,9.785849
200.080000,-0.297115,0.431355,9.785859
200.110000,-0.297078,0.431388,9.785867
200.145000,-0.297115,0.431347,9.785876
200.180000,-0.297117,0.431363,9.785888
200.210000,-0.297115,0.431340,9.785890
200.245000,-0.297115,0.431336,9.785898
200.275000,-0.297128,0.431316,9.785903
200.310000,-0.297115,0.431330,9.785910
200.345000,-0.297115,0.431327,9.785915
200.375000,-0.297120,0.431314,9.785921
200.410000,-0.297859,0.431738,9.785970
200.440000,-0.297041,0.431310,9.785932
200.475000,-0.297038,0.431307,9.785936
200.510000,-0.297038,0.431305,9.785940
200.540000,-0.297038,0.431303,9.785944
200.575000,-0.297038,0.431301,9.785947
200.605000,-0.297037,0.431300,9.785950
200.640000,-0.297037,0.431298,9.785954
200.675000,-0.296999,0.431291,9.785958
200.705000,-0.296998,0.431289,9.785960
200.740000,-4.115048,-1.001582,9.416491
200.770000,-4.122510,-0.783544,9.509547
200.805000,-1.779722,1.607919,8.990697
200.840000,0.148397,1.803240,5.352126
200.870000,-3.837234,1.107726,8.974506
200.905000,-3.762101,-0.826549,8.683492
200.935000,1.132339,1.793825,8.505324
200.970000,-0.554944,0.328879,1.627198
201.005000,-10.734159,-7.589968,18.212656
201.035000,-0.393187,0.387351,8.977701
201.070000,-0.470816,0.354591,9.006548
201.100000,-0.463982,0.310378,9.001368
201.135000,-0.445748,0.337844,8.970922
201.170000,-0.467970,0.388760,8.997785
201.200000,-0.475443,0.341989,8.993319
201.235000,1.435453,3.504380,8.652039
201.265000,13.686503,-2.182327,17.958141
201.300000,-0.340048,0.516045,9.654457
201.335000,4.713519,1.501832,7.111141
201.365000,8.553455,1.985842,11.669970
201.400000,-0.328345,0.515782,9.780706
201.430000,-0.328392,0.515751,9.780720
201.465000,-0.328393,0.515733,9.780734
201.500000,-0.328406,0.515712,9.780747
201.530000,-0.328412,0.515697,9.780757
201.565000,-0.328413,0.515682,9.780768
201.595000,-0.328423,0.515667,9.780777
201.630000,-0.328428,0.515652,9.780786
201.665000,-0.328429,0.515640,9.780795
201.695000,-0.328437,0.515628,9.780803
201.730000,-0.328441,0.515616,9.780811
201.760000,-0.328445,0.515606,9.780817
201.795000,-0.328449,0.515595,9.780824
201.830000,-0.328452,0.515585,9.780831
201.860000,-0.328455,0.515577,9.780836
201.895000,-0.328458,0.515568,9.780842
201.925000,-0.328461,0.515561,9.780846
201.960000,-0.328463,0.515553,9.780851
201.995000,-0.328466,0.515545,9.780856
202.025000,-0.328468,0.515539,9.780860
202.060000,-0.328470,0.515533,9.780864
202.090000,-0.328472,0.515527,9.780867
202.125000,-0.328474,0.515521,9.780871
202.160000,-0.328476,0.515516,9.780874
202.190000,-0.328477,0.515511,9.780877
202.225000,-0.328479,0.515506,9.780880
202.255000,-0.328480,0.515502,9.780882
202.290000,-0.328482,0.515498,9.780885
202.325000,-0.328483,0.515493,9.780887
202.355000,-0.328484,0.515490,9.780889
202.390000,-0.328485,0.515486,9.780892
202.420000,-0.328487,0.515483,9.780893
202.455000,-0.328487,0.515480,9.780895
202.490000,-0.328488,0.515476,9.780897
202.520000,-0.328489,0.515473,9.780898
202.555000,-0.328489,0.515471,9.780900
202.585000,-0.328490,0.515468,9.780901
202.620000,-0.328491,0.515465,9.780903
202.655000,-0.328492,0.515463,9.780904
202.685000,-0.328492,0.515461,9.780905
202.720000,-0.328493,0.515458,9.780906
202.750000,-0.328493,0.515456,9.780907
202.785000,-0.328494,0.515454,9.780908
202.820000,-0.328522,0.515411,9.780910
202.850000,-0.328494,0.515450,9.780910
202.885000,-0.328495,0.515448,9.780910
202.915000,-0.328452,0.515509,9.780909
202.950000,-0.328496,0.515445,9.780912
202.985000,-0.328496,0.515443,9.780912
203.015000,-0.328452,0.515504,9.780911
203.050000,-0.328496,0.515440,9.780914
203.080000,-0.328497,0.515439,9.780914
203.115000,-0.328452,0.515500,9.780913
203.150000,-0.328497,0.515436,9.780915
203.180000,-0.328497,0.515435,9.780915
203.215000,-0.328453,0.515495,9.780914
203.245000,-0.328498,0.515432,9.780916
203.280000,-0.328498,0.515431,9.780917
203.315000,1.449006,-0.547289,2.718000
203.345000,-0.328626,0.515382,9.780129
203.380000,-0.328611,0.515371,9.780184
203.410000,-0.328599,0.515363,9.780228
203.445000,-0.328585,0.515353,9.780276
203.480000,-0.328573,0.515344,9.780320
203.510000,-0.328563,0.515337,9.780356
203.545000,-0.328552,0.515329,9.780396
203.575000,-0.328543,0.515323,9.780427
203.610000,-0.328533,0.515316,9.780462
203.645000,-0.328524,0.515309,9.780494
203.675000,-0.328517,0.515304,9.780520
203.710000,-0.328509,0.515298,9.780548
203.740000,-0.328503,0.515293,9.780571
203.775000,-0.328496,0.515288,9.780596
203.810000,-0.328489,0.515283,9.780619
203.840000,-0.328484,0.515279,9.780637
203.875000,-0.328479,0.515275,9.780658
203.905000,-0.328474,0.515271,9.780674
203.940000,-0.328469,0.515267,9.780692
203.975000,-0.328464,0.515263,9.780708
204.005000,-0.328461,0.515260,9.780722
204.040000,-0.328456,0.515257,9.780736
204.070000,-0.328461,0.515243,9.780748
204.105000,-0.328450,0.515251,9.780761
204.140000,-0.328446,0.515248,9.780773
204.170000,-0.328450,0.515237,9.780782
204.205000,-0.328441,0.515243,9.780793
204.235000,-0.328438,0.515241,9.780801
204.270000,-0.328441,0.515231,9.780811
204.305000,-0.328433,0.515236,9.780819
204.335000,-0.328431,0.515234,9.780826
204.370000,-0.328434,0.515226,9.780833
204.400000,-0.328428,0.515230,9.780839
204.435000,-0.328426,0.515228,9.780846
204.470000,-0.328428,0.515221,9.780852
204.500000,-0.328423,0.515224,9.780857
204.535000,-0.328421,0.515223,9.780862
204.565000,-0.328417,0.515225,9.780867
204.600000,-0.328419,0.515219,9.780872
204.635000,-0.328417,0.515218,9.780876
204.665000,-0.328414,0.515220,9.780879
204.700000,-0.328415,0.515215,9.780883
204.730000,-0.328414,0.515214,9.780887
204.765000,-0.328412,0.515215,9.780890
204.800000,-0.328413,0.515211,9.780893
204.830000,-0.328412,0.515210,9.780896
204.865000,-0.328410,0.515210,9.780899
204.895000,-0.328410,0.515207,9.780901
204.930000,-0.328410,0.515206,9.780903
204.965000,-0.328408,0.515206,9.780906
204.995000,-0.328409,0.515204,9.780908
205.030000,-0.328408,0.515203,9.780910
205.060000,-0.328408,0.515202,9.780911
205.095000,-0.328407,0.515201,9.780913
205.130000,-0.328407,0.515199,9.780915
205.160000,-0.328406,0.515198,9.780916
205.195000,-0.328406,0.515197,9.780917
205.225000,-0.328405,0.515196,9.780919
205.260000,-0.328405,0.515195,9.780920
205.295000,-0.328408,0.515201,9.780920
205.325000,-0.328405,0.515194,9.780922
205.360000,-0.328404,0.515193,9.780923
205.390000,-0.328404,0.515192,9.780924
205.425000,0.110387,1.287290,9.773137
205.460000,-0.328355,0.514969,9.780941
205.490000,-0.328356,0.514968,9.780942
205.525000,-0.328356,0.514966,9.780943
205.555000,-0.328356,0.514965,9.780943
205.590000,-0.328357,0.514964,9.780944
205.625000,-0.328357,0.514963,9.780944
205.655000,-0.328357,0.514962,9.780945
205.690000,-0.328357,0.514960,9.780945
205.720000,-0.328358,0.514959,9.780946
205.755000,1.431384,-0.536433,2.685874
205.790000,-0.328489,0.514920,9.780155
205.820000,-0.328473,0.514916,9.780202
205.855000,-0.328461,0.514901,9.780254
205.885000,-0.328450,0.514893,9.780296
205.920000,-0.328438,0.514883,9.780341
205.955000,-0.328425,0.514875,9.780384
205.985000,-0.328415,0.514869,9.780418
206.020000,-0.328405,0.514861,9.780455
206.050000,-0.328396,0.514855,9.780485
206.085000,-0.328387,0.514848,9.780517
206.120000,-0.328379,0.514842,9.780548
206.150000,-0.328372,0.514837,9.780572
206.185000,-0.328364,0.514831,9.780599
206.215000,-0.328358,0.514827,9.780620
206.250000,-0.328352,0.514822,9.780644
206.285000,-0.328345,0.514817,9.780665
206.315000,-0.328340,0.514813,9.780683
206.350000,-0.328335,0.514809,9.780702
206.380000,-0.328331,0.514806,9.780717
206.415000,-0.328326,0.514802,9.780734
206.450000,-0.328321,0.514798,9.780750
206.480000,-0.328318,0.514795,9.780763
206.515000,-0.328314,0.514792,9.780776
206.545000,-0.328311,0.514789,9.780787
206.580000,-0.328307,0.514786,9.780799
206.615000,-0.328304,0.514783,9.780811
206.645000,-0.328302,0.514781,9.780820
206.680000,-0.328299,0.514778,9.780830
206.710000,-0.328297,0.514776,9.780838
206.745000,-0.328294,0.514774,9.780846
206.780000,-0.328292,0.514772,9.780854
206.810000,-0.328290,0.514770,9.780861
206.845000,-0.328288,0.514768,9.780868
206.875000,-0.328287,0.514766,9.780874
206.910000,-0.328285,0.514764,9.780880
206.945000,-0.328283,0.514762,9.780886
206.975000,-0.328282,0.514761,9.780891
207.010000,-0.328280,0.514759,9.780896
207.040000,-0.328279,0.514757,9.780900
207.075000,-0.328278,0.514756,9.780904
207.110000,-0.328277,0.514754,9.780908
207.140000,-0.328276,0.514753,9.780912
207.175000,-0.328275,0.514751,9.780915
207.205000,-0.328274,0.514750,9.780918
207.240000,-0.328273,0.514749,9.780922
207.275000,-0.328272,0.514747,9.780925
207.305000,-0.328271,0.514746,9.780927
207.340000,-0.328271,0.514745,9.780930
207.370000,-0.328270,0.514744,9.780932
207.405000,-0.328269,0.514743,9.780934
207.440000,-0.328269,0.514742,9.780936
207.470000,-0.328268,0.514741,9.780938
207.505000,-0.328268,0.514739,9.780940
207.535000,-0.328267,0.514738,9.780942
207.570000,-0.328267,0.514737,9.780943
207.605000,-0.328266,0.514736,9.780945
207.635000,-0.328266,0.514735,9.780946
207.670000,-0.328266,0.514734,9.780948
207.700000,-0.328265,0.514733,9.780949
207.735000,-0.328265,0.514732,9.780950
207.770000,-0.328265,0.514731,9.780951
207.800000,-0.328264,0.514730,9.780952
207.835000,-0.328264,0.514729,9.780953
207.865000,-0.328264,0.514729,9.780954
207.900000,-0.328264,0.514728,9.780955
207.935000,-0.328263,0.514727,9.780956
207.965000,-0.328263,0.514726,9.780956
208.000000,-0.328263,0.514725,9.780957
208.030000,-0.328263,0.514724,9.780958
208.065000,-0.328263,0.514723,9.780958
208.100000,-0.328262,0.514722,9.780959
208.130000,-0.328262,0.514721,9.780959
208.165000,-0.328262,0.514721,9.780960
208.195000,-0.328262,0.514720,9.780960
208.230000,-0.328262,0.514719,9.780961
208.265000,-0.328262,0.514718,9.780961
208.295000,-0.328262,0.514717,9.780962
208.330000,-0.328262,0.514716,9.780962
208.360000,-0.328262,0.514716,9.780962
208.395000,-0.328261,0.514715,9.780963
208.430000,-0.328261,0.514714,9.780963
208.460000,-0.328261,0.514713,9.780963
208.495000,-0.328261,0.514712,9.780964
208.525000,-0.328261,0.514711,9.780964
208.560000,-0.328261,0.514711,9.780964
208.595000,-0.328261,0.514710,9.780964
208.625000,-0.328261,0.514709,9.780965
208.660000,-0.328261,0.514708,9.780965
208.690000,-0.328261,0.514707,9.780965
208.725000,-0.328261,0.514707,9.780965
208.760000,-0.328261,0.514706,9.780965
208.790000,-0.328261,0.514705,9.780966
208.825000,-0.328261,0.514704,9.780966
208.855000,-0.328261,0.514703,9.780966
208.890000,-0.328260,0.514703,9.780966
208.925000,-0.328260,0.514702,9.780966
208.955000,-0.328260,0.514701,9.780966
208.990000,-0.328260,0.514700,9.780966
209.020000,-0.328260,0.514699,9.780967
209.055000,-0.328260,0.514699,9.780967
209.090000,-0.328260,0.514698,9.780967
209.120000,-0.328260,0.514697,9.780967
209.155000,-0.328260,0.514696,9.780967
209.185000,-0.328260,0.514696,9.780967
209.220000,-0.328260,0.514695,9.780967
209.255000,-0.328260,0.514694,9.780967
209.285000,-0.328260,0.514693,9.780967
209.320000,-0.328260,0.514692,9.780967
209.350000,-0.328260,0.514692,9.780968
209.385000,-0.328260,0.514691,9.780968
209.420000,-0.328260,0.514690,9.780968
209.450000,-0.328260,0.514689,9.780968
209.485000,-0.328260,0.514688,9.780968
209.515000,-0.328260,0.514688,9.780968
209.550000,-0.328260,0.514687,9.780968
209.585000,-0.328260,0.514686,9.780968
209.615000,-0.328260,0.514685,9.780968
209.650000,-0.328260,0.514685,9.780968
209.680000,-0.328260,0.514684,9.780968
209.715000,-0.328260,0.514683,9.780968
209.750000,-0.328260,0.514682,9.780968
209.780000,-0.328260,0.514681,9.780968
209.815000,-0.328260,0.514681,9.780968
209.845000,-0.328260,0.514680,9.780969
209.880000,-0.328260,0.514679,9.780969
209.915000,-0.328260,0.514678,9.780969
209.945000,-0.328260,0.514678,9.780969
209.980000,-0.328260,0.514677,9.780969
210.010000,-0.328260,0.514676,9.780969
210.045000,-0.328260,0.514675,9.780969
210.080000,-0.328260,0.514674,9.780969
210.110000,-0.328260,0.514674,9.780969
210.145000,-0.328260,0.514673,9.780969
210.175000,-0.328260,0.514672,9.780969
210.210000,-0.328260,0.514671,9.780969
210.245000,-0.328260,0.514671,9.780969
210.275000,-0.328260,0.514670,9.780969
210.310000,-0.328260,0.514669,9.780969
210.340000,-0.328260,0.514668,9.780969
210.375000,-0.328260,0.514668,9.780969
210.410000,-0.328260,0.514667,9.780969
210.440000,-0.328260,0.514666,9.780969
210.475000,-0.328260,0.514665,9.780969
210.505000,-0.328260,0.514664,9.780970
210.540000,-0.328259,0.514664,9.780970
210.575000,-0.328259,0.514663,9.780970
210.605000,-0.328259,0.514662,9.780970
210.640000,-0.328259,0.514661,9.780970
210.670000,-0.328259,0.514661,9.780970
210.705000,-0.328259,0.514660,9.780970
210.740000,-0.328259,0.514659,9.780970
210.770000,-0.328259,0.514658,9.780970
210.805000,-0.328259,0.514657,9.780970
210.835000,-0.328259,0.514657,9.780970
210.870000,-0.328259,0.514656,9.780970
210.905000,-0.328259,0.514655,9.780970
210.935000,-0.328259,0.514654,9.780970
210.970000,-0.328259,0.514654,9.780970
211.000000,-0.328259,0.514653,9.780970
211.035000,-0.328259,0.514652,9.780970
211.070000,-0.328259,0.514651,9.780970
211.100000,-0.328259,0.514651,9.780970
211.135000,-0.328259,0.514650,9.780970
211.165000,-0.328259,0.514649,9.780970
211.200000,-0.328259,0.514648,9.780970
211.235000,-0.328259,0.514647,9.780970
211.265000,-0.328259,0.514647,9.780971
211.300000,-0.328259,0.514646,9.780971
211.330000,-0.328259,0.514645,9.780971
211.365000,-0.328259,0.514644,9.780971
211.400000,-0.328259,0.514643,9.780971
211.430000,-0.328259,0.514643,9.780971
211.465000,-0.328259,0.514642,9.780971
211.495000,-0.328259,0.514641,9.780971
211.530000,-0.328259,0.514640,9.780971
211.565000,-0.328259,0.514640,9.780971
211.595000,-0.328259,0.514639,9.780971
211.630000,-0.328259,0.514638,9.780971
211.660000,-0.328259,0.514637,9.780971
211.695000,-0.328259,0.514637,9.780971
211.730000,-0.328259,0.514636,9.780971
211.760000,-0.328259,0.514635,9.780971
211.795000,-0.328259,0.514634,9.780971
211.825000,-0.328269,0.514630,9.780972
211.860000,-0.328259,0.514633,9.780971
211.895000,-0.328259,0.514632,9.780971
211.925000,-0.328299,0.514619,9.780973
211.960000,-0.328259,0.514630,9.780971
211.990000,-0.328259,0.514630,9.780971
212.025000,-0.328322,0.514610,9.780974
212.060000,-0.328259,0.514628,9.780972
212.090000,-0.328259,0.514627,9.780972
212.125000,-0.328329,0.514605,9.780974
212.155000,-0.328259,0.514626,9.780972
212.190000,-0.328259,0.514625,9.780972
212.225000,-0.328296,0.514613,9.780973
212.255000,-0.328259,0.514623,9.780972
212.290000,-0.328259,0.514623,9.780972
212.320000,-0.328340,0.514599,9.780975
212.355000,-0.328259,0.514621,9.780972
212.390000,-0.328259,0.514620,9.780972
212.420000,-0.328340,0.514597,9.780975
212.455000,-0.328259,0.514619,9.780972
212.485000,-0.328259,0.514618,9.780972
212.520000,-0.328324,0.514600,9.780974
212.555000,-0.328259,0.514616,9.780972
212.585000,-0.328259,0.514616,9.780972
212.620000,-0.328311,0.514601,9.780974
212.650000,-0.328259,0.514614,9.780972
212.685000,-0.328259,0.514613,9.780972
212.720000,-0.328300,0.514602,9.780974
212.750000,-0.328259,0.514612,9.780972
212.785000,-0.328259,0.514611,9.780972
212.815000,-0.328226,0.514619,9.780971
212.850000,-0.328259,0.514609,9.780973
212.885000,-0.328259,0.514609,9.780973
212.915000,-0.328232,0.514614,9.780972
212.950000,-0.328259,0.514607,9.780973
212.980000,-0.328259,0.514606,9.780973
213.015000,-0.328238,0.514610,9.780972
213.050000,-0.328259,0.514605,9.780973
213.080000,-0.328259,0.514604,9.780973
213.115000,-0.328242,0.514607,9.780972
213.145000,-0.328259,0.514602,9.780973
213.180000,-0.328259,0.514602,9.780973
213.215000,-0.328245,0.514604,9.780973
213.245000,-0.328259,0.514600,9.780973
213.280000,-0.328259,0.514599,9.780973
213.310000,-0.328259,0.514599,9.780973
213.345000,-0.328259,0.514598,9.780973
213.380000,-0.328259,0.514597,9.780973
213.410000,-0.328259,0.514596,9.780973
213.445000,-0.328259,0.514595,9.780973
213.475000,-0.328259,0.514595,9.780973
213.510000,-0.328258,0.514594,9.780973
213.545000,-0.328258,0.514593,9.780973
213.575000,-0.328259,0.514592,9.780973
213.610000,-0.328258,0.514592,9.780973
213.640000,-0.328258,0.514591,9.780974
213.675000,-0.328258,0.514590,9.780974
213.710000,-0.328258,0.514589,9.780974
213.740000,-0.328258,0.514588,9.780974
213.775000,-0.328258,0.514588,9.780974
213.805000,-0.328258,0.514587,9.780974
213.840000,-0.328258,0.514586,9.780974
213.875000,-0.328258,0.514585,9.780974
213.905000,-0.328258,0.514585,9.780974
213.940000,-0.328258,0.514584,9.780974
213.970000,-0.328260,0.514583,9.780974
214.005000,-0.328258,0.514582,9.780974
214.040000,-0.328258,0.514581,9.780974
214.070000,-0.328260,0.514581,9.780974
214.105000,-0.328258,0.514580,9.780974
214.135000,-0.328258,0.514579,9.780974
214.170000,-0.328260,0.514578,9.780974
214.205000,-0.328258,0.514578,9.780974
214.235000,-0.328258,0.514577,9.780974
214.270000,-0.328259,0.514576,9.780974
214.300000,-0.328258,0.514575,9.780974
214.335000,-0.328258,0.514574,9.780974
214.370000,-0.328259,0.514574,9.780974
214.400000,-0.328258,0.514573,9.780974
214.435000,-0.328258,0.514572,9.780974
214.465000,-0.328257,0.514571,9.780975
214.500000,-0.328258,0.514571,9.780975
214.535000,-0.328258,0.514570,9.780975
214.565000,-0.328258,0.514569,9.780975
214.600000,-0.328258,0.514568,9.780975
214.630000,-0.328258,0.514567,9.780975
214.665000,-0.328258,0.514567,9.780975
214.700000,-0.328258,0.514566,9.780975
214.730000,-0.328258,0.514565,9.780975
214.765000,-0.328258,0.514564,9.780975
214.795000,-0.328258,0.514563,9.780975
214.830000,-0.328258,0.514563,9.780975
214.865000,-0.328258,0.514562,9.780975
214.895000,-0.328258,0.514561,9.780975
214.930000,-0.328258,0.514560,9.780975
214.960000,-0.328258,0.514560,9.780975
214.995000,-0.328258,0.514559,9.780975
215.030000,-0.328258,0.514558,9.780975
215.060000,-0.328258,0.514557,9.780975
215.095000,-0.328258,0.514556,9.780975
215.125000,-0.328258,0.514556,9.780975
215.160000,-0.328258,0.514555,9.780975
215.195000,-0.328258,0.514554,9.780975
215.225000,-0.328258,0.514553,9.780975
215.260000,-0.328258,0.514552,9.780975
215.290000,-0.328258,0.514552,9.780975
215.325000,-0.328258,0.514551,9.780975
215.360000,-0.328258,0.514550,9.780976
215.390000,-0.328258,0.514549,9.780976
215.425000,-0.328258,0.514548,9.780976
215.455000,-0.328258,0.514548,9.780976
215.490000,-0.328258,0.514547,9.780976
215.525000,-0.328258,0.514546,9.780976
215.555000,-0.328258,0.514545,9.780976
215.590000,-0.328258,0.514544,9.780976
215.620000,-0.328258,0.514544,9.780976
215.655000,-0.328258,0.514543,9.780976
215.690000,-0.328258,0.514542,9.780976
215.720000,-0.328258,0.514541,9.780976
215.755000,-0.328258,0.514540,9.780976
215.785000,-0.328258,0.514540,9.780976
215.820000,-0.328258,0.514539,9.780976
215.855000,-0.328258,0.514538,9.780976
215.885000,-0.328258,0.514537,9.780976
215.920000,-0.328258,0.514536,9.780976
215.950000,-0.328257,0.514535,9.780976
215.985000,-0.328257,0.514535,9.780976
216.020000,-0.328257,0.514534,9.780976
216.050000,-0.328257,0.514533,9.780976
216.085000,-0.328257,0.514532,9.780976
216.115000,-0.328257,0.514531,9.780976
216.150000,-0.326871,0.516959,9.780952
216.185000,-0.324604,0.520925,9.780912
216.215000,-0.322651,0.524343,9.780879
216.250000,-0.320361,0.528348,9.780841
216.280000,-0.318395,0.531789,9.780810
216.315000,-0.316098,0.535806,9.780775
216.350000,-0.313803,0.539822,9.780742
216.380000,-0.311841,0.543255,9.780716
216.415000,-0.309562,0.547241,9.780687
216.445000,-0.307621,0.550638,9.780664
216.480000,-0.305376,0.554566,9.780639
216.515000,-0.303157,0.558448,9.780616
216.545000,-0.301280,0.561732,9.780596
216.580000,-0.299126,0.565500,9.780572
216.610000,-0.297315,0.568669,9.780550
216.645000,-0.295250,0.572282,9.780521
216.680000,-0.293242,0.575794,9.780486
216.710000,-0.291574,0.578713,9.780449
216.745000,-0.289697,0.581997,9.780395
216.775000,-0.285696,0.589069,9.780299
216.810000,-0.286436,0.587702,9.780248
216.845000,-0.284822,0.590527,9.780132
216.875000,-0.283526,0.592794,9.780006
216.910000,-0.283832,0.592257,9.779853
216.940000,-0.284768,0.590619,9.779699
216.975000,-0.284985,0.590452,9.779448
217.010000,-3.176507,2.466278,12.685304
217.040000,-0.286405,0.587776,9.781207
217.075000,-0.285514,0.589593,9.781273
217.105000,-0.288007,0.585102,9.781374
217.140000,-0.292823,0.576321,9.781511
217.175000,-0.288613,0.584185,9.781443
217.205000,-0.291523,0.578992,9.781501
217.240000,-0.296821,0.569534,9.781592
217.270000,-0.298705,0.566244,9.781605
217.305000,-0.297817,0.567788,9.781552
217.340000,-0.300120,0.563770,9.781542
217.370000,-0.305742,0.553924,9.781585
217.405000,-0.371269,0.439238,9.783101
217.435000,-0.371267,0.439239,9.783101
217.470000,-0.371267,0.439234,9.783101
217.505000,-0.371263,0.439243,9.783102
217.535000,-0.371262,0.439245,9.783103
217.570000,-0.371264,0.439228,9.783103
217.600000,-0.371259,0.439248,9.783104
217.635000,-0.371258,0.439250,9.783104
217.670000,-0.371252,0.439263,9.783104
217.700000,-0.371255,0.439252,9.783105
217.735000,-0.371254,0.439253,9.783105
217.765000,-0.371251,0.439258,9.783106
217.800000,-0.371252,0.439255,9.783106
217.835000,-0.371251,0.439256,9.783106
217.865000,-0.371248,0.439260,9.783106
217.900000,-0.362657,0.454289,9.782284
217.930000,-0.364252,0.451496,9.782254
217.965000,-0.366142,0.448187,9.782206
218.000000,-0.367758,0.445359,9.782136
218.030000,-0.369161,0.442903,9.782061
218.065000,-0.370797,0.440039,9.781955
218.095000,-0.371966,0.437993,9.781842
218.130000,-0.373333,0.435602,9.781687
218.165000,-0.374662,0.433275,9.781502
218.195000,-0.375583,0.431664,9.781313
218.230000,-0.376632,0.429826,9.781056
218.260000,-0.377439,0.428414,9.780800
218.295000,-0.378270,0.426958,9.780452
218.330000,-0.328268,0.514070,9.780921
218.360000,-0.328304,0.514116,9.780923
218.395000,-0.328304,0.514117,9.780928
218.425000,-0.328304,0.514119,9.780932
218.460000,-0.328304,0.514120,9.780936
218.495000,-0.328304,0.514121,9.780940
218.525000,-0.328304,0.514122,9.780944
218.560000,-0.328304,0.514123,9.780947
218.590000,-0.328305,0.514124,9.780950
218.625000,-0.328305,0.514125,9.780953
218.660000,-0.328305,0.514126,9.780956
218.690000,-0.328305,0.514126,9.780958
218.725000,-0.328305,0.514127,9.780961
218.755000,-0.328305,0.514127,9.780963
218.790000,-0.328305,0.514127,9.780965
218.825000,-0.328305,0.514127,9.780967
218.855000,-0.328305,0.514128,9.780969
218.890000,-0.328305,0.514128,9.780971
218.920000,-0.328305,0.514128,9.780972
218.955000,-0.328305,0.514128,9.780974
218.990000,-0.328305,0.514128,9.780976
219.020000,-0.328305,0.514128,9.780977
219.055000,-0.328305,0.514127,9.780978
219.085000,-0.328305,0.514127,9.780979
219.120000,-0.328305,0.514127,9.780980
219.155000,-0.328305,0.514127,9.780981
219.185000,-0.328305,0.514126,9.780982
219.220000,-0.328305,0.514126,9.780983
219.250000,-0.328305,0.514126,9.780984
219.285000,-0.328305,0.514125,9.780985
219.320000,-0.328305,0.514125,9.780986
219.350000,-0.328305,0.514125,9.780986
219.385000,-0.328305,0.514124,9.780987
219.415000,-0.328305,0.514124,9.780988
219.450000,-0.328305,0.514123,9.780988
219.485000,-0.328305,0.514123,9.780989
219.515000,-0.328305,0.514122,9.780989
219.550000,-0.328305,0.514122,9.780990
219.580000,-0.328305,0.514121,9.780990
219.615000,-0.328305,0.514121,9.780991
219.650000,-0.328305,0.514120,9.780991
219.680000,-0.328305,0.514119,9.780992
219.715000,-0.328305,0.514119,9.780992
219.745000,-0.328305,0.514118,9.780992
219.780000,-0.328307,0.514117,9.780993
219.815000,-0.328227,0.514206,9.780982
219.845000,-0.328306,0.514116,9.780993
219.880000,-0.328307,0.514115,9.780993
219.910000,-0.328306,0.514115,9.780994
219.945000,-0.328306,0.514114,9.780994
219.980000,-0.328306,0.514113,9.780994
220.010000,-0.328306,0.514113,9.780994
220.045000,-0.328306,0.514112,9.780995
220.075000,-0.328310,0.514114,9.780995
220.110000,-0.328312,0.514002,9.781005
220.145000,-0.328309,0.514052,9.781000
220.175000,-0.328306,0.514109,9.780995
220.210000,-0.328306,0.514109,9.780995
220.240000,-0.328310,0.514001,9.781005
220.275000,-0.328306,0.514107,9.780996
220.310000,-0.328305,0.514106,9.780996
220.340000,-0.328306,0.514101,9.780996
220.375000,-0.328306,0.514105,9.780996
220.405000,-0.328305,0.514104,9.780996
220.440000,-0.328305,0.514103,9.780996
220.475000,-0.328306,0.514092,9.780998
220.505000,-0.328305,0.514102,9.780997
220.540000,-0.328305,0.514101,9.780997
220.570000,-0.328309,0.514118,9.780996
220.605000,-0.328305,0.514100,9.780997
220.640000,-0.328305,0.514099,9.780997
220.670000,-0.328308,0.514099,9.780998
220.705000,-0.328305,0.514098,9.780997
220.735000,-0.328305,0.514097,9.780997
220.770000,-0.328306,0.514054,9.781002
220.805000,-0.328305,0.514095,9.780997
220.835000,-0.328305,0.514095,9.780997
220.870000,-0.328306,0.514017,9.781005
220.900000,-0.328305,0.514093,9.780998
220.935000,-0.328305,0.514092,9.780998
220.970000,-0.328305,0.513989,9.781007
221.000000,-0.328305,0.514091,9.780998
221.035000,-0.328305,0.514090,9.780998
221.065000,-0.328306,0.514172,9.780990
221.100000,-0.328305,0.514088,9.780998
221.135000,-0.328305,0.514088,9.780998
221.165000,-0.328306,0.514154,9.780992
221.200000,-0.328305,0.514086,9.780998
221.230000,-0.328305,0.514085,9.780998
221.265000,-0.328306,0.514139,9.780993
221.300000,-0.328305,0.514084,9.780998
221.330000,-0.328305,0.514083,9.780998
221.365000,-0.328306,0.514126,9.780994
221.395000,-0.328305,0.514081,9.780999
221.430000,-0.328305,0.514081,9.780999
221.465000,-0.328306,0.514116,9.780995
221.495000,-0.328305,0.514079,9.780999
221.530000,-0.328305,0.514078,9.780999
221.560000,-0.328305,0.514078,9.780999
221.595000,-0.328305,0.514077,9.780999
221.630000,-0.328305,0.514076,9.780999
221.660000,-0.328305,0.514075,9.780999
221.695000,-0.328305,0.514074,9.780999
221.725000,-0.328305,0.514074,9.780999
221.760000,-0.328305,0.514073,9.780999
221.795000,-0.328305,0.514072,9.780999
221.825000,-0.328305,0.514071,9.780999
221.860000,-0.328305,0.514071,9.780999
221.890000,-0.328305,0.514070,9.780999
221.925000,-0.328305,0.514069,9.780999
221.960000,-0.328305,0.514068,9.780999
221.990000,-0.328305,0.514067,9.780999
222.025000,-0.328305,0.514067,9.780999
222.055000,-0.328305,0.514066,9.780999
222.090000,-0.328305,0.514065,9.781000
222.125000,-0.328305,0.514064,9.781000
222.155000,-0.328305,0.514064,9.781000
222.190000,-0.328305,0.514063,9.781000
222.220000,-0.328305,0.514055,9.781000
222.255000,-0.328305,0.514061,9.781000
222.290000,-0.328305,0.514060,9.781000
222.320000,-0.328305,0.514054,9.781000
222.355000,-0.328305,0.514059,9.781000
222.385000,-0.328305,0.514058,9.781000
222.420000,-0.328305,0.514053,9.781000
222.455000,-0.328305,0.514056,9.781000
222.485000,-0.328305,0.514056,9.781000
222.520000,-0.328305,0.514051,9.781000
222.550000,-0.328305,0.514054,9.781000
222.585000,-0.328305,0.514053,9.781000
222.620000,-0.328305,0.514049,9.781001
222.650000,-0.328305,0.514052,9.781000
222.685000,-0.328305,0.514051,9.781000
222.715000,-0.328305,0.514053,9.781000
222.750000,-0.328305,0.514050,9.781000
222.785000,-0.328305,0.514049,9.781000
222.815000,-0.328305,0.514050,9.781000
222.850000,-0.328305,0.514047,9.781001
222.880000,-0.328305,0.514046,9.781001
222.915000,-0.328305,0.514047,9.781000
222.950000,-0.328305,0.514045,9.781001
222.980000,-0.328305,0.514044,9.781001
223.015000,-0.328305,0.514045,9.781001
223.045000,-0.328305,0.514043,9.781001
223.080000,-0.328305,0.514042,9.781001
223.115000,-0.328305,0.514042,9.781001
223.145000,-0.328305,0.514040,9.781001
223.180000,-0.328305,0.514039,9.781001
223.210000,-0.328305,0.514039,9.781001
223.245000,-0.328305,0.514038,9.781001
223.280000,-0.328305,0.514037,9.781001
223.310000,-0.328305,0.514036,9.781001
223.345000,-0.328305,0.514035,9.781001
223.375000,-0.328305,0.514035,9.781001
223.410000,-0.328305,0.514034,9.781001
223.445000,-0.328305,0.514033,9.781001
223.475000,-0.328305,0.514032,9.781001
223.510000,-0.328305,0.514032,9.781001
223.540000,-0.328305,0.514031,9.781001
223.575000,-0.328305,0.514030,9.781001
223.610000,-0.328305,0.514029,9.781001
223.640000,-0.328305,0.514029,9.781002
223.675000,-0.328305,0.514028,9.781002
223.705000,-0.328305,0.514027,9.781002
223.740000,-0.328305,0.514026,9.781002
223.775000,-0.328305,0.514025,9.781002
223.805000,-0.328305,0.514025,9.781002
223.840000,-0.328305,0.514024,9.781002
223.870000,-0.328305,0.514023,9.781002
223.905000,-0.328305,0.514022,9.781002
223.940000,-0.328305,0.514021,9.781002
223.970000,-0.328305,0.514021,9.781002
224.005000,-0.328305,0.514020,9.781002
224.035000,-0.328305,0.514019,9.781002
224.070000,-0.328305,0.514018,9.781002
224.105000,-0.328305,0.514018,9.781002
224.135000,-0.328305,0.514017,9.781002
224.170000,-0.328305,0.514016,9.781002
224.200000,-0.328305,0.514015,9.781002
224.235000,-0.328305,0.514014,9.781002
224.270000,-0.328305,0.514014,9.781002
224.300000,-0.328305,0.514013,9.781002
224.335000,-0.328305,0.514012,9.781002
224.365000,-0.328305,0.514011,9.781002
224.400000,-0.328305,0.514011,9.781002
224.435000,-0.328305,0.514010,9.781002
224.465000,-0.328305,0.514009,9.781003
224.500000,-0.328305,0.514008,9.781003
224.530000,-0.328305,0.514008,9.781003
224.565000,-0.328305,0.514007,9.781003
224.600000,-0.328305,0.514006,9.781003
224.630000,-0.328305,0.514005,9.781003
224.665000,-0.328305,0.514004,9.781003
224.695000,-0.328305,0.514004,9.781003
224.730000,-0.328305,0.514003,9.781003
224.765000,-0.328305,0.514002,9.781003
224.795000,-0.328305,0.514001,9.781003
224.830000,-0.328305,0.514000,9.781003
224.860000,-0.328305,0.514000,9.781003
224.895000,-0.328305,0.513999,9.781003
224.930000,-0.328305,0.513998,9.781003
224.960000,-0.328305,0.513997,9.781003
224.995000,-0.328305,0.513997,9.781003
225.025000,-0.328305,0.513996,9.781003
225.060000,-0.328305,0.513995,9.781003
225.095000,-0.328305,0.513994,9.781003
225.125000,-0.328305,0.513993,9.781003
225.160000,-0.328305,0.513993,9.781003
225.190000,-0.328302,0.513986,9.781004
225.225000,-0.328305,0.513991,9.781003
225.260000,-0.328305,0.513990,9.781004
225.290000,-0.328305,0.513990,9.781004
225.325000,-0.328305,0.513989,9.781004
225.355000,-0.330373,0.515314,9.781348
225.390000,-0.328228,0.513173,9.780473
225.425000,-0.328232,0.513187,9.780512
225.455000,-0.328235,0.513198,9.780542
225.490000,-0.328239,0.513211,9.780576
225.520000,-0.328242,0.513217,9.780603
225.555000,-0.328245,0.513232,9.780632
225.590000,-0.328248,0.513242,9.780660
225.620000,-0.328250,0.513247,9.780682
225.655000,-0.328252,0.513259,9.780706
225.685000,-0.328254,0.513266,9.780725
225.720000,-0.328257,0.513271,9.780746
225.755000,-0.328259,0.513280,9.780766
225.785000,-0.328260,0.513286,9.780782
225.820000,-0.328262,0.513290,9.780799
225.850000,-0.328263,0.513297,9.780813
225.885000,-0.328265,0.513302,9.780828
225.920000,-0.328267,0.513305,9.780842
225.950000,-0.328268,0.513311,9.780854
225.985000,-0.328269,0.513315,9.780866
226.015000,-0.328270,0.513319,9.780876
226.050000,-0.328271,0.513322,9.780887
226.085000,-0.328272,0.513325,9.780897
226.115000,-0.328273,0.513328,9.780905
226.150000,-0.328274,0.513330,9.780914
226.180000,-0.328275,0.513332,9.780921
226.215000,-0.328276,0.513335,9.780929
226.250000,-0.328276,0.513337,9.780937
226.280000,-0.328277,0.513338,9.780942
226.315000,-0.328278,0.513341,9.780949
226.345000,-0.328278,0.513341,9.780954
226.380000,-0.328279,0.513343,9.780960
226.415000,-0.328279,0.513345,9.780965
226.445000,-0.328280,0.513345,9.780969
226.480000,-0.328280,0.513346,9.780974
226.510000,-0.328281,0.513347,9.780978
226.545000,-0.328281,0.513347,9.780982
226.580000,-0.328281,0.513348,9.780985
226.610000,-0.328282,0.513349,9.780988
226.645000,-0.328282,0.513349,9.780992
226.675000,-0.328282,0.513349,9.780994
226.710000,-0.328283,0.513350,9.780997
226.745000,-0.328283,0.513350,9.781000
226.775000,-0.328283,0.513350,9.781002
226.810000,-0.328283,0.513350,9.781005
226.840000,-0.328284,0.513350,9.781007
226.875000,-0.328284,0.513350,9.781009
226.910000,-0.353749,0.468617,9.781463
226.940000,-0.328272,0.513200,9.781016
226.975000,-0.328271,0.513204,9.781017
227.005000,-0.328271,0.513200,9.781019
227.040000,-0.328271,0.513200,9.781021
227.075000,-0.328270,0.513200,9.781023
227.105000,-0.328270,0.513200,9.781024
227.140000,-0.328270,0.513200,9.781026
227.170000,-0.328270,0.513198,9.781027
227.205000,-0.328270,0.513200,9.781028
227.240000,-0.328269,0.513199,9.781030
227.270000,-0.328269,0.513198,9.781031
227.305000,-0.328269,0.513199,9.781032
227.335000,-0.328269,0.513199,9.781033
227.370000,-0.328269,0.513197,9.781034
227.405000,-0.328269,0.513198,9.781034
227.435000,-0.328269,0.513197,9.781035
227.470000,-0.328268,0.513196,9.781036
227.500000,-0.328268,0.513197,9.781037
227.535000,-0.328268,0.513196,9.781037
227.570000,-0.328268,0.513195,9.781038
227.600000,-0.328268,0.513195,9.781038
227.635000,-0.328268,0.513195,9.781039
227.665000,-0.328268,0.513195,9.781039
227.700000,-0.328268,0.513193,9.781040
227.735000,-0.328268,0.513193,9.781040
227.765000,-0.328268,0.513193,9.781041
227.800000,-0.328268,0.513192,9.781041
227.830000,-0.328268,0.513191,9.781042
227.865000,-0.328267,0.513195,9.781042
227.900000,-0.328267,0.513190,9.781042
227.930000,-0.328267,0.513189,9.781043
227.965000,-0.328265,0.513190,9.781046
227.995000,-0.328267,0.513188,9.781043
228.030000,-0.328267,0.513187,9.781044
228.065000,-0.328264,0.513189,9.781049
228.095000,-0.328267,0.513186,9.781044
228.130000,-0.328267,0.513185,9.781044
228.160000,-0.328267,0.513185,9.781044
228.195000,-0.328267,0.513184,9.781045
228.230000,-0.328267,0.513183,9.781045
228.260000,-0.328267,0.513182,9.781045
228.295000,-0.328267,0.513182,9.781045
228.325000,-0.328267,0.513181,9.781045
228.360000,-0.328267,0.513180,9.781046
228.395000,-0.328267,0.513179,9.781046
228.425000,-0.328267,0.513179,9.781046
228.460000,-0.328267,0.513178,9.781046
228.490000,-0.328267,0.513177,9.781046
228.525000,-0.328267,0.513177,9.781046
228.560000,-0.328267,0.513176,9.781046
228.590000,-0.328267,0.513175,9.781046
228.625000,-0.328267,0.513174,9.781047
228.655000,-0.328267,0.513174,9.781047
228.690000,-0.328267,0.513173,9.781047
228.725000,-0.328267,0.513172,9.781047
228.755000,-0.328267,0.513171,9.781047
228.790000,-0.328267,0.513171,9.781047
228.820000,-0.328269,0.513168,9.781044
228.855000,-0.328267,0.513169,9.781047
228.890000,-0.328267,0.513168,9.781047
228.920000,-0.328268,0.513166,9.781045
228.955000,-0.328267,0.513167,9.781047
228.985000,-0.328267,0.513166,9.781048
229.020000,-0.328268,0.513164,9.781045
229.055000,-0.328267,0.513164,9.781048
229.085000,-0.328267,0.513164,9.781048
229.120000,-0.328268,0.513162,9.781046
229.150000,-0.328267,0.513162,9.781048
229.185000,-0.328267,0.513161,9.781048
229.220000,-0.328268,0.513160,9.781047
229.250000,-0.328267,0.513160,9.781048
229.285000,-0.328267,0.513159,9.781048
229.315000,-0.328266,0.513159,9.781049
229.350000,-0.328267,0.513158,9.781048
229.385000,-0.328267,0.513157,9.781048
229.415000,-0.328266,0.513156,9.781049
229.450000,-0.328267,0.513155,9.781048
229.480000,-0.328267,0.513154,9.781048
229.515000,-0.328266,0.513154,9.781049
229.550000,-0.328267,0.513153,9.781049
229.580000,-0.328267,0.513152,9.781049
229.615000,-0.328266,0.513152,9.781049
229.645000,-0.328267,0.513151,9.781049
229.680000,-0.328267,0.513150,9.781049
229.715000,-0.328267,0.513149,9.781049
229.745000,-0.328267,0.513148,9.781049
229.780000,-0.328267,0.513147,9.781049
229.810000,-0.328267,0.513147,9.781049
229.845000,-0.328267,0.513146,9.781049
229.880000,-0.328267,0.513145,9.781049
229.910000,-0.328267,0.513144,9.781049
229.945000,-0.328267,0.513143,9.781049
229.975000,-0.328267,0.513143,9.781049
230.010000,-0.328267,0.513142,9.781049
230.045000,-0.328267,0.513141,9.781049
230.075000,-0.328267,0.513140,9.781049
230.110000,-0.328267,0.513140,9.781049
230.140000,-0.328267,0.513139,9.781049
230.175000,-0.328267,0.513138,9.781050
230.210000,-0.328267,0.513137,9.781050
230.240000,-0.328267,0.513136,9.781050
230.275000,-0.328267,0.513136,9.781050
230.305000,-0.328267,0.513135,9.781050
230.340000,-0.328267,0.513134,9.781050
230.375000,-0.328267,0.513133,9.781050
230.405000,-0.328267,0.513132,9.781050
230.440000,-0.328267,0.513132,9.781050
230.470000,-0.328267,0.513131,9.781050
230.505000,-0.328267,0.513130,9.781050
230.540000,-0.328267,0.513129,9.781050
230.570000,-0.328267,0.513129,9.781050
230.605000,-0.328267,0.513128,9.781050
230.635000,-0.328267,0.513127,9.781050
230.670000,-0.328267,0.513126,9.781050
230.705000,-0.328267,0.513125,9.781050
230.735000,-0.328267,0.513125,9.781050
230.770000,-0.328267,0.513124,9.781050
230.800000,-0.328267,0.513123,9.781050
230.835000,-0.328267,0.513122,9.781050
230.870000,-0.328267,0.513121,9.781050
230.900000,-0.328267,0.513121,9.781050
230.935000,-0.328267,0.513120,9.781050
230.965000,-0.328267,0.513119,9.781051
231.000000,-0.328267,0.513118,9.781051
231.035000,-0.328267,0.513118,9.781051
231.065000,-0.328267,0.513117,9.781051
231.100000,-0.328267,0.513116,9.781051
231.130000,-0.328267,0.513115,9.781051
231.165000,-0.328267,0.513114,9.781051
231.200000,-0.328267,0.513114,9.781051
231.230000,-0.328267,0.513113,9.781051
231.265000,-0.328267,0.513112,9.781051
231.295000,-0.328267,0.513111,9.781051
231.330000,-0.328267,0.513110,9.781051
231.365000,-0.328267,0.513110,9.781051
231.395000,-0.328267,0.513109,9.781051
231.430000,-0.328267,0.513108,9.781051
231.460000,-0.328267,0.513107,9.781051
231.495000,-0.328267,0.513107,9.781051
231.530000,-0.328267,0.513106,9.781051
231.560000,-0.328267,0.513105,9.781051
231.595000,-0.328267,0.513104,9.781051
231.625000,-0.328267,0.513103,9.781051
231.660000,-0.328267,0.513103,9.781051
231.695000,-0.328267,0.513102,9.781051
231.725000,-0.328267,0.513101,9.781051
231.760000,-0.328267,0.513100,9.781052
231.790000,-0.328267,0.513100,9.781052
231.825000,-0.328267,0.513099,9.781052
231.860000,-0.328267,0.513098,9.781052
231.890000,-0.328267,0.513097,9.781052
231.925000,-0.328267,0.513096,9.781052
231.955000,-0.328267,0.513096,9.781052
231.990000,-0.328267,0.513095,9.781052
232.025000,-0.328267,0.513094,9.781052
232.055000,-0.328267,0.513093,9.781052
232.090000,-0.328267,0.513092,9.781052
232.120000,-0.328267,0.513092,9.781052
232.155000,-0.328267,0.513091,9.781052
232.190000,-0.328267,0.513090,9.781052
232.220000,-0.328267,0.513089,9.781052
232.255000,-0.328267,0.513089,9.781052
232.285000,-0.328267,0.513088,9.781052
232.320000,-0.328267,0.513087,9.781052
232.355000,-0.328267,0.513086,9.781052
232.385000,-0.328267,0.513085,9.781052
232.420000,-0.328267,0.513085,9.781052
232.450000,-0.328267,0.513084,9.781052
232.485000,-0.328267,0.513083,9.781052
232.520000,-0.328267,0.513082,9.781052
232.550000,-0.328267,0.513082,9.781053
232.585000,-0.328267,0.513081,9.781053
232.615000,-0.328267,0.513080,9.781053
232.650000,-0.328267,0.513079,9.781053
232.685000,-0.328267,0.513078,9.781053
232.715000,-0.328267,0.513078,9.781053
232.750000,-0.328267,0.513077,9.781053
232.780000,-0.328267,0.513076,9.781053
232.815000,-0.328267,0.513075,9.781053
232.850000,-0.328267,0.513074,9.781053
232.880000,-0.328267,0.513074,9.781053
232.915000,-0.328267,0.513073,9.781053
232.945000,-0.328267,0.513072,9.781053
232.980000,-0.328267,0.513071,9.781053
233.015000,-0.328267,0.513071,9.781053
233.045000,-0.328267,0.513070,9.781053
233.080000,-0.328267,0.513069,9.781053
233.110000,-0.328267,0.513068,9.781053
233.145000,-0.328267,0.513067,9.781053
233.180000,-0.328267,0.513067,9.781053
233.210000,-0.328267,0.513066,9.781053
233.245000,-0.328267,0.513065,9.781053
233.275000,-0.328267,0.513064,9.781053
233.310000,-0.328267,0.513064,9.781053
233.345000,-0.328267,0.513063,9.781054
233.375000,-0.328267,0.513062,9.781054
233.410000,-0.328267,0.513061,9.781054
233.440000,-0.328267,0.513060,9.781054
233.475000,-0.328267,0.513060,9.781054
233.510000,-0.328267,0.513059,9.781054
233.540000,-0.328267,0.513058,9.781054
233.575000,-0.328267,0.513057,9.781054
233.605000,-0.328267,0.513057,9.781054
233.640000,-0.328267,0.513056,9.781054
233.675000,-0.328267,0.513055,9.781054
233.705000,-0.328267,0.513054,9.781054
233.740000,-0.328267,0.513053,9.781054
233.770000,-0.328264,0.513055,9.781060
233.805000,-0.328267,0.513052,9.781054
233.840000,-0.328267,0.513051,9.781054
233.870000,-0.328264,0.513052,9.781059
233.905000,-0.328267,0.513049,9.781054
233.935000,-0.328267,0.513049,9.781054
233.970000,-0.328265,0.513050,9.781058
234.005000,-0.328267,0.513047,9.781054
234.035000,-0.328267,0.513046,9.781054
234.070000,-0.328490,0.512984,9.781022
234.100000,-0.328266,0.513045,9.781054
234.135000,-0.328266,0.513045,9.781054
234.170000,-0.328160,0.513073,9.781069
234.200000,-0.328268,0.513041,9.781054
234.235000,-0.328264,0.513044,9.781055
234.265000,-0.328366,0.512934,9.781048
234.300000,-0.328263,0.513043,9.781055
234.335000,-0.328266,0.513040,9.781055
234.365000,-0.328343,0.512955,9.781050
234.400000,-0.328265,0.513040,9.781055
234.430000,-0.328268,0.513036,9.781055
234.465000,-0.328539,0.512884,9.781041
234.500000,-0.328267,0.513035,9.781055
234.530000,-0.328266,0.513036,9.781055
234.565000,-0.328317,0.512981,9.781052
234.595000,-0.328266,0.513034,9.781055
234.630000,-0.328263,0.513036,9.781055
234.665000,-0.328309,0.512987,9.781053
234.695000,-0.328264,0.513034,9.781055
234.730000,-0.328265,0.513032,9.781055
234.760000,-0.328264,0.513032,9.781055
234.795000,-0.327912,0.513209,9.781067
234.830000,-0.328265,0.513030,9.781055
234.860000,-0.328267,0.513027,9.781055
234.895000,-0.328266,0.513027,9.781055
234.925000,-0.328266,0.513026,9.781055
234.960000,-0.328266,0.513026,9.781055
234.995000,-0.328266,0.513024,9.781055
235.025000,-0.328266,0.513024,9.781055
235.060000,-0.328266,0.513023,9.781056
235.090000,-0.328266,0.513022,9.781056
235.125000,-0.328265,0.513023,9.781056
235.160000,-0.328345,0.512968,9.781054
235.190000,-0.328263,0.513023,9.781056
235.225000,-0.328267,0.513018,9.781056
235.255000,-0.328267,0.513018,9.781056
235.290000,-0.328267,0.513017,9.781056
235.325000,-0.328489,0.512903,9.781049
235.355000,-0.328266,0.513016,9.781056
235.390000,-0.328266,0.513015,9.781056
235.420000,-0.328258,0.513023,9.781056
235.455000,-0.328267,0.513013,9.781056
235.490000,-0.328265,0.513014,9.781056
235.520000,-0.328258,0.513021,9.781057
235.555000,-0.328264,0.513013,9.781056
235.585000,-0.328266,0.513011,9.781056
235.620000,-0.328259,0.513017,9.781057
235.655000,-0.328266,0.513010,9.781056
235.685000,-0.328266,0.513009,9.781056
235.720000,-0.328260,0.513013,9.781057
235.750000,-0.328265,0.513008,9.781056
235.785000,-0.328266,0.513007,9.781057
235.820000,-0.328261,0.513010,9.781057
235.850000,-0.328266,0.513005,9.781057
235.885000,-0.328489,0.512892,9.781050
235.915000,-0.328269,0.513000,9.781056
235.950000,-0.328265,0.513004,9.781057
235.985000,-0.328264,0.513003,9.781057
236.015000,-0.328267,0.513000,9.781057
236.050000,-0.328338,0.512953,9.781055
236.080000,-0.328265,0.513001,9.781057
236.115000,-0.328267,0.512998,9.781057
236.150000,-0.328265,0.512999,9.781057
236.180000,-0.328266,0.512997,9.781057
236.215000,-0.328266,0.512996,9.781057
236.245000,-0.328487,0.512884,9.781050
236.280000,-0.328265,0.512996,9.781057
236.315000,-0.328266,0.512994,9.781057
236.345000,-0.328265,0.512995,9.781057
236.380000,-0.328265,0.512994,9.781057
236.410000,-0.328276,0.512985,9.781057
236.445000,-0.328264,0.512993,9.781057
236.480000,-0.328264,0.512992,9.781057
236.510000,-0.328264,0.512991,9.781057
236.545000,-0.328243,0.513005,9.781058
236.575000,-0.328489,0.512877,9.781051
236.610000,-0.328264,0.512989,9.781058
236.645000,-0.328265,0.512987,9.781057
236.675000,-0.328264,0.512987,9.781058
236.710000,-0.328264,0.512986,9.781058
236.740000,-0.328264,0.512986,9.781058
236.775000,-0.328264,0.512985,9.781058
236.810000,-0.328264,0.512984,9.781058
236.840000,-0.328264,0.512984,9.781058
236.875000,-0.328264,0.512983,9.781058
236.905000,-0.328264,0.512982,9.781058
236.940000,-0.328264,0.512981,9.781058
236.975000,-0.328264,0.512980,9.781058
237.005000,-0.328344,0.512962,9.781054
237.040000,-0.328264,0.512979,9.781058
237.070000,-0.328264,0.512978,9.781058
237.105000,-0.328265,0.512977,9.781058
237.140000,-0.328264,0.512977,9.781058
237.170000,0.607308,-0.175258,9.471540
237.205000,-0.328299,0.513329,9.780331
237.235000,-0.328292,0.513312,9.780373
237.270000,-0.328284,0.513293,9.780420
237.305000,-0.328277,0.513278,9.780463
237.335000,-0.328271,0.513264,9.780498
237.370000,-0.328266,0.513248,9.780536
237.400000,-0.328260,0.513238,9.780566
237.435000,-0.328255,0.513224,9.780600
237.470000,-0.328249,0.513211,9.780631
237.500000,-0.328245,0.513203,9.780656
237.535000,-0.328240,0.513191,9.780683
237.565000,-0.328236,0.513184,9.780705
237.600000,-0.328232,0.513174,9.780729
237.635000,-0.328228,0.513164,9.780751
237.665000,-0.328225,0.513158,9.780769
237.700000,-0.328222,0.513149,9.780789
237.730000,-0.328219,0.513143,9.780805
237.765000,-0.328217,0.513136,9.780822
237.800000,-0.328214,0.513129,9.780838
237.830000,-0.328212,0.513123,9.780851
237.865000,-0.328209,0.513118,9.780865
237.895000,-0.328207,0.513113,9.780876
237.930000,-0.328205,0.513107,9.780888
237.965000,-0.328203,0.513103,9.780900
237.995000,-0.328202,0.513098,9.780909
238.030000,-0.328200,0.513094,9.780919
238.060000,-0.328199,0.513090,9.780927
238.095000,-0.328197,0.513086,9.780936
238.130000,-0.328196,0.513082,9.780945
238.160000,-0.328195,0.513079,9.780951
238.195000,-0.328193,0.513076,9.780959
238.225000,-0.328192,0.513073,9.780964
238.260000,-0.328191,0.513070,9.780971
238.295000,-0.328190,0.513067,9.780977
238.325000,-0.328189,0.513064,9.780982
238.360000,-0.328189,0.513062,9.780987
238.390000,-0.327808,0.513240,9.781003
238.425000,-0.328187,0.513057,9.780996
238.460000,-0.328186,0.513055,9.781000
238.490000,-0.328186,0.513053,9.781003
238.525000,-0.328185,0.513050,9.781007
238.555000,-0.328185,0.513049,9.781010
238.590000,-0.328184,0.513047,9.781013
238.625000,-0.328183,0.513045,9.781016
238.655000,-0.328183,0.513043,9.781019
238.690000,-0.328183,0.513041,9.781022
238.720000,-0.328182,0.513040,9.781024
238.755000,-0.328182,0.513038,9.781026
238.790000,-0.328181,0.513037,9.781028
238.820000,-0.328181,0.513035,9.781030
238.855000,-0.328181,0.513034,9.781032
238.885000,-0.328180,0.513033,9.781034
238.920000,-0.328180,0.513031,9.781036
238.955000,-0.328180,0.513030,9.781037
238.985000,-0.328180,0.513029,9.781038
239.020000,-0.328261,0.513009,9.781036
239.050000,-0.328179,0.513026,9.781041
239.085000,-0.328179,0.513025,9.781042
239.120000,-0.328179,0.513024,9.781043
239.150000,-0.328178,0.513023,9.781044
239.185000,-0.328178,0.513022,9.781045
239.215000,-0.328178,0.513021,9.781046
239.250000,-0.328178,0.513020,9.781047
239.285000,-0.328178,0.513019,9.781048
239.315000,-0.328178,0.513018,9.781049
239.350000,-0.328178,0.513017,9.781049
239.380000,-0.328177,0.513016,9.781050
239.415000,-0.328178,0.513014,9.781051
239.450000,-0.328177,0.513014,9.781051
239.480000,-0.328177,0.513013,9.781052
239.515000,-0.328177,0.513012,9.781052
239.545000,-0.328177,0.513011,9.781053
239.580000,-0.328177,0.513010,9.781053
239.615000,-0.328177,0.513009,9.781054
239.645000,-0.328177,0.513008,9.781054
239.680000,-0.328177,0.513007,9.781055
239.710000,-0.328176,0.513007,9.781055
239.745000,-0.328176,0.513006,9.781055
239.780000,-0.328176,0.513005,9.781056
239.810000,-0.328176,0.513004,9.781056
239.845000,-0.328176,0.513003,9.781056
239.875000,-0.328176,0.513002,9.781056
239.910000,-0.328176,0.513001,9.781057
239.945000,-0.328176,0.513001,9.781057
239.975000,-0.328176,0.513000,9.781057
240.010000,-0.328176,0.512999,9.781057
240.040000,-0.328176,0.512998,9.781058
240.075000,-0.328176,0.512997,9.781058
240.110000,-0.328176,0.512997,9.781058
240.140000,-0.328176,0.512996,9.781058
240.175000,-0.328176,0.512995,9.781058
240.205000,-0.328176,0.512994,9.781058
240.240000,-0.328176,0.512993,9.781059
240.275000,-0.328175,0.512993,9.781059
240.305000,-0.328175,0.512992,9.781059
240.340000,-0.328175,0.512991,9.781059
240.370000,-0.328175,0.512990,9.781059
240.405000,-0.328175,0.512990,9.781059
240.440000,-0.328175,0.512989,9.781059
240.470000,-0.328175,0.512988,9.781059
240.505000,-0.328175,0.512987,9.781060
240.535000,-0.328175,0.512986,9.781060
240.570000,-0.328175,0.512986,9.781060
240.605000,-0.328175,0.512985,9.781060
240.635000,-0.328175,0.512984,9.781060
240.670000,-0.328175,0.512983,9.781060
240.700000,-0.328175,0.512983,9.781060
240.735000,-0.328175,0.512982,9.781060
240.770000,-0.328175,0.512981,9.781060
240.800000,-0.328149,0.513001,9.781061
240.835000,-0.328175,0.512980,9.781060
240.865000,-0.328175,0.512979,9.781061
240.900000,-0.328175,0.512978,9.781061
240.935000,-0.328175,0.512977,9.781061
240.965000,-0.328175,0.512977,9.781061
241.000000,-0.328175,0.512976,9.781061
241.030000,-0.328175,0.512975,9.781061
241.065000,-0.328175,0.512974,9.781061
241.100000,-0.328175,0.512973,9.781061
241.130000,-0.328175,0.512973,9.781061
241.165000,-0.328175,0.512972,9.781061
241.195000,-0.328175,0.512971,9.781061
241.230000,-0.328149,0.512990,9.781061
241.265000,-0.328175,0.512970,9.781061
241.295000,-0.328175,0.512969,9.781061
241.330000,-0.328174,0.512968,9.781061
241.360000,-0.328174,0.512968,9.781061
241.395000,-0.328174,0.512967,9.781061
241.430000,-0.328174,0.512966,9.781062
241.460000,-0.328174,0.512965,9.781062
241.495000,-0.328174,0.512964,9.781062
241.525000,-0.328174,0.512964,9.781062
241.560000,-0.328174,0.512963,9.781062
241.595000,-0.328174,0.512962,9.781062
241.625000,-0.328174,0.512962,9.781062
241.660000,-0.328174,0.512961,9.781062
241.690000,-0.328174,0.512960,9.781062
241.725000,-0.328174,0.512959,9.781062
241.760000,-0.328174,0.512958,9.781062
241.790000,-0.328174,0.512958,9.781062
241.825000,-0.328174,0.512957,9.781062
241.855000,-0.328174,0.512956,9.781062
241.890000,-0.328174,0.512956,9.781062
241.925000,-0.328174,0.512955,9.781062
241.955000,-0.328174,0.512954,9.781062
241.990000,-0.328174,0.512953,9.781062
242.020000,-0.328150,0.512971,9.781063
242.055000,-0.328174,0.512952,9.781062
242.090000,-0.328174,0.512951,9.781062
242.120000,-0.328174,0.512950,9.781062
242.155000,-0.328174,0.512950,9.781063
242.185000,-0.328174,0.512949,9.781063
242.220000,-0.328174,0.512948,9.781063
242.255000,-0.328174,0.512947,9.781063
242.285000,-0.328174,0.512947,9.781063
242.320000,-0.328174,0.512946,9.781063
242.350000,-0.328174,0.512945,9.781063
242.385000,-0.328185,0.512935,9.781063
242.420000,-0.328174,0.512944,9.781063
242.450000,-0.328174,0.512943,9.781063
242.485000,-0.328174,0.512942,9.781063
242.515000,0.511228,0.975645,9.435606
242.550000,0.560068,3.093707,6.525067
242.585000,-0.107989,0.220036,9.666230
242.615000,-0.698443,-0.131870,8.753781
242.650000,-0.095323,0.206954,9.557424
242.680000,-0.289201,0.229716,9.417434
242.715000,-1.931576,-0.604648,6.813343
242.750000,-0.602196,0.666835,11.690993
242.780000,0.017181,0.177925,8.960977
242.815000,1.214138,2.064509,8.488409
242.845000,1.708732,2.244685,8.758532
242.880000,1.963695,3.123323,17.173261
242.915000,0.591088,5.376987,17.568009
242.945000,1.086077,2.153157,8.773662
242.980000,1.409221,0.518781,8.798409
243.010000,1.469846,0.547357,8.795216
243.045000,1.694274,0.740508,9.049925
243.080000,-6.278893,-4.433113,15.628840
243.110000,0.137767,-0.164311,9.310829
243.145000,-3.848991,-3.551792,7.045481
243.175000,3.578688,3.110282,14.551425
243.210000,0.752049,1.333887,9.594403
243.245000,-0.241242,0.471199,9.726118
243.275000,-5.799826,-1.027988,13.789354
243.310000,-0.243221,0.469906,9.776102
243.340000,1.531874,0.793535,11.204261
243.375000,0.078911,-0.095223,9.784932
243.410000,-0.247110,0.470948,9.785522
243.440000,-0.245272,0.469028,9.785779
243.475000,-0.243425,0.469537,9.785663
243.505000,-0.243386,0.469555,9.785661
243.540000,-0.243389,0.469558,9.785664
243.575000,-0.243414,0.469523,9.785671
243.605000,-0.243393,0.469563,9.785670
243.640000,-0.243396,0.469566,9.785674
243.670000,-0.245303,0.467794,9.785853
243.705000,-0.240541,0.469998,9.785556
243.740000,-0.243388,0.469562,9.785680
243.770000,-0.241570,0.470057,9.785561
243.805000,-0.243321,0.469568,9.785684
243.835000,-0.243394,0.469567,9.785686
243.870000,-0.243399,0.469591,9.785686
243.905000,-0.243397,0.469571,9.785690
243.935000,-0.243466,0.469329,9.785717
243.970000,-0.243425,0.469547,9.785698
244.000000,-0.243399,0.469574,9.785695
244.035000,-0.243405,0.469574,9.785697
244.070000,-0.243398,0.469580,9.785697
244.100000,-0.243407,0.469576,9.785699
244.135000,0.106912,1.181269,9.754104
244.165000,-0.243387,0.469561,9.785696
244.200000,-0.243382,0.469568,9.785697
244.235000,-0.243382,0.469568,9.785698
244.265000,-0.243384,0.469569,9.785700
244.300000,-0.243383,0.469569,9.785701
244.330000,-0.243385,0.469571,9.785702
244.365000,-0.243385,0.469561,9.785704
244.400000,-0.243383,0.469570,9.785704
244.430000,-0.243384,0.469571,9.785705
244.465000,-0.243385,0.469562,9.785707
244.495000,-0.243373,0.469561,9.785705
244.530000,-0.243373,0.469561,9.785706
244.565000,-0.243328,0.469635,9.785701
244.595000,-0.243373,0.469563,9.785708
244.630000,-0.243374,0.469563,9.785708
244.660000,-0.243374,0.469563,9.785709
244.695000,-0.243374,0.469564,9.785709
244.730000,-0.243374,0.469564,9.785710
244.760000,-0.243374,0.469564,9.785710
244.795000,-0.243374,0.469565,9.785711
244.825000,-0.243375,0.469565,9.785711
244.860000,-0.243374,0.469565,9.785712
244.895000,-0.243374,0.469565,9.785712
244.925000,-0.243375,0.469566,9.785713
244.960000,-0.243375,0.469566,9.785713
244.990000,-0.243375,0.469566,9.785713
245.025000,-0.243375,0.469566,9.785713
245.060000,-0.243375,0.469566,9.785714
245.090000,-0.243375,0.469566,9.785714
245.125000,-0.243375,0.469566,9.785714
245.155000,-0.243375,0.469567,9.785714
245.190000,-0.243375,0.469567,9.785715
245.225000,-0.243375,0.469567,9.785715
245.255000,-0.243374,0.469567,9.785715
245.290000,-0.243374,0.469567,9.785715
245.320000,-0.243388,0.469543,9.785718
245.355000,-0.243374,0.469567,9.785716
245.390000,-0.243374,0.469567,9.785716
245.420000,-0.243385,0.469548,9.785718
245.455000,-0.243374,0.469567,9.785716
245.485000,-0.243374,0.469567,9.785716
245.520000,-0.243383,0.469551,9.785718
245.555000,-0.243374,0.469567,9.785716
245.585000,-0.243374,0.469567,9.785717
245.620000,-0.243381,0.469554,9.785718
245.650000,-0.243374,0.469567,9.785717
245.685000,-0.243373,0.469567,9.785717
245.720000,-0.243379,0.469557,9.785718
245.750000,-0.243373,0.469567,9.785717
245.785000,-0.243373,0.469567,9.785717
245.815000,-0.243368,0.469575,9.785716
245.850000,-0.243373,0.469567,9.785717
245.885000,-0.243373,0.469567,9.785717
245.915000,-0.243369,0.469573,9.785717
245.950000,-0.243373,0.469566,9.785717
245.980000,-0.243372,0.469566,9.785717
246.015000,-0.243369,0.469572,9.785717
246.050000,-0.243372,0.469566,9.785717
246.080000,-0.243372,0.469566,9.785718
246.115000,-0.243369,0.469571,9.785717
246.145000,-0.243372,0.469566,9.785718
246.180000,-0.243372,0.469566,9.785718
246.215000,-0.243369,0.469570,9.785717
246.245000,-0.243371,0.469566,9.785718
246.280000,-0.243371,0.469566,9.785718
246.310000,-0.243371,0.469566,9.785718
246.345000,-0.243371,0.469566,9.785718
246.380000,-0.243371,0.469566,9.785718
246.410000,-0.243371,0.469565,9.785718
246.445000,-0.243371,0.469565,9.785718
246.475000,-0.243371,0.469565,9.785718
246.510000,-0.243370,0.469565,9.785718
246.545000,-0.243370,0.469565,9.785718
246.575000,-0.243370,0.469565,9.785718
246.610000,-0.243370,0.469565,9.785718
246.640000,-0.243370,0.469565,9.785718
246.675000,-0.243370,0.469565,9.785718
246.710000,-0.243370,0.469565,9.785718
246.740000,-0.243369,0.469565,9.785718
246.775000,-0.243369,0.469565,9.785718
246.805000,-0.243369,0.469564,9.785718
246.840000,-0.243369,0.469564,9.785718
246.875000,-0.243369,0.469564,9.785718
246.905000,-0.243369,0.469564,9.785718
246.940000,-0.243369,0.469564,9.785718
246.970000,-0.243369,0.469563,9.785718
247.005000,-0.243368,0.469564,9.785718
247.040000,-0.243368,0.469564,9.785718
247.070000,-0.243368,0.469563,9.785718
247.105000,-0.243368,0.469564,9.785718
247.135000,-0.243368,0.469564,9.785718
247.170000,-0.243368,0.469563,9.785718
247.205000,-0.243368,0.469563,9.785718
247.235000,-0.243367,0.469563,9.785718
247.270000,-0.243367,0.469563,9.785718
247.300000,-0.243367,0.469563,9.785718
247.335000,-0.243367,0.469563,9.785718
247.370000,-0.243367,0.469563,9.785718
247.400000,-0.243367,0.469563,9.785718
247.435000,-0.243367,0.469563,9.785718
247.465000,-0.243366,0.469563,9.785718
247.500000,-0.243366,0.469562,9.785718
247.535000,-0.243366,0.469562,9.785718
247.565000,-0.243366,0.469563,9.785718
247.600000,-0.243366,0.469562,9.785718
247.630000,-0.243366,0.469562,9.785718
247.665000,-0.243365,0.469562,9.785718
247.700000,-0.243365,0.469562,9.785718
247.730000,-0.243365,0.469562,9.785718
247.765000,-0.243365,0.469562,9.785718
247.795000,-0.243365,0.469562,9.785718
247.830000,-0.243365,0.469562,9.785718
247.865000,-0.243365,0.469562,9.785718
247.895000,-0.243365,0.469561,9.785718
247.930000,-0.243364,0.469561,9.785718
247.960000,-0.243364,0.469561,9.785718
247.995000,-0.243364,0.469561,9.785718
248.030000,-0.243364,0.469561,9.785718
248.060000,-0.243364,0.469561,9.785718
248.095000,-0.243364,0.469561,9.785719
248.125000,-0.243364,0.469561,9.785719
248.160000,-0.243363,0.469561,9.785719
248.195000,-0.243363,0.469560,9.785719
248.225000,-0.243363,0.469560,9.785719
248.260000,-0.243363,0.469560,9.785719
248.290000,-0.243363,0.469560,9.785719
248.325000,-0.243363,0.469560,9.785719
248.360000,-0.243363,0.469560,9.785719
248.390000,-0.243362,0.469560,9.785719
248.425000,-0.243362,0.469560,9.785719
248.455000,-0.243362,0.469560,9.785719
248.490000,-0.243362,0.469560,9.785719
248.525000,-0.243362,0.469560,9.785719
248.555000,-0.243362,0.469559,9.785719
248.590000,-0.243362,0.469559,9.785719
248.620000,-0.243362,0.469559,9.785719
248.655000,-0.243361,0.469559,9.785719
248.690000,-0.243361,0.469559,9.785719
248.720000,-0.243361,0.469559,9.785719
248.755000,-0.243361,0.469559,9.785719
248.785000,-0.243361,0.469559,9.785719
248.820000,-0.243361,0.469559,9.785719
248.855000,-0.243361,0.469559,9.785719
248.885000,-0.243360,0.469558,9.785719
248.920000,-0.243360,0.469558,9.785719
248.950000,-0.243360,0.469558,9.785719
248.985000,-0.243360,0.469558,9.785719
249.020000,-0.243360,0.469558,9.785719
249.050000,-0.243360,0.469558,9.785719
249.085000,-0.243360,0.469558,9.785719
249.115000,-0.243359,0.469558,9.785719
249.150000,-0.243359,0.469558,9.785719
249.185000,-0.243359,0.469558,9.785719
249.215000,-0.243359,0.469557,9.785719
249.250000,-0.243359,0.469557,9.785719
249.280000,-0.243359,0.469557,9.785719
249.315000,-0.243359,0.469557,9.785719
249.350000,-0.243358,0.469557,9.785719
249.380000,-0.243358,0.469557,9.785719
249.415000,-0.243358,0.469557,9.785719
249.445000,-0.243358,0.469557,9.785719
249.480000,-0.243358,0.469557,9.785719
249.515000,-0.243358,0.469557,9.785719
249.545000,-0.243358,0.469557,9.785719
249.580000,-0.243357,0.469556,9.785719
249.610000,-0.243357,0.469556,9.785719
249.645000,-0.243357,0.469556,9.785719
249.680000,-0.243357,0.469556,9.785719
249.710000,-0.243357,0.469556,9.785719
249.745000,-0.243357,0.469556,9.785719
249.775000,-0.243357,0.469556,9.785719
249.810000,-0.243356,0.469556,9.785719
249.845000,-0.243356,0.469556,9.785719
249.875000,-0.243356,0.469556,9.785719
249.910000,-0.243356,0.469555,9.785719
249.940000,-0.243356,0.469555,9.785719
249.975000,-0.243356,0.469555,9.785719
250.010000,-0.243356,0.469555,9.785719
250.040000,-0.243355,0.469555,9.785719
250.075000,-0.243355,0.469555,9.785719
250.105000,-0.243355,0.469555,9.785719
250.140000,-0.243355,0.469555,9.785719
250.175000,-0.243355,0.469555,9.785719
250.205000,-0.243355,0.469555,9.785719
250.240000,-0.243355,0.469554,9.785719
250.270000,-0.243354,0.469554,9.785719
250.305000,-0.243354,0.469554,9.785719
250.340000,-0.243354,0.469554,9.785719
250.370000,2.376165,1.200542,9.687439
250.405000,1.951679,1.009660,9.694361
250.435000,1.804763,0.731270,9.647383
250.470000,-1.605975,1.616034,9.053444
250.505000,0.163595,1.230951,9.570491
250.535000,-1.289483,0.602687,9.408972
250.570000,2.051771,1.452723,9.521535
250.600000,0.413629,1.538076,9.562403
250.635000,0.111910,0.929426,9.686571
250.670000,-0.697693,-0.651946,2.278920
250.700000,-1.702422,1.605070,9.194393
250.735000,-0.210225,0.466293,9.786011
250.765000,-0.210136,0.466313,9.786046
250.800000,-0.210191,0.466257,9.786091
250.835000,-0.210198,0.466257,9.786128
250.865000,-0.210158,0.466319,9.786154
250.900000,-0.210210,0.466259,9.786191
250.930000,-0.210221,0.466249,9.786219
250.965000,-0.210175,0.466323,9.786242
251.000000,-0.210225,0.466261,9.786273
251.030000,-0.210229,0.466261,9.786295
251.065000,-0.210189,0.466327,9.786314
251.095000,-0.210236,0.466262,9.786338
251.130000,-0.210240,0.466262,9.786358
251.165000,-0.210200,0.466330,9.786372
251.195000,-0.210247,0.466263,9.786393
251.230000,-0.210250,0.466263,9.786410
251.260000,-0.210252,0.466264,9.786424
251.295000,-0.210255,0.466264,9.786439
251.330000,-0.210257,0.466264,9.786452
251.360000,-0.210259,0.466264,9.786464
251.395000,-0.210261,0.466265,9.786476
251.425000,-0.210263,0.466265,9.786485
251.460000,-0.210265,0.466265,9.786496
251.495000,-0.210267,0.466265,9.786506
251.525000,-0.210268,0.466265,9.786514
251.560000,-0.210269,0.466265,9.786523
251.590000,-0.210271,0.466265,9.786530
251.625000,-0.210272,0.466265,9.786537
251.660000,-0.210273,0.466266,9.786545
251.690000,-0.210274,0.466266,9.786550
251.725000,-0.210275,0.466266,9.786557
251.755000,-0.210276,0.466266,9.786562
251.790000,-0.210277,0.466266,9.786567
251.825000,-0.210278,0.466266,9.786572
251.855000,-0.210278,0.466266,9.786576
251.890000,-0.210279,0.466266,9.786581
251.920000,-0.210290,0.466248,9.786586
251.955000,-0.210280,0.466266,9.786588
251.990000,-0.210281,0.466266,9.786592
252.020000,-0.210290,0.466252,9.786596
252.055000,-0.210282,0.466266,9.786598
252.085000,-0.210282,0.466266,9.786601
252.120000,-0.210289,0.466254,9.786605
252.155000,-0.210283,0.466266,9.786606
252.185000,-0.210283,0.466266,9.786609
252.220000,-0.210289,0.466257,9.786612
252.250000,-0.210283,0.466266,9.786613
252.285000,-0.210284,0.466266,9.786615
252.320000,-0.210289,0.466258,9.786617
252.350000,-0.210284,0.466266,9.786618
252.385000,-0.210284,0.466266,9.786620
252.415000,-0.210281,0.466272,9.786621
252.450000,-0.210284,0.466266,9.786623
252.485000,-0.210285,0.466266,9.786624
252.515000,-0.210282,0.466270,9.786625
252.550000,-0.210285,0.466265,9.786626
252.580000,-0.210285,0.466265,9.786627
252.615000,-0.210282,0.466269,9.786628
252.650000,-0.210285,0.466265,9.786629
252.680000,-0.210285,0.466265,9.786630
252.715000,-0.210283,0.466268,9.786631
252.745000,-0.210285,0.466265,9.786632
252.780000,-0.210285,0.466265,9.786632
252.815000,-0.210283,0.466268,9.786633
252.845000,-0.210285,0.466265,9.786634
252.880000,-0.210285,0.466265,9.786634
252.910000,-0.210285,0.466265,9.786635
252.945000,-0.210285,0.466265,9.786635
252.980000,-0.210285,0.466265,9.786636
253.010000,-0.210285,0.466265,9.786636
253.045000,-0.210285,0.466264,9.786637
253.075000,-0.210285,0.466264,9.786637
253.110000,-0.210284,0.466264,9.786638
253.145000,-0.210284,0.466264,9.786638
253.175000,-0.210284,0.466264,9.786638
253.210000,-0.210284,0.466264,9.786638
253.240000,-0.210284,0.466264,9.786639
253.275000,-0.210284,0.466264,9.786639
253.310000,-0.210284,0.466264,9.786639
253.340000,-0.210284,0.466264,9.786640
253.375000,-0.210284,0.466264,9.786640
253.405000,-0.210284,0.466264,9.786640
253.440000,-0.210284,0.466264,9.786640
253.475000,-0.210283,0.466263,9.786640
253.505000,-0.210283,0.466263,9.786640
253.540000,-0.210283,0.466263,9.786641
253.570000,-0.210284,0.466263,9.786641
253.605000,-0.210283,0.466263,9.786641
253.640000,-0.210283,0.466263,9.786641
253.670000,-0.210283,0.466263,9.786641
253.705000,-0.210283,0.466263,9.786641
253.735000,-0.210283,0.466263,9.786641
253.770000,-0.210283,0.466262,9.786642
253.805000,-0.210282,0.466263,9.786642
253.835000,-0.210282,0.466263,9.786642
253.870000,-0.210282,0.466262,9.786642
253.900000,-0.210282,0.466262,9.786642
253.935000,-0.210282,0.466262,9.786642
253.970000,-0.210282,0.466262,9.786642
254.000000,-0.210282,0.466262,9.786642
254.035000,-0.210281,0.466262,9.786642
254.065000,-0.210281,0.466262,9.786642
254.100000,-0.210281,0.466262,9.786642
254.135000,-0.210281,0.466262,9.786642
254.165000,-0.210281,0.466262,9.786642
254.200000,-0.210281,0.466262,9.786642
254.230000,-0.210281,0.466262,9.786642
254.265000,-0.210280,0.466262,9.786643
254.300000,-0.210280,0.466261,9.786643
254.330000,-0.210280,0.466261,9.786643
254.365000,-0.210280,0.466261,9.786643
254.395000,-0.210280,0.466261,9.786643
254.430000,-0.210280,0.466261,9.786643
254.465000,-0.210280,0.466261,9.786643
254.495000,-0.210280,0.466261,9.786643
254.530000,-0.210279,0.466261,9.786643
254.560000,-0.210279,0.466261,9.786643
254.595000,-0.210279,0.466261,9.786643
254.630000,-0.210279,0.466261,9.786643
254.660000,-0.210279,0.466261,9.786643
254.695000,-0.210279,0.466260,9.786643
254.725000,-0.210279,0.466260,9.786643
254.760000,-0.210279,0.466260,9.786643
254.795000,-0.210278,0.466260,9.786643
254.825000,-0.210278,0.466260,9.786643
254.860000,-0.210278,0.466260,9.786643
254.890000,-0.210278,0.466260,9.786643
254.925000,-0.210278,0.466260,9.786643
254.960000,-0.210278,0.466260,9.786643
254.990000,-0.210278,0.466260,9.786643
255.025000,-0.210277,0.466260,9.786643
255.055000,-0.210277,0.466260,9.786643
255.090000,-0.210277,0.466259,9.786643
255.125000,-0.210277,0.466259,9.786643
255.155000,-0.210277,0.466259,9.786643
255.190000,-0.210277,0.466259,9.786643
255.220000,-0.210277,0.466259,9.786643
255.255000,-0.210276,0.466259,9.786643
255.290000,-0.210276,0.466259,9.786643
255.320000,-0.210276,0.466259,9.786643
255.355000,-0.210276,0.466259,9.786643
255.385000,-0.210276,0.466259,9.786643
255.420000,-0.210276,0.466259,9.786643
255.455000,-0.210276,0.466259,9.786643
255.485000,-0.210276,0.466258,9.786643
255.520000,-0.210275,0.466258,9.786643
255.550000,-0.210275,0.466258,9.786643
255.585000,-0.210275,0.466258,9.786643
255.620000,-0.210275,0.466258,9.786643
255.650000,-0.210275,0.466258,9.786643
255.685000,-0.210275,0.466258,9.786643
255.715000,-0.210275,0.466258,9.786643
255.750000,-0.210274,0.466258,9.786643
255.785000,-0.210274,0.466258,9.786643
255.815000,-0.210274,0.466258,9.786643
255.850000,-0.210274,0.466258,9.786643
255.880000,-0.210274,0.466257,9.786643
255.915000,-0.210274,0.466257,9.786643
255.950000,-0.210274,0.466257,9.786643
255.980000,-0.210273,0.466257,9.786643
256.015000,-0.210273,0.466257,9.786643
256.045000,-0.210273,0.466257,9.786643
256.080000,-0.210273,0.466257,9.786643
256.115000,-0.210273,0.466257,9.786643
256.145000,-0.210273,0.466257,9.786643
256.180000,-0.210273,0.466257,9.786643
256.210000,-0.210272,0.466257,9.786643
256.245000,-0.210272,0.466257,9.786643
256.280000,-0.210272,0.466256,9.786643
256.310000,-0.210272,0.466256,9.786643
256.345000,-0.210272,0.466256,9.786643
256.375000,-0.210272,0.466256,9.786643
256.410000,-0.210272,0.466256,9.786643
256.445000,-0.210272,0.466256,9.786644
256.475000,-0.210271,0.466256,9.786644
256.510000,-0.210271,0.466256,9.786644
256.540000,-0.210271,0.466256,9.786644
256.575000,-0.210271,0.466256,9.786644
256.610000,-0.210271,0.466256,9.786644
256.640000,-0.210271,0.466256,9.786644
256.675000,-0.210271,0.466255,9.786644
256.705000,-0.210270,0.466255,9.786644
256.740000,-0.210270,0.466255,9.786644
256.775000,-0.210270,0.466255,9.786644
256.805000,-0.210270,0.466255,9.786644
256.840000,-0.210270,0.466255,9.786644
256.870000,-0.210270,0.466255,9.786644
256.905000,-0.210270,0.466255,9.786644
256.940000,-0.210269,0.466255,9.786644
256.970000,-0.210269,0.466255,9.786644
257.005000,-0.210269,0.466255,9.786644
257.035000,-0.210269,0.466255,9.786644
257.070000,-0.210269,0.466254,9.786644
257.105000,-0.210269,0.466254,9.786644
257.135000,-0.210269,0.466254,9.786644
257.170000,-0.210268,0.466254,9.786644
257.200000,-0.210268,0.466254,9.786644
257.235000,-0.210268,0.466254,9.786644
257.270000,-0.210268,0.466254,9.786644
257.300000,-0.210268,0.466254,9.786644
257.335000,-0.210268,0.466254,9.786644
257.365000,-0.210268,0.466254,9.786644
257.400000,-0.210268,0.466254,9.786644
257.435000,-0.210267,0.466254,9.786644
257.465000,-0.210267,0.466253,9.786644
257.500000,-0.210267,0.466253,9.786644
257.530000,-0.210267,0.466253,9.786644
257.565000,-0.210267,0.466253,9.786644
257.600000,-0.210267,0.466253,9.786644
257.630000,-0.210267,0.466253,9.786644
257.665000,-0.210266,0.466253,9.786644
257.695000,-0.210266,0.466253,9.786644
257.730000,-0.210266,0.466253,9.786644
257.765000,-0.210266,0.466253,9.786644
257.795000,-0.210266,0.466253,9.786644
257.830000,-0.210266,0.466253,9.786644
257.860000,-0.210266,0.466252,9.786644
257.895000,-0.210265,0.466252,9.786644
257.930000,-0.210265,0.466252,9.786644
257.960000,-0.210265,0.466252,9.786644
257.995000,-0.210265,0.466252,9.786644
258.025000,-0.210265,0.466252,9.786644
258.060000,-0.210265,0.466252,9.786644
258.095000,-0.210265,0.466252,9.786644
258.125000,-0.210264,0.466252,9.786644
258.160000,-0.210264,0.466252,9.786644
258.190000,-0.210264,0.466252,9.786644
258.225000,-0.210264,0.466252,9.786644
258.260000,-0.210264,0.466251,9.786644
258.290000,-2.012125,1.115940,9.294579
258.325000,-4.829491,-1.971747,9.676999
258.355000,-3.866901,2.233151,6.589290
258.390000,-5.922122,2.032063,8.962454
258.425000,-4.449421,-1.778657,9.102884
258.455000,0.031262,-0.169515,8.951244
258.490000,-2.099269,0.703355,15.227670
258.520000,0.870113,0.572479,1.987185
258.555000,0.112640,-0.169412,9.382303
258.590000,1.002900,-2.226934,6.248395
258.620000,2.281235,-0.312124,4.613296
258.655000,0.101925,-0.126316,9.776265
258.685000,0.101296,-0.125058,9.784066
258.720000,0.100865,-0.124273,9.783340
258.755000,0.089919,-0.105285,9.781880
258.785000,0.087934,-0.101820,9.779919
258.820000,-8.875526,6.002353,14.960091
258.850000,-0.254238,0.481920,9.784780
258.885000,-0.247160,0.478939,9.784581
258.920000,-0.247152,0.478931,9.784622
258.950000,-0.247146,0.478924,9.784654
258.985000,-0.247139,0.478916,9.784690
259.015000,-0.247130,0.478912,9.784718
259.050000,-0.247127,0.478903,9.784750
259.085000,-0.247121,0.478897,9.784779
259.115000,-0.247104,0.478901,9.784801
259.150000,-0.247112,0.478887,9.784828
259.180000,-0.247108,0.478883,9.784848
259.215000,-0.247093,0.478885,9.784870
259.250000,-0.247099,0.478873,9.784892
259.280000,-0.247096,0.478870,9.784908
259.315000,-0.247084,0.478872,9.784926
259.345000,-0.247089,0.478863,9.784941
259.380000,-0.247086,0.478860,9.784957
259.415000,-0.247076,0.478861,9.784972
259.445000,-0.247080,0.478854,9.784984
259.480000,-0.247078,0.478851,9.784998
259.510000,-0.247076,0.478849,9.785008
259.545000,-5.070997,0.380054,8.233580
259.580000,-15.403297,0.475155,21.398521
259.610000,-0.266637,0.466689,9.516536
259.645000,-1.373408,2.435735,6.200958
259.675000,0.969098,0.625536,2.213363
259.710000,0.082057,-0.110424,9.490732
259.745000,10.396671,-6.346766,16.230213
259.775000,18.361475,-1.802118,22.589390
259.810000,0.097467,-0.162087,9.781054
259.840000,0.087086,-0.143701,9.780315
259.875000,0.086409,-0.142510,9.778431
259.910000,-8.319228,5.550860,13.806401
259.940000,-0.258995,0.470784,9.784721
259.975000,-0.258931,0.470827,9.784753
260.005000,-0.258933,0.470844,9.784782
260.040000,-0.258936,0.470862,9.784813
260.075000,-0.258938,0.470879,9.784842
260.105000,-0.258940,0.470893,9.784866
260.140000,-0.258942,0.470908,9.784891
260.170000,-0.258953,0.470913,9.784913
260.205000,-0.258945,0.470934,9.784934
260.240000,-0.258947,0.470946,9.784955
260.270000,-0.258958,0.470949,9.784973
260.305000,-0.258950,0.470967,9.784991
260.335000,-0.258951,0.470976,9.785005
260.370000,-2.210514,0.308571,4.490006
260.405000,-0.263769,0.467906,9.717471
260.435000,-2.816716,0.741786,5.569809
260.470000,-2.193812,0.299738,4.504535
260.500000,-0.281306,0.468759,9.148169
260.535000,0.229350,0.028545,9.020458
260.570000,1.248507,0.775777,2.802418
260.600000,0.064824,-0.145372,9.384114
260.635000,2.398808,1.110866,12.950709
260.665000,2.805912,-1.701161,5.966406
260.700000,0.121997,-0.184950,9.777705
260.735000,0.055405,-0.118449,9.785257
260.765000,0.043670,-0.098034,9.784855
260.800000,0.044330,-0.099216,9.783690
260.830000,0.042237,-0.095576,9.782076
260.865000,-8.403953,5.632646,13.998066
260.900000,-0.280374,0.464058,9.784332
260.930000,-0.280370,0.464051,9.784371
260.965000,-0.280365,0.464041,9.784413
260.995000,-0.280397,0.463981,9.784453
261.030000,-0.280357,0.464028,9.784485
261.065000,-0.280353,0.464021,9.784520
261.095000,-0.280350,0.464015,9.784548
261.130000,-0.280346,0.464009,9.784579
261.160000,-0.280344,0.464004,9.784603
261.195000,-0.280340,0.463998,9.784630
261.230000,-0.280338,0.463993,9.784655
261.260000,-0.280335,0.463989,9.784675
261.295000,-0.280333,0.463985,9.784697
261.325000,-0.280331,0.463981,9.784715
261.360000,-0.280329,0.463978,9.784734
261.395000,-0.280327,0.463974,9.784752
261.425000,-0.280325,0.463971,9.784767
261.460000,-0.280323,0.463968,9.784783
261.490000,-0.280322,0.463965,9.784795
261.525000,-0.280320,0.463963,9.784809
261.560000,-0.280318,0.463960,9.784822
261.590000,-0.280317,0.463958,9.784832
261.625000,-0.280316,0.463956,9.784844
261.655000,-0.280315,0.463954,9.784853
261.690000,-0.280314,0.463952,9.784863
261.725000,-0.280312,0.463950,9.784872
261.755000,-0.280312,0.463949,9.784879
261.790000,-0.280311,0.463947,9.784888
261.820000,-0.280312,0.463944,9.784894
261.855000,-0.280309,0.463944,9.784901
261.890000,-0.280308,0.463943,9.784908
261.920000,-0.280309,0.463940,9.784913
261.955000,-0.280307,0.463941,9.784919
261.985000,-0.280306,0.463940,9.784924
262.020000,-0.280307,0.463938,9.784929
262.055000,-0.280305,0.463938,9.784934
262.085000,-0.280304,0.463937,9.784937
262.120000,-0.280305,0.463936,9.784942
262.150000,-0.280303,0.463936,9.784945
262.185000,-0.280303,0.463935,9.784949
262.220000,-0.280303,0.463934,9.784952
262.250000,-0.280302,0.463934,9.784955
262.285000,-0.280301,0.463934,9.784958
262.315000,-0.280300,0.463934,9.784960
262.350000,-0.280301,0.463933,9.784963
262.385000,-0.280300,0.463932,9.784965
262.415000,-0.280299,0.463932,9.784967
262.450000,-0.280300,0.463931,9.784969
262.480000,-0.280299,0.463931,9.784971
262.515000,-0.280298,0.463931,9.784973
262.550000,-0.280299,0.463930,9.784975
262.580000,-0.280298,0.463930,9.784976
262.615000,-0.280298,0.463930,9.784978
262.645000,-0.280298,0.463930,9.784979
262.680000,-0.280298,0.463929,9.784980
262.715000,-0.280297,0.463930,9.784982
262.745000,-0.280297,0.463929,9.784983
262.780000,-0.280297,0.463929,9.784984
262.810000,-0.280297,0.463929,9.784985
262.845000,-0.280297,0.463929,9.784986
262.880000,-0.280296,0.463928,9.784987
262.910000,-0.280296,0.463928,9.784987
262.945000,-0.280296,0.463928,9.784988
262.975000,-0.280296,0.463928,9.784989
263.010000,-0.280296,0.463928,9.784990
263.045000,-0.280295,0.463928,9.784990
263.075000,-0.280295,0.463928,9.784991
263.110000,-0.280295,0.463928,9.784991
263.140000,-0.280295,0.463928,9.784992
263.175000,-0.280295,0.463928,9.784992
263.210000,-0.280295,0.463928,9.784993
263.240000,-0.280294,0.463928,9.784993
263.275000,-0.280294,0.463928,9.784993
263.305000,-0.280294,0.463928,9.784994
263.340000,-0.280294,0.463928,9.784994
263.375000,-0.280294,0.463928,9.784995
263.405000,-0.280294,0.463928,9.784995
263.440000,-0.280294,0.463928,9.784995
263.470000,-0.280294,0.463927,9.784995
263.505000,-0.280293,0.463927,9.784996
263.540000,-0.280293,0.463927,9.784996
263.570000,-0.280293,0.463927,9.784996
263.605000,-0.280293,0.463927,9.784996
263.635000,-0.280293,0.463927,9.784996
263.670000,-0.280293,0.463927,9.784997
263.705000,-0.280293,0.463928,9.784997
263.735000,-0.280293,0.463928,9.784997
263.770000,-0.280292,0.463928,9.784997
263.800000,-0.280292,0.463928,9.784997
263.835000,-0.280292,0.463928,9.784997
263.870000,-0.280292,0.463928,9.784997
263.900000,-0.280292,0.463928,9.784998
263.935000,-0.280292,0.463928,9.784998
263.965000,-0.280292,0.463928,9.784998
264.000000,-0.280292,0.463928,9.784998
264.035000,-0.280292,0.463928,9.784998
264.065000,-0.280291,0.463928,9.784998
264.100000,-0.280291,0.463928,9.784998
264.130000,-0.280291,0.463928,9.784998
264.165000,-0.280291,0.463928,9.784998
264.200000,-0.280291,0.463928,9.784998
264.230000,-0.280291,0.463928,9.784998
264.265000,-0.280291,0.463928,9.784998
264.295000,-0.280291,0.463928,9.784998
264.330000,-0.280291,0.463928,9.784998
264.365000,-0.280290,0.463928,9.784999
264.395000,-0.280290,0.463928,9.784999
264.430000,-0.280290,0.463928,9.784999
264.460000,-0.280290,0.463928,9.784999
264.495000,-0.280290,0.463928,9.784999
264.530000,-0.280290,0.463928,9.784999
264.560000,-0.280290,0.463928,9.784999
264.595000,-0.280290,0.463928,9.784999
264.625000,-0.280290,0.463928,9.784999
264.660000,-0.280289,0.463928,9.784999
264.695000,-0.280289,0.463928,9.784999
264.725000,-0.280289,0.463928,9.784999
264.760000,-0.280289,0.463928,9.784999
264.790000,-0.280289,0.463929,9.784999
264.825000,-0.280289,0.463929,9.784999
264.860000,-0.280289,0.463929,9.784999
264.890000,-0.280289,0.463929,9.784999
264.925000,-0.280289,0.463929,9.784999
264.955000,-0.280289,0.463929,9.784999
264.990000,-0.280288,0.463929,9.784999
265.025000,-0.280288,0.463929,9.784999
265.055000,-0.280288,0.463929,9.784999
265.090000,-0.280288,0.463929,9.784999
265.120000,-0.280288,0.463929,9.784999
265.155000,-0.280288,0.463929,9.784999
265.190000,-0.280288,0.463929,9.784999
265.220000,-0.280288,0.463929,9.784999
265.255000,-0.280288,0.463929,9.784999
265.285000,-0.280288,0.463929,9.784999
265.320000,-0.280287,0.463929,9.784999
265.355000,-0.280287,0.463929,9.784999
265.385000,-0.280287,0.463929,9.784999
265.420000,-0.280287,0.463929,9.784999
265.450000,-0.280287,0.463929,9.784999
265.485000,-0.280287,0.463929,9.784999
265.520000,-0.280287,0.463929,9.784999
265.550000,-0.280287,0.463929,9.784999
265.585000,-0.280287,0.463930,9.784999
265.615000,-0.280286,0.463930,9.784999
265.650000,-0.280286,0.463930,9.784999
265.685000,-0.280286,0.463930,9.784999
265.715000,-0.280286,0.463930,9.784999
265.750000,-0.280286,0.463930,9.784999
265.780000,-0.280286,0.463930,9.784999
265.815000,-0.280286,0.463930,9.784999
265.850000,-0.280286,0.463930,9.784999
265.880000,-0.280286,0.463930,9.784999
265.915000,-0.280286,0.463930,9.784999
265.945000,-0.280285,0.463930,9.784999
265.980000,-0.280285,0.463930,9.784999
266.015000,-0.280285,0.463930,9.784999
266.045000,-0.280285,0.463930,9.784999
266.080000,-0.280285,0.463930,9.784999
266.110000,-0.280285,0.463930,9.784999
266.145000,-0.280285,0.463930,9.784999
266.180000,-0.280285,0.463930,9.784999
266.210000,-0.280285,0.463930,9.784999
266.245000,-0.280285,0.463930,9.784999
266.275000,-0.280284,0.463930,9.784999
266.310000,-0.280284,0.463930,9.784999
266.345000,-0.280284,0.463931,9.784999
266.375000,-0.280284,0.463931,9.784999
266.410000,-0.280284,0.463931,9.784999
266.440000,-0.280284,0.463931,9.784999
266.475000,-0.280284,0.463931,9.784999
266.510000,-0.280284,0.463931,9.784999
266.540000,-0.280284,0.463931,9.784999
266.575000,-0.280284,0.463931,9.784999
266.605000,-0.280283,0.463931,9.784999
266.640000,-0.280283,0.463931,9.784999
266.675000,-0.280283,0.463931,9.784999
266.705000,-0.280283,0.463931,9.784999
266.740000,-0.280283,0.463931,9.784999
266.770000,-0.280283,0.463931,9.784999
266.805000,-0.280283,0.463931,9.784999
266.840000,-0.280283,0.463931,9.784999
266.870000,-0.280283,0.463931,9.784999
266.905000,-0.280283,0.463931,9.784999
266.935000,-0.280282,0.463931,9.784999
266.970000,-0.280282,0.463931,9.784999
267.005000,-0.280282,0.463931,9.784999
267.035000,-0.280282,0.463931,9.784999
267.070000,-0.280282,0.463931,9.784999
267.100000,-0.280282,0.463932,9.784999
267.135000,-0.280282,0.463932,9.784999
267.170000,-0.280282,0.463932,9.784999
267.200000,-0.280282,0.463932,9.784999
267.235000,-0.280281,0.463932,9.784999
267.265000,-0.280281,0.463932,9.784999
267.300000,-0.280281,0.463932,9.784999
267.335000,-0.280281,0.463932,9.784999
267.365000,-0.280281,0.463932,9.784999
267.400000,-0.280281,0.463932,9.784999
267.430000,-0.280281,0.463932,9.784999
267.465000,-0.280281,0.463932,9.784999
267.500000,-0.280281,0.463932,9.784999
267.530000,-0.280281,0.463932,9.784999
267.565000,-0.280280,0.463932,9.784999
267.595000,-0.280280,0.463932,9.784999
267.630000,-0.280280,0.463932,9.784999
267.665000,-0.280280,0.463932,9.784999
267.695000,-0.280280,0.463932,9.784999
267.730000,-0.280280,0.463932,9.784999
267.760000,-0.280280,0.463932,9.784999
267.795000,-0.280280,0.463932,9.784999
267.830000,-0.280280,0.463932,9.784999
267.860000,-0.280280,0.463933,9.784999
267.895000,-0.280279,0.463933,9.784999
267.925000,-0.280279,0.463933,9.784999
267.960000,-0.280279,0.463933,9.784999
267.995000,-0.280279,0.463933,9.784999
268.025000,-0.280279,0.463933,9.784999
268.060000,-0.280279,0.463933,9.784999
268.090000,-0.280279,0.463933,9.784999
268.125000,-0.280279,0.463933,9.784999
268.160000,-0.280279,0.463933,9.784999
268.190000,-0.280279,0.463933,9.784999
268.225000,-0.280278,0.463933,9.784999
268.255000,-0.280278,0.463933,9.784999
268.290000,-0.280278,0.463933,9.784999
268.325000,-0.280278,0.463933,9.784999
268.355000,-0.280278,0.463933,9.784999
268.390000,-0.280278,0.463933,9.784999
268.420000,-0.280278,0.463933,9.784999
268.455000,-0.280278,0.463933,9.784999
268.490000,-0.280278,0.463933,9.784999
268.520000,-0.280278,0.463933,9.784999
268.555000,-0.280277,0.463933,9.784999
268.585000,-0.280277,0.463933,9.784999
268.620000,-0.280277,0.463933,9.784999
268.655000,-0.280277,0.463934,9.784999
268.685000,-0.280277,0.463934,9.784999
268.720000,-0.280277,0.463934,9.784999
268.750000,-0.280277,0.463934,9.784999
268.785000,-0.280277,0.463934,9.784999
268.820000,-0.280277,0.463934,9.784999
268.850000,-0.280276,0.463934,9.784999
268.885000,-0.280276,0.463934,9.784999
268.915000,-0.280276,0.463934,9.784999
268.950000,-0.280276,0.463934,9.784999
268.985000,-0.280276,0.463934,9.784999
269.015000,-0.280276,0.463934,9.784999
269.050000,-0.280276,0.463934,9.784999
269.080000,-0.280276,0.463934,9.784999
269.115000,-0.280276,0.463934,9.784999
269.150000,-0.280276,0.463934,9.784999
269.180000,-0.280275,0.463934,9.784999
269.215000,-0.280275,0.463934,9.784999
269.245000,-0.280275,0.463934,9.784999
269.280000,-0.280275,0.463934,9.784999
269.315000,-0.280275,0.463934,9.784999
269.345000,-0.280275,0.463934,9.784999
269.380000,-0.280275,0.463934,9.784999
269.410000,-0.280275,0.463935,9.784999
269.445000,-0.280275,0.463935,9.784999
269.480000,-0.280275,0.463935,9.784999
269.510000,-0.280274,0.463935,9.784999
269.545000,-0.280274,0.463935,9.784999
269.575000,-0.280274,0.463935,9.784999
269.610000,-0.280274,0.463935,9.784999
269.645000,-0.280274,0.463935,9.784999
269.675000,-0.280274,0.463935,9.784999
269.710000,-0.280274,0.463935,9.784999
269.740000,-0.280274,0.463935,9.784999
269.775000,-0.280274,0.463935,9.784999
269.810000,-0.280274,0.463935,9.784999
269.840000,-0.280273,0.463935,9.784999
269.875000,-0.280273,0.463935,9.784999
269.905000,-0.280273,0.463935,9.784999
269.940000,-0.280273,0.463935,9.784999
269.975000,-0.280273,0.463935,9.784999
270.005000,-0.280273,0.463935,9.784999
270.040000,-0.280273,0.463935,9.784999
270.070000,-0.280273,0.463935,9.784999
270.105000,-0.280273,0.463935,9.784999
270.140000,-0.280273,0.463935,9.784999
270.170000,-0.280272,0.463936,9.784999
270.205000,-0.280272,0.463936,9.784999
270.235000,-0.280272,0.463936,9.784999
270.270000,-0.280272,0.463936,9.784999
270.305000,-0.280272,0.463936,9.784999
270.335000,-0.280272,0.463936,9.784999
270.370000,-0.280272,0.463936,9.784999
270.400000,-0.280272,0.463936,9.784999
270.435000,-0.280272,0.463936,9.784999
270.470000,-0.280271,0.463936,9.784999
270.500000,-0.280271,0.463936,9.784999
270.535000,-0.280271,0.463936,9.784999
270.565000,-0.280271,0.463936,9.784999
270.600000,-0.280271,0.463936,9.784999
270.635000,-0.280271,0.463936,9.784999
270.665000,-0.280271,0.463936,9.784999
270.700000,-0.280271,0.463936,9.784999
270.730000,-0.280271,0.463936,9.784999
270.765000,-0.280271,0.463936,9.784999
270.800000,-0.280270,0.463936,9.784999
270.830000,-0.280270,0.463936,9.784999
270.865000,-0.280270,0.463936,9.784999
270.895000,-0.280270,0.463936,9.784999
270.930000,-0.280270,0.463937,9.784999
270.965000,-0.280270,0.463937,9.784999
270.995000,-0.280270,0.463937,9.784999
271.030000,-0.280270,0.463937,9.784999
271.060000,-0.280270,0.463937,9.784999
271.095000,-0.280270,0.463937,9.784999
271.130000,-0.280269,0.463937,9.784999
271.160000,-0.280269,0.463937,9.784999
271.195000,-0.280269,0.463937,9.784999
271.225000,-0.280269,0.463937,9.784999
271.260000,-0.280269,0.463937,9.784999
271.295000,-0.280269,0.463937,9.784999
271.325000,-0.280269,0.463937,9.784999
271.360000,-0.280269,0.463937,9.784999
271.390000,-0.280269,0.463937,9.784999
271.425000,-0.280269,0.463937,9.784999
271.460000,-0.280268,0.463937,9.784999
271.490000,-0.280268,0.463937,9.784999
271.525000,-0.280268,0.463937,9.784999
271.555000,-0.280268,0.463937,9.784999
271.590000,-0.280268,0.463937,9.784999
271.625000,-0.280268,0.463937,9.784999
271.655000,-0.280268,0.463937,9.784999
271.690000,-0.280268,0.463938,9.784999
271.720000,-0.280268,0.463938,9.784999
271.755000,-0.280268,0.463938,9.784999
271.790000,-0.280267,0.463938,9.784999
271.820000,-0.280267,0.463938,9.784999
271.855000,-0.280267,0.463938,9.784999
271.885000,-0.280267,0.463938,9.784999
271.920000,-0.280267,0.463938,9.784999
271.955000,-0.280267,0.463938,9.784999
271.985000,-0.280267,0.463938,9.784999
272.020000,-0.280267,0.463938,9.784999
272.050000,-0.280267,0.463938,9.784999
272.085000,-0.280266,0.463938,9.784999
272.120000,-0.280266,0.463938,9.784999
272.150000,-0.280266,0.463938,9.784999
272.185000,-0.280266,0.463938,9.784999
272.215000,-0.280266,0.463938,9.784999
272.250000,-0.280266,0.463938,9.784999
272.285000,-0.280266,0.463938,9.784999
272.315000,-0.280266,0.463938,9.784999
272.350000,-0.280266,0.463938,9.784999
272.380000,-0.280266,0.463938,9.784999
272.415000,-0.280265,0.463938,9.784999
272.450000,-0.280268,0.463947,9.784994
272.480000,-0.280268,0.463946,9.784994
272.515000,-0.280267,0.463946,9.784995
272.545000,-0.280267,0.463945,9.784995
272.580000,-0.280267,0.463945,9.784995
272.615000,-0.280266,0.463944,9.784996
272.645000,-0.280266,0.463944,9.784996
272.680000,-0.280266,0.463944,9.784996
272.710000,-0.280266,0.463944,9.784996
272.745000,-0.280265,0.463943,9.784997
272.780000,-0.280265,0.463943,9.784997
272.810000,-0.280265,0.463943,9.784997
272.845000,-0.280265,0.463943,9.784997
272.875000,-0.280264,0.463942,9.784997
272.910000,-0.280275,0.463929,9.784996
272.945000,-0.280261,0.463940,9.784995
272.975000,-0.280261,0.463940,9.784995
273.010000,-0.280261,0.463940,9.784996
273.040000,-0.280261,0.463940,9.784996
273.075000,-0.280261,0.463940,9.784996
273.110000,-0.280261,0.463940,9.784996
273.140000,-0.280260,0.463940,9.784997
273.175000,-0.280260,0.463940,9.784997
273.205000,-0.280260,0.463940,9.784997
273.240000,-0.280260,0.463940,9.784997
273.275000,-0.280260,0.463940,9.784997
273.305000,-0.280260,0.463940,9.784997
273.340000,-0.280260,0.463940,9.784998
273.370000,-0.280260,0.463940,9.784998
273.405000,-0.280260,0.463940,9.784998
273.440000,-0.280259,0.463940,9.784998
273.470000,-0.280259,0.463940,9.784998
273.505000,-0.280259,0.463940,9.784998
273.535000,-0.280259,0.463940,9.784998
273.570000,-0.280259,0.463940,9.784998
273.605000,-0.280259,0.463940,9.784998
273.635000,-0.280259,0.463940,9.784998
273.670000,-0.280259,0.463940,9.784998
273.700000,-0.280259,0.463940,9.784999
273.735000,-0.280259,0.463940,9.784999
273.770000,-0.280258,0.463940,9.784999
273.800000,-0.280258,0.463940,9.784999
273.835000,-0.280258,0.463940,9.784999
273.865000,-0.280258,0.463940,9.784999
273.900000,-0.280258,0.463940,9.784999
273.935000,-0.280258,0.463940,9.784999
273.965000,-0.280258,0.463940,9.784999
274.000000,-0.280258,0.463940,9.784999
274.030000,-0.280258,0.463940,9.784999
274.065000,-0.280258,0.463940,9.784999
274.100000,-0.280257,0.463940,9.784999
274.130000,-0.280257,0.463940,9.784999
274.165000,-0.280257,0.463940,9.784999
274.195000,-0.280257,0.463940,9.784999
274.230000,-0.280257,0.463941,9.784999
274.265000,-0.280257,0.463941,9.784999
274.295000,-0.280257,0.463941,9.784999
274.330000,-0.280257,0.463941,9.784999
274.360000,-0.280257,0.463941,9.784999
274.395000,-0.280257,0.463941,9.784999
274.430000,-0.280256,0.463941,9.784999
274.460000,-0.280256,0.463941,9.784999
274.495000,-0.280256,0.463941,9.784999
274.525000,-0.280256,0.463941,9.784999
274.560000,-0.280256,0.463941,9.784999
274.595000,-0.280256,0.463941,9.784999
274.625000,-0.280256,0.463941,9.784999
274.660000,-0.280256,0.463941,9.784999
274.690000,-0.280256,0.463941,9.784999
274.725000,-0.280255,0.463941,9.784999
274.760000,-0.280255,0.463941,9.784999
274.790000,-0.280255,0.463941,9.784999
274.825000,-0.280255,0.463941,9.784999
274.855000,-0.280255,0.463941,9.784999
274.890000,-0.280255,0.463941,9.784999
274.925000,-0.280255,0.463941,9.784999
274.955000,-0.280255,0.463941,9.784999
274.990000,-0.280255,0.463941,9.784999
275.020000,-0.280255,0.463941,9.784999
275.055000,-0.280254,0.463942,9.784999
275.090000,-0.280254,0.463942,9.784999
275.120000,-0.280254,0.463942,9.784999
275.155000,-0.280254,0.463942,9.784999
275.185000,-0.280254,0.463942,9.784999
275.220000,-0.280254,0.463942,9.784999
275.255000,-0.280254,0.463942,9.784999
275.285000,-0.280254,0.463942,9.784999
275.320000,-0.280254,0.463942,9.784999
275.350000,-0.280254,0.463942,9.784999
275.385000,-0.280253,0.463942,9.785000
275.420000,-0.280253,0.463942,9.785000
275.450000,-0.280253,0.463942,9.785000
275.485000,-0.280253,0.463942,9.785000
275.515000,-0.280253,0.463942,9.785000
275.550000,-0.280253,0.463942,9.785000
275.585000,-0.280253,0.463942,9.785000
275.615000,-0.280253,0.463942,9.785000
275.650000,-0.280253,0.463942,9.785000
275.680000,-0.280253,0.463942,9.785000
275.715000,-0.280252,0.463942,9.785000
275.750000,-0.280252,0.463942,9.785000
275.780000,-0.280252,0.463942,9.785000
275.815000,-0.280252,0.463943,9.785000
275.845000,-0.280252,0.463943,9.785000
275.880000,-0.280252,0.463943,9.785000
275.915000,-0.280252,0.463943,9.785000
275.945000,-0.280252,0.463943,9.785000
275.980000,-0.280252,0.463943,9.785000
276.010000,-0.280252,0.463943,9.785000
276.045000,-0.280251,0.463943,9.785000
276.080000,-0.280251,0.463943,9.785000
276.110000,-0.280251,0.463943,9.785000
276.145000,-0.280251,0.463943,9.785000
276.175000,-0.280251,0.463943,9.785000
276.210000,-0.280251,0.463943,9.785000
276.245000,-0.280251,0.463943,9.785000
276.275000,-0.280251,0.463943,9.785000
276.310000,-0.280251,0.463943,9.785000
276.340000,-0.280251,0.463943,9.785000
276.375000,-0.280250,0.463943,9.785000
276.410000,-0.280250,0.463943,9.785000
276.440000,-0.280250,0.463943,9.785000
276.475000,-0.280250,0.463943,9.785000
276.505000,-0.280250,0.463943,9.785000
276.540000,-0.280250,0.463943,9.785000
276.575000,-0.280250,0.463944,9.785000
276.605000,-0.280250,0.463944,9.785000
276.640000,-0.280250,0.463944,9.785000
276.670000,-0.280249,0.463944,9.785000
276.705000,-0.280249,0.463944,9.785000
276.740000,-0.280249,0.463944,9.785000
276.770000,-0.280249,0.463944,9.785000
276.805000,-0.280249,0.463944,9.785000
276.835000,-0.280249,0.463944,9.785000
276.870000,-0.280249,0.463944,9.785000
276.905000,-0.280249,0.463944,9.785000
276.935000,-0.280249,0.463944,9.785000
276.970000,-0.280249,0.463944,9.785000
277.000000,-0.280248,0.463944,9.785000
277.035000,-0.280248,0.463944,9.785000
277.070000,-0.280248,0.463944,9.785000
277.100000,-0.280248,0.463944,9.785000
277.135000,-0.280248,0.463944,9.785000
277.165000,-0.280248,0.463944,9.785000
277.200000,-0.280248,0.463944,9.785000
277.235000,-0.280248,0.463944,9.785000
277.265000,-0.280248,0.463944,9.785000
277.300000,-0.280248,0.463944,9.785000
277.330000,-0.280247,0.463945,9.785000
277.365000,-0.280247,0.463945,9.785000
277.400000,-0.280247,0.463945,9.785000
277.430000,-0.280247,0.463945,9.785000
277.465000,-0.280247,0.463945,9.785000
277.495000,-0.280247,0.463945,9.785000
277.530000,-0.280247,0.463945,9.785000
277.565000,-0.280247,0.463945,9.785000
277.595000,-0.280247,0.463945,9.785000
277.630000,-0.280247,0.463945,9.785000
277.660000,-0.280246,0.463945,9.785000
277.695000,-0.280246,0.463945,9.785000
277.730000,-0.280246,0.463945,9.785000
277.760000,-0.280246,0.463945,9.785000
277.795000,-0.280246,0.463945,9.785000
277.825000,-0.280246,0.463945,9.785000
277.860000,-0.280246,0.463945,9.785000
277.895000,-0.280246,0.463945,9.785000
277.925000,-0.280246,0.463945,9.785000
277.960000,-0.280245,0.463945,9.785000
277.990000,-0.280245,0.463945,9.785000
278.025000,-0.280245,0.463945,9.785000
278.060000,-0.280245,0.463945,9.785000
278.090000,-0.280245,0.463946,9.785000
278.125000,-0.280245,0.463946,9.785000
278.155000,-0.280245,0.463946,9.785000
278.190000,-0.280245,0.463946,9.785000
278.225000,-0.280245,0.463946,9.785000
278.255000,-0.280245,0.463946,9.785000
278.290000,-0.280244,0.463946,9.785000
278.320000,-0.280244,0.463946,9.785000
278.355000,-0.280244,0.463946,9.785000
278.390000,-0.280244,0.463946,9.785000
278.420000,-0.280244,0.463946,9.785000
278.455000,-0.280244,0.463946,9.785000
278.485000,-0.280244,0.463946,9.785000
278.520000,-0.280244,0.463946,9.785000
278.555000,-0.280244,0.463946,9.785000
278.585000,-0.280244,0.463946,9.785000
278.620000,-0.280243,0.463946,9.785000
278.650000,-0.280243,0.463946,9.785000
278.685000,-0.280243,0.463946,9.785000
278.720000,-0.280243,0.463946,9.785000
278.750000,-0.280243,0.463946,9.785000
278.785000,-0.280243,0.463946,9.785000
278.815000,-0.280243,0.463946,9.785000
278.850000,-0.280243,0.463947,9.785000
278.885000,-0.280243,0.463947,9.785000
278.915000,-0.280243,0.463947,9.785000
278.950000,-0.280242,0.463947,9.785000
278.980000,-0.280242,0.463947,9.785000
279.015000,-0.280242,0.463947,9.785000
279.050000,-0.280242,0.463947,9.785000
279.080000,-0.280242,0.463947,9.785000
279.115000,-0.280242,0.463947,9.785000
279.145000,-0.280242,0.463947,9.785000
279.180000,-0.280242,0.463947,9.785000
279.215000,-0.280242,0.463947,9.785000
279.245000,-0.280242,0.463947,9.785000
279.280000,-0.280241,0.463947,9.785000
279.310000,-0.280241,0.463947,9.785000
279.345000,-0.280241,0.463947,9.785000
279.380000,-0.280241,0.463947,9.785000
279.410000,-0.280241,0.463947,9.785000
279.445000,-0.280241,0.463947,9.785000
279.475000,-0.280241,0.463947,9.785000
279.510000,-0.280241,0.463947,9.785000
279.545000,-0.280241,0.463947,9.785000
279.575000,-0.280241,0.463947,9.785000
279.610000,-0.280240,0.463948,9.785000
279.640000,-0.280240,0.463948,9.785000
279.675000,-0.280240,0.463948,9.785000
279.710000,-0.280240,0.463948,9.785000
279.740000,-0.280240,0.463948,9.785000
279.775000,-0.280240,0.463948,9.785000
279.805000,-0.280240,0.463948,9.785000
279.840000,-0.280240,0.463948,9.785000
279.875000,-0.280240,0.463948,9.785000
279.905000,-0.280239,0.463948,9.785000
279.940000,-0.280239,0.463948,9.785000
279.970000,-0.280239,0.463948,9.785000
280.005000,-0.280239,0.463948,9.785000
280.040000,-0.280239,0.463948,9.785000
280.070000,-0.280239,0.463948,9.785000
280.105000,-0.280239,0.463948,9.785000
280.135000,-0.280239,0.463948,9.785000
280.170000,-0.280239,0.463948,9.785000
280.205000,-0.280239,0.463948,9.785000
280.235000,-0.280238,0.463948,9.785000
280.270000,-0.280238,0.463948,9.785000
280.300000,-0.280238,0.463948,9.785000
280.335000,-0.280238,0.463948,9.785000
280.370000,-0.280238,0.463949,9.785000
280.400000,-0.280238,0.463949,9.785000
280.435000,-0.280238,0.463949,9.785000
280.465000,-0.280238,0.463949,9.785000
280.500000,-0.280238,0.463949,9.785000
280.535000,-0.280238,0.463949,9.785000
280.565000,-0.280237,0.463949,9.785000
280.600000,-0.280237,0.463949,9.785000
280.630000,-0.280237,0.463949,9.785000
280.665000,-0.280237,0.463949,9.785000
280.700000,-0.280237,0.463949,9.785000
280.730000,-0.280237,0.463949,9.785000
280.765000,-0.280237,0.463949,9.785000
280.795000,-0.280237,0.463949,9.785000
280.830000,-0.280237,0.463949,9.785000
280.865000,-0.280237,0.463949,9.785000
280.895000,-0.280236,0.463949,9.785000
280.930000,-0.280236,0.463949,9.785000
280.960000,-0.280236,0.463949,9.785000
280.995000,-0.280236,0.463949,9.785000
281.030000,-0.280236,0.463949,9.785000
281.060000,-0.280236,0.463949,9.785000
281.095000,-0.280236,0.463949,9.785000
281.125000,-0.280236,0.463949,9.785000
281.160000,-0.280236,0.463950,9.785000
281.195000,-0.280235,0.463950,9.785000
281.225000,-0.280235,0.463950,9.785000
281.260000,-0.280235,0.463950,9.785000
281.290000,-0.280235,0.463950,9.785000
281.325000,-0.280235,0.463950,9.785000
281.360000,-0.280235,0.463950,9.785000
281.390000,-0.280235,0.463950,9.785000
281.425000,-0.280235,0.463950,9.785000
281.455000,-0.280235,0.463950,9.785000
281.490000,-0.280235,0.463950,9.785000
281.525000,-0.280234,0.463950,9.785000
281.555000,-0.280234,0.463950,9.785000
281.590000,-0.280234,0.463950,9.785000
281.620000,-0.280234,0.463950,9.785000
281.655000,-0.280234,0.463950,9.785000
281.690000,-0.280234,0.463950,9.785000
281.720000,-0.280234,0.463950,9.785000
281.755000,-0.280234,0.463950,9.785000
281.785000,-0.280234,0.463950,9.785000
281.820000,-0.280234,0.463950,9.785000
281.855000,-0.280233,0.463950,9.785000
281.885000,-0.280233,0.463950,9.785000
281.920000,-0.280233,0.463951,9.785000
281.950000,-0.280233,0.463951,9.785000
281.985000,-0.280233,0.463951,9.785000
282.020000,-0.280233,0.463951,9.785000
282.050000,-0.280233,0.463951,9.785000
282.085000,-0.280233,0.463951,9.785000
282.115000,-0.280233,0.463951,9.785000
282.150000,-0.280233,0.463951,9.785000
282.185000,-0.280232,0.463951,9.785000
282.215000,-0.280232,0.463951,9.785000
282.250000,-0.280232,0.463951,9.785000
282.280000,-0.280232,0.463951,9.785000
282.315000,-0.280232,0.463951,9.785000
282.350000,-0.280232,0.463951,9.785000
282.380000,-0.280232,0.463951,9.785000
282.415000,-0.280232,0.463951,9.785000
282.445000,-0.280232,0.463951,9.785000
282.480000,-0.280232,0.463951,9.785000
282.515000,-0.280231,0.463951,9.785000
282.545000,-0.280231,0.463951,9.785000
282.580000,-0.280231,0.463951,9.785000
282.610000,-0.280231,0.463951,9.785000
282.645000,-0.280231,0.463951,9.785000
282.680000,-0.280231,0.463952,9.785000
282.710000,-0.280231,0.463952,9.785000
282.745000,-0.280231,0.463952,9.785000
282.775000,-0.280231,0.463952,9.785000
282.810000,-0.280231,0.463952,9.785000
282.845000,-0.280230,0.463952,9.785000
282.875000,-0.280230,0.463952,9.785000
282.910000,-0.280230,0.463952,9.785000
282.940000,-0.280230,0.463952,9.785000
282.975000,-0.280230,0.463952,9.785000
283.010000,-0.280230,0.463952,9.785000
283.040000,-0.280230,0.463952,9.785000
283.075000,-0.280230,0.463952,9.785000
283.105000,-0.280230,0.463952,9.785000
283.140000,-0.280229,0.463952,9.785000
283.175000,-0.280229,0.463952,9.785000
283.205000,-0.280229,0.463952,9.785000
283.240000,-0.280229,0.463952,9.785000
283.270000,-0.280229,0.463952,9.785000
283.305000,-0.280229,0.463952,9.785000
283.340000,-0.280229,0.463952,9.785000
283.370000,-0.280229,0.463952,9.785000
283.405000,-0.280229,0.463952,9.785000
283.435000,-0.280229,0.463953,9.785000
283.470000,-0.280228,0.463953,9.785000
283.505000,-0.280228,0.463953,9.785000
283.535000,-0.280228,0.463953,9.785000
283.570000,-0.280228,0.463953,9.785000
283.600000,-0.280228,0.463953,9.785000
283.635000,-0.280228,0.463953,9.785000
283.670000,-0.280228,0.463953,9.785000
283.700000,-0.280228,0.463953,9.785000
283.735000,-0.280228,0.463953,9.785000
283.765000,-0.280228,0.463953,9.785000
283.800000,-0.280227,0.463953,9.785000
283.835000,-0.280227,0.463953,9.785000
283.865000,-0.280227,0.463953,9.785000
283.900000,-0.280227,0.463953,9.785000
283.930000,-0.280227,0.463953,9.785000
283.965000,-0.280227,0.463953,9.785000
284.000000,-0.280227,0.463953,9.785000
284.030000,-0.280227,0.463953,9.785000
284.065000,-0.280227,0.463953,9.785000
284.095000,-0.280227,0.463953,9.785000
284.130000,-0.280226,0.463953,9.785000
284.165000,-0.280226,0.463953,9.785000
284.195000,-0.280226,0.463954,9.785000
284.230000,-0.280226,0.463954,9.785000
284.260000,-0.280226,0.463954,9.785000
284.295000,-0.280226,0.463954,9.785000
284.330000,-0.280226,0.463954,9.785000
284.360000,-0.280226,0.463954,9.785000
284.395000,-0.280226,0.463954,9.785000
284.425000,-0.280226,0.463954,9.785000
284.460000,-0.280225,0.463954,9.785000
284.495000,-0.280225,0.463954,9.785000
284.525000,-0.280225,0.463954,9.785000
284.560000,-0.280225,0.463954,9.785000
284.590000,-0.280225,0.463954,9.785000
284.625000,-0.280225,0.463954,9.785000
284.660000,-0.280225,0.463954,9.785000
284.690000,-0.280225,0.463954,9.785000
284.725000,-0.280225,0.463954,9.785000
284.755000,-0.280224,0.463954,9.785000
284.790000,-0.280224,0.463954,9.785000
284.825000,-0.280224,0.463954,9.785000
284.855000,-0.280224,0.463954,9.785000
284.890000,-0.280224,0.463954,9.785000
284.920000,-0.280224,0.463954,9.785000
284.955000,-0.280224,0.463955,9.785000
284.990000,-0.280224,0.463955,9.785000
285.020000,-0.280224,0.463955,9.785000
285.055000,-0.280224,0.463955,9.785000
285.085000,-0.280223,0.463955,9.785000
285.120000,-0.280223,0.463955,9.785000
285.155000,-0.280223,0.463955,9.785000
285.185000,-0.280223,0.463955,9.785000
285.220000,-0.280223,0.463955,9.785000
285.250000,-0.280223,0.463955,9.785000
285.285000,-0.280223,0.463955,9.785000
285.320000,-0.280223,0.463955,9.785000
285.350000,-0.280223,0.463955,9.785000
285.385000,-0.280223,0.463955,9.785000
285.415000,-0.280222,0.463955,9.785000
285.450000,-0.280222,0.463955,9.785000
285.485000,-0.280222,0.463955,9.785000
285.515000,-0.280222,0.463955,9.785000
285.550000,-0.280222,0.463955,9.785000
285.580000,-0.280222,0.463955,9.785000
285.615000,-0.280222,0.463955,9.785000
285.650000,-0.280222,0.463955,9.785000
285.680000,-0.280222,0.463955,9.785000
285.715000,-0.280222,0.463956,9.785000
285.745000,-0.280221,0.463956,9.785000
285.780000,-0.280221,0.463956,9.785000
285.815000,-0.280221,0.463956,9.785000
285.845000,-0.280221,0.463956,9.785000
285.880000,-0.280221,0.463956,9.785000
285.910000,-0.280221,0.463956,9.785000
285.945000,-0.280221,0.463956,9.785000
285.980000,-0.280221,0.463956,9.785000
286.010000,-0.280221,0.463956,9.785000
286.045000,-0.280221,0.463956,9.785000
286.075000,-0.280220,0.463956,9.785000
286.110000,-0.280220,0.463956,9.785000
286.145000,-0.280220,0.463956,9.785000
286.175000,-0.280220,0.463956,9.785000
286.210000,-0.280220,0.463956,9.785000
286.240000,-0.280220,0.463956,9.785000
286.275000,-0.280220,0.463956,9.785000
286.310000,-0.280220,0.463956,9.785000
286.340000,-0.280220,0.463956,9.785000
286.375000,-0.280219,0.463956,9.785000
286.405000,-0.280219,0.463956,9.785000
286.440000,-0.280219,0.463956,9.785000
286.475000,-0.280219,0.463957,9.785000
286.505000,-0.280219,0.463957,9.785000
286.540000,-0.280219,0.463957,9.785000
286.570000,-0.280219,0.463957,9.785000
286.605000,-0.280219,0.463957,9.785000
286.640000,-0.280219,0.463957,9.785000
286.670000,-0.280219,0.463957,9.785000
286.705000,-0.280218,0.463957,9.785000
286.735000,-0.280218,0.463957,9.785000
286.770000,-0.280218,0.463957,9.785000
286.805000,-0.280218,0.463957,9.785000
286.835000,-0.280218,0.463957,9.785000
286.870000,-0.280218,0.463957,9.785000
286.900000,-0.280218,0.463957,9.785000
286.935000,-0.280218,0.463957,9.785000
286.970000,-0.280218,0.463957,9.785000
287.000000,-0.280218,0.463957,9.785000
287.035000,-0.280217,0.463957,9.785000
287.065000,-0.280217,0.463957,9.785000
287.100000,-0.280217,0.463957,9.785000
287.135000,-0.280217,0.463957,9.785000
287.165000,-0.280217,0.463957,9.785000
287.200000,-0.280217,0.463957,9.785000
287.230000,-0.280217,0.463958,9.785000
287.265000,-0.280217,0.463958,9.785000
287.300000,-0.280217,0.463958,9.785000
287.330000,-0.280217,0.463958,9.785000
287.365000,-0.280216,0.463958,9.785000
287.395000,-0.280216,0.463958,9.785000
287.430000,-0.280216,0.463958,9.785000
287.465000,-0.280216,0.463958,9.785000
287.495000,-0.280216,0.463958,9.785000
287.530000,-0.280216,0.463958,9.785000
287.560000,-0.280216,0.463958,9.785000
287.595000,-0.280216,0.463958,9.785000
287.630000,-0.280216,0.463958,9.785000
287.660000,-0.280216,0.463958,9.785000
287.695000,-0.280215,0.463958,9.785000
287.725000,-0.280215,0.463958,9.785000
287.760000,-0.280215,0.463958,9.785000
287.795000,-0.280215,0.463958,9.785000
287.825000,-0.280215,0.463958,9.785000
287.860000,-0.280215,0.463958,9.785000
287.890000,-0.280215,0.463958,9.785000
287.925000,-0.280215,0.463958,9.785000
287.960000,-0.280215,0.463958,9.785000
287.990000,-0.280214,0.463959,9.785000
288.025000,-0.280214,0.463959,9.785000
288.055000,-0.280214,0.463959,9.785000
288.090000,-0.280214,0.463959,9.785000
288.125000,-0.280214,0.463959,9.785000
288.155000,-0.280214,0.463959,9.785000
288.190000,-0.280214,0.463959,9.785000
288.220000,-0.280214,0.463959,9.785000
288.255000,-0.280214,0.463959,9.785000
288.290000,-0.280214,0.463959,9.785000
288.320000,-0.280213,0.463959,9.785000
288.355000,-0.280213,0.463959,9.785000
288.385000,-0.280213,0.463959,9.785000
288.420000,-0.280213,0.463959,9.785000
288.455000,-0.280213,0.463959,9.785000
288.485000,-0.280213,0.463959,9.785000
288.520000,-0.280213,0.463959,9.785000
288.550000,-0.280213,0.463959,9.785000
288.585000,-0.280213,0.463959,9.785000
288.620000,-0.280213,0.463959,9.785000
288.650000,-0.280212,0.463959,9.785000
288.685000,-0.280212,0.463959,9.785000
288.715000,-0.280212,0.463959,9.785000
288.750000,-0.280212,0.463960,9.785000
288.785000,-0.280212,0.463960,9.785000
288.815000,-0.280212,0.463960,9.785000
288.850000,-0.280212,0.463960,9.785000
288.880000,-0.280212,0.463960,9.785000
288.915000,-0.280212,0.463960,9.785000
288.950000,-0.280212,0.463960,9.785000
288.980000,-0.280211,0.463960,9.785000
289.015000,-0.280211,0.463960,9.785000
289.045000,-0.280211,0.463960,9.785000
289.080000,-0.280211,0.463960,9.785000
289.115000,-0.280211,0.463960,9.785000
289.145000,-0.280211,0.463960,9.785000
289.180000,-0.280211,0.463960,9.785000
289.210000,-0.280211,0.463960,9.785000
289.245000,-0.280211,0.463960,9.785000
289.280000,-0.280210,0.463960,9.785000
289.310000,-0.280210,0.463960,9.785000
289.345000,-0.280210,0.463960,9.785000
289.375000,-0.280210,0.463960,9.785000
289.410000,-0.280210,0.463960,9.785000
289.445000,-0.280210,0.463960,9.785000
289.475000,-0.280210,0.463960,9.785000
289.510000,-0.280210,0.463961,9.785000
289.540000,-0.280210,0.463961,9.785000
289.575000,-0.280210,0.463961,9.785000
289.610000,-0.280209,0.463961,9.785000
289.640000,-0.280209,0.463961,9.785000
289.675000,-0.280209,0.463961,9.785000
289.705000,-0.280209,0.463961,9.785000
289.740000,-0.280209,0.463961,9.785000
289.775000,-0.280209,0.463961,9.785000
289.805000,-0.280209,0.463961,9.785000
289.840000,-0.280209,0.463961,9.785000
289.870000,-0.280209,0.463961,9.785000
289.905000,-0.280209,0.463961,9.785000
289.940000,-0.280208,0.463961,9.785000
289.970000,-0.280208,0.463961,9.785000
290.005000,-0.280208,0.463961,9.785000
290.035000,-0.280208,0.463961,9.785000
290.070000,-0.280208,0.463961,9.785000
290.105000,-0.280208,0.463961,9.785000
290.135000,-0.280208,0.463961,9.785000
290.170000,-0.280208,0.463961,9.785000
290.200000,-0.280208,0.463961,9.785000
290.235000,-0.280208,0.463961,9.785000
290.270000,-0.280207,0.463962,9.785000
290.300000,-0.280207,0.463962,9.785000
290.335000,-0.280207,0.463962,9.785000
290.365000,-0.280207,0.463962,9.785000
290.400000,-0.280207,0.463962,9.785000
290.435000,-0.280207,0.463962,9.785000
290.465000,-0.280207,0.463962,9.785000
290.500000,-0.280207,0.463962,9.785000
290.530000,-0.280207,0.463962,9.785000
290.565000,-0.280207,0.463962,9.785000
290.600000,-0.280206,0.463962,9.785000
290.630000,-0.280206,0.463962,9.785000
290.665000,-0.280206,0.463962,9.785000
290.695000,-0.280206,0.463962,9.785000
290.730000,-0.280206,0.463962,9.785000
290.765000,-0.280206,0.463962,9.785000
290.795000,-0.280206,0.463962,9.785000
290.830000,-0.280206,0.463962,9.785000
290.860000,-0.280206,0.463962,9.785000
290.895000,-0.280206,0.463962,9.785000
290.930000,-0.280205,0.463962,9.785000
290.960000,-0.280205,0.463962,9.785000
290.995000,-0.280205,0.463962,9.785000
291.025000,-0.280205,0.463963,9.785000
291.060000,-0.280205,0.463963,9.785000
291.095000,-0.280205,0.463963,9.785000
291.125000,-0.280205,0.463963,9.785000
291.160000,-0.280205,0.463963,9.785000
291.190000,-0.280205,0.463963,9.785000
291.225000,-0.280204,0.463963,9.785000
291.260000,-0.280204,0.463963,9.785000
291.290000,-0.280204,0.463963,9.785000
291.325000,-0.280204,0.463963,9.785000
291.355000,-0.280204,0.463963,9.785000
291.390000,-0.280204,0.463963,9.785000
291.425000,-0.280204,0.463963,9.785000
291.455000,-0.280204,0.463963,9.785000
291.490000,-0.280204,0.463963,9.785000
291.520000,-0.280204,0.463963,9.785000
291.555000,-0.280203,0.463963,9.785000
291.590000,-0.280203,0.463963,9.785000
291.620000,-0.280203,0.463963,9.785000
291.655000,-0.280203,0.463963,9.785000
291.685000,-0.280203,0.463963,9.785000
291.720000,-0.280203,0.463963,9.785000
291.755000,-0.280203,0.463963,9.785000
291.785000,-0.280203,0.463964,9.785000
291.820000,-0.280203,0.463964,9.785000
291.850000,-0.280203,0.463964,9.785000
291.885000,-0.280202,0.463964,9.785000
291.920000,-0.280202,0.463964,9.785000
291.950000,-0.280202,0.463964,9.785000
291.985000,-0.280202,0.463964,9.785000
292.015000,-0.280202,0.463964,9.785000
292.050000,-0.280202,0.463964,9.785000
292.085000,-0.280202,0.463964,9.785000
292.115000,-0.280202,0.463964,9.785000
292.150000,-0.280202,0.463964,9.785000
292.180000,-0.280202,0.463964,9.785000
292.215000,-0.280201,0.463964,9.785000
292.250000,-0.280201,0.463964,9.785000
292.280000,-0.280201,0.463964,9.785000
292.315000,-0.280201,0.463964,9.785000
292.345000,-0.280201,0.463964,9.785000
292.380000,-0.280201,0.463964,9.785000
292.415000,-0.280201,0.463964,9.785000
292.445000,-0.280201,0.463964,9.785000
292.480000,-0.280201,0.463964,9.785000
292.510000,-0.280201,0.463964,9.785000
292.545000,-0.280200,0.463965,9.785000
292.580000,-0.280200,0.463965,9.785000
292.610000,-0.280200,0.463965,9.785000
292.645000,-0.280200,0.463965,9.785000
292.675000,-0.280200,0.463965,9.785000
292.710000,-0.280200,0.463965,9.785000
292.745000,0.060611,-0.117425,9.718659
292.775000,1.320940,0.781560,2.952920
292.810000,0.343036,-2.750911,7.302581
292.840000,2.092009,-0.279346,4.254188
292.875000,8.819912,5.302691,17.111695
292.910000,0.061954,-0.122343,8.991577
292.940000,0.057595,-0.169134,8.980138
292.975000,0.707749,2.689774,7.840319
293.005000,-0.261557,0.472056,8.998935
293.040000,0.084656,-0.171458,8.992266
293.075000,-0.078940,-0.207018,9.050205
293.105000,0.092319,-0.104728,9.014183
293.140000,0.119102,-0.204565,9.002228
293.170000,-9.431562,-6.271286,23.544625
293.205000,-2.207611,3.607308,9.132465
293.240000,-2.176520,0.282998,4.500580
293.270000,-6.220051,2.110227,9.670604
293.305000,-1.680914,1.565665,9.116443
293.335000,-5.076094,-1.485730,9.737998
293.370000,-4.057634,-0.871609,9.690198
293.405000,-1.719703,1.659203,9.197882
293.435000,8.496525,4.786384,17.566375
293.470000,0.407286,-2.764778,7.463876
293.500000,0.102290,-0.106683,9.783703
293.535000,0.101752,-0.105721,9.782682
293.570000,-1.715654,1.666437,9.197156
293.600000,-0.205664,1.525531,7.038795
293.635000,0.163006,-0.195051,9.775851
293.665000,0.114103,-0.127170,9.783123
293.700000,-0.739548,3.951125,10.814184
293.735000,-0.220261,0.466389,9.786147
293.765000,-0.220253,0.466381,9.786164
293.800000,-0.220259,0.466390,9.786180
293.830000,-0.220263,0.466395,9.786194
293.865000,-0.220268,0.466400,9.786209
293.900000,-0.220273,0.466407,9.786222
293.930000,-0.220264,0.466400,9.786234
293.965000,-0.220249,0.466434,9.786243
293.995000,-0.220272,0.466409,9.786256
294.030000,-0.220286,0.466348,9.786278
294.065000,-0.220279,0.466417,9.786277
294.095000,-0.220282,0.466423,9.786284
294.130000,-0.220285,0.466426,9.786293
294.160000,-0.220287,0.466430,9.786300
294.195000,-0.220290,0.466433,9.786307
294.230000,-0.220293,0.466436,9.786314
294.260000,-0.220295,0.466439,9.786320
294.295000,-0.220297,0.466441,9.786326
294.325000,-0.220299,0.466444,9.786331
294.360000,-0.220301,0.466446,9.786337
294.395000,-0.220302,0.466448,9.786342
294.425000,-0.220304,0.466450,9.786346
294.460000,-0.220305,0.466452,9.786350
294.490000,-0.220306,0.466454,9.786354
294.525000,-0.220308,0.466455,9.786358
294.560000,-0.220309,0.466457,9.786362
294.590000,-0.220310,0.466458,9.786365
294.625000,-0.220311,0.466460,9.786368
294.655000,-0.220312,0.466461,9.786370
294.690000,-0.220313,0.466462,9.786373
294.725000,-0.220314,0.466463,9.786376
294.755000,-0.220314,0.466464,9.786378
294.790000,-0.220315,0.466465,9.786380
294.820000,-0.220321,0.466458,9.786383
294.855000,-0.220316,0.466467,9.786384
294.890000,-0.220317,0.466468,9.786386
294.920000,-0.220321,0.466462,9.786388
294.955000,-0.220318,0.466469,9.786389
294.985000,-0.220318,0.466469,9.786390
295.020000,-0.220322,0.466465,9.786392
295.055000,-0.220319,0.466471,9.786393
295.085000,-0.220319,0.466471,9.786394
295.120000,-0.220322,0.466467,9.786396
295.150000,-0.220320,0.466472,9.786396
295.185000,-0.220320,0.466472,9.786397
295.220000,-0.220322,0.466469,9.786399
295.250000,-0.220320,0.466473,9.786399
295.285000,-0.220320,0.466473,9.786400
295.315000,-0.220319,0.466476,9.786400
295.350000,-0.220321,0.466474,9.786402
295.385000,-0.220321,0.466474,9.786402
295.415000,-0.220319,0.466476,9.786403
295.450000,-0.220321,0.466474,9.786403
295.480000,-0.220321,0.466474,9.786404
295.515000,-0.220320,0.466476,9.786404
295.550000,-0.220321,0.466475,9.786405
295.580000,-0.220321,0.466475,9.786405
295.615000,-0.220320,0.466476,9.786406
295.645000,-0.220321,0.466475,9.786406
295.680000,-0.220321,0.466475,9.786407
295.715000,-0.220320,0.466476,9.786407
295.745000,-0.220321,0.466475,9.786407
295.780000,-0.220321,0.466475,9.786408
295.810000,-0.220321,0.466475,9.786408
295.845000,-0.220321,0.466475,9.786408
295.880000,-0.220321,0.466475,9.786408
295.910000,-0.220321,0.466475,9.786409
295.945000,-0.220321,0.466475,9.786409
295.975000,-0.220321,0.466475,9.786409
296.010000,-0.220321,0.466476,9.786409
296.045000,-0.220321,0.466476,9.786409
296.075000,-0.220321,0.466475,9.786410
296.110000,-0.220320,0.466475,9.786410
296.140000,-0.220320,0.466475,9.786410
296.175000,-0.220320,0.466475,9.786410
296.210000,-0.220320,0.466475,9.786410
296.240000,-0.220320,0.466475,9.786410
296.275000,-0.220320,0.466475,9.786410
296.305000,-0.220320,0.466475,9.786410
296.340000,-0.220320,0.466475,9.786411
296.375000,-0.220320,0.466475,9.786411
296.405000,-0.220320,0.466475,9.786411
296.440000,-0.220320,0.466475,9.786411
296.470000,-0.220320,0.466475,9.786411
296.505000,-0.220319,0.466475,9.786411
296.540000,-0.220319,0.466475,9.786411
296.570000,-0.220319,0.466475,9.786411
296.605000,-0.220319,0.466475,9.786411
296.635000,-0.220319,0.466475,9.786411
296.670000,-0.220319,0.466475,9.786411
296.705000,-0.220319,0.466475,9.786411
296.735000,-0.220319,0.466475,9.786411
296.770000,-0.220318,0.466474,9.786411
296.800000,-0.220318,0.466475,9.786412
296.835000,-0.220318,0.466474,9.786412
296.870000,-0.220318,0.466474,9.786412
296.900000,-0.220318,0.466474,9.786412
296.935000,-0.220318,0.466474,9.786412
296.965000,-0.220318,0.466474,9.786412
297.000000,-0.220318,0.466474,9.786412
297.035000,-0.220317,0.466474,9.786412
297.065000,-0.220317,0.466474,9.786412
297.100000,-0.220317,0.466474,9.786412
297.130000,-0.220317,0.466474,9.786412
297.165000,-0.220317,0.466474,9.786412
297.200000,-0.220317,0.466474,9.786412
297.230000,-0.220317,0.466474,9.786412
297.265000,-0.220316,0.466474,9.786412
297.295000,-0.220316,0.466474,9.786412
297.330000,-0.220316,0.466473,9.786412
297.365000,-0.220316,0.466473,9.786412
297.395000,-0.220316,0.466473,9.786412
297.430000,-0.220316,0.466473,9.786412
297.460000,-0.220316,0.466473,9.786412
297.495000,-0.220316,0.466473,9.786412
297.530000,-0.220315,0.466473,9.786412
297.560000,-0.220315,0.466473,9.786412
297.595000,-0.220315,0.466473,9.786412
297.625000,-0.220315,0.466473,9.786412
297.660000,-0.220315,0.466473,9.786412
297.695000,-0.220315,0.466473,9.786412
297.725000,-0.220315,0.466473,9.786412
297.760000,-0.220315,0.466472,9.786412
297.790000,-0.220314,0.466472,9.786412
297.825000,-0.220314,0.466472,9.786412
297.860000,-0.220314,0.466472,9.786412
297.890000,-0.220314,0.466472,9.786412
297.925000,-0.220314,0.466472,9.786412
297.955000,-0.220314,0.466472,9.786412
297.990000,-0.220314,0.466472,9.786412
298.025000,-0.220313,0.466472,9.786412
298.055000,-0.220313,0.466472,9.786412
298.090000,-0.220313,0.466472,9.786412
298.120000,-0.220313,0.466472,9.786412
298.155000,-0.220313,0.466471,9.786412
298.190000,-0.220313,0.466471,9.786412
298.220000,-0.220313,0.466471,9.786412
298.255000,-0.220313,0.466471,9.786412
298.285000,-0.220312,0.466471,9.786412
298.320000,-0.220312,0.466471,9.786412
298.355000,-0.220312,0.466471,9.786412
298.385000,-0.220312,0.466471,9.786412
298.420000,-0.220312,0.466471,9.786412
298.450000,-0.220312,0.466471,9.786412
298.485000,-0.220312,0.466471,9.786412
298.520000,-0.220311,0.466471,9.786412
298.550000,-0.220311,0.466471,9.786412
298.585000,-0.220311,0.466470,9.786412
298.615000,-0.220311,0.466470,9.786412
298.650000,-0.220311,0.466470,9.786412
298.685000,-0.220311,0.466470,9.786412
298.715000,-0.220311,0.466470,9.786412
298.750000,-0.220311,0.466470,9.786412
298.780000,-0.220310,0.466470,9.786412
298.815000,-0.220310,0.466470,9.786412
298.850000,-0.220310,0.466470,9.786412
298.880000,-0.220310,0.466470,9.786412
298.915000,-0.220310,0.466470,9.786412
298.945000,-0.220310,0.466470,9.786413
298.980000,-0.220310,0.466469,9.786413
299.015000,-0.220309,0.466469,9.786413
299.045000,-0.220309,0.466469,9.786413
299.080000,-0.220309,0.466469,9.786413
299.110000,-0.220309,0.466469,9.786413
299.145000,-0.220309,0.466469,9.786413
299.180000,-0.220309,0.466469,9.786413
299.210000,-0.220309,0.466469,9.786413
299.245000,-0.220309,0.466469,9.786413
299.275000,-0.220308,0.466469,9.786413
299.310000,-0.220308,0.466469,9.786413
299.345000,-0.220308,0.466469,9.786413
299.375000,-0.220308,0.466468,9.786413
299.410000,-0.220308,0.466468,9.786413
299.440000,-0.220308,0.466468,9.786413
299.475000,-0.220308,0.466468,9.786413
299.510000,-0.220307,0.466468,9.786413
299.540000,-0.220307,0.466468,9.786413
299.575000,-0.220307,0.466468,9.786413
299.605000,-0.220307,0.466468,9.786413
299.640000,-0.220307,0.466468,9.786413
299.675000,-0.220307,0.466468,9.786413
299.705000,-0.220307,0.466468,9.786413
299.740000,-0.220307,0.466468,9.786413
299.770000,-0.220306,0.466468,9.786413
299.805000,-0.220306,0.466467,9.786413
299.840000,-0.220306,0.466467,9.786413
299.870000,-0.220306,0.466467,9.786413
299.905000,-0.220306,0.466467,9.786413
299.935000,-0.220306,0.466467,9.786413
299.970000,-0.220306,0.466467,9.786413
300.005000,-0.220305,0.466467,9.786413
300.035000,-0.220305,0.466467,9.786413
300.070000,-0.220305,0.466467,9.786413
300.100000,-0.220305,0.466467,9.786413
300.135000,-0.220305,0.466467,9.786413
300.170000,-0.220305,0.466469,9.786412
300.200000,-0.220305,0.466466,9.786413
300.235000,-0.220304,0.466466,9.786413
300.265000,-0.220303,0.466454,9.786414
300.300000,-0.220304,0.466466,9.786413
300.335000,-0.220304,0.466466,9.786413
300.365000,-0.220302,0.466445,9.786415
300.400000,-0.220304,0.466466,9.786413
300.430000,-0.220304,0.466466,9.786413
300.465000,-0.220301,0.466438,9.786416
300.500000,-0.220303,0.466466,9.786413
300.530000,-0.220303,0.466466,9.786413
300.565000,-0.220301,0.466433,9.786416
300.595000,-0.220303,0.466465,9.786413
300.630000,-0.220303,0.466465,9.786413
300.665000,-0.220300,0.466431,9.786416
300.695000,-0.220303,0.466465,9.786413
300.730000,-0.220302,0.466465,9.786413
300.760000,-0.220302,0.466465,9.786413
300.795000,-0.220302,0.466465,9.786413
300.830000,-0.220302,0.466465,9.786413
300.860000,-0.220302,0.466465,9.786413
300.895000,-0.220302,0.466465,9.786413
300.925000,-0.220302,0.466465,9.786413
300.960000,-0.220302,0.466465,9.786413
300.995000,-0.220301,0.466465,9.786413
301.025000,-0.220301,0.466464,9.786413
301.060000,-0.220301,0.466464,9.786413
301.090000,-0.220301,0.466464,9.786413
301.125000,-0.220301,0.466464,9.786413
301.160000,-0.220301,0.466464,9.786413
301.190000,-0.220301,0.466464,9.786413
301.225000,-0.220300,0.466464,9.786413
301.255000,-0.220300,0.466464,9.786413
301.290000,-0.220300,0.466464,9.786413
301.325000,-0.220300,0.466464,9.786413
301.355000,-0.220300,0.466464,9.786413
301.390000,-0.220300,0.466464,9.786413
301.420000,-0.220300,0.466471,9.786412
301.455000,-0.220300,0.466463,9.786413
301.490000,-0.220299,0.466463,9.786413
301.520000,-0.220300,0.466469,9.786412
301.555000,-0.220299,0.466463,9.786413
301.585000,-0.220299,0.466463,9.786413
301.620000,-0.220299,0.466468,9.786413
301.655000,-0.220299,0.466463,9.786413
301.685000,-0.220299,0.466463,9.786413
301.720000,-0.220299,0.466467,9.786413
301.750000,-0.220298,0.466463,9.786413
301.785000,-0.220298,0.466463,9.786413
301.820000,-0.220298,0.466466,9.786413
301.850000,-0.220298,0.466462,9.786413
301.885000,-0.220298,0.466462,9.786413
301.915000,-0.220297,0.466460,9.786413
301.950000,-0.220298,0.466462,9.786413
301.985000,-0.220297,0.466462,9.786413
302.015000,-0.220297,0.466460,9.786413
302.050000,-0.220297,0.466462,9.786413
302.080000,-0.220297,0.466462,9.786413
302.115000,-0.220297,0.466460,9.786413
302.150000,-0.220297,0.466462,9.786413
302.180000,-0.220297,0.466462,9.786413
302.215000,-0.219166,0.466513,9.786365
302.245000,-0.220296,0.466461,9.786413
302.280000,-0.220296,0.466461,9.786413
302.315000,-0.220296,0.466456,9.786414
302.345000,-0.220296,0.466461,9.786413
302.380000,-0.220296,0.466461,9.786413
302.410000,-0.220296,0.466461,9.786413
302.445000,-0.220296,0.466461,9.786413
302.480000,-0.220295,0.466461,9.786413
302.510000,-0.220295,0.466461,9.786413
302.545000,-0.220295,0.466461,9.786413
302.575000,-0.220295,0.466461,9.786413
302.610000,-0.220295,0.466461,9.786413
302.645000,-0.220295,0.466460,9.786413
302.675000,-0.220295,0.466460,9.786413
302.710000,-0.220294,0.466460,9.786413
302.740000,-0.220294,0.466460,9.786413
302.775000,-0.220294,0.466460,9.786413
302.810000,-0.220294,0.466460,9.786413
302.840000,-0.220294,0.466460,9.786413
302.875000,-0.220294,0.466460,9.786413
302.905000,-0.220294,0.466460,9.786413
302.940000,-0.220294,0.466460,9.786413
302.975000,-0.220293,0.466460,9.786413
303.005000,-0.220293,0.466460,9.786413
303.040000,-0.220293,0.466460,9.786413
303.070000,-0.220293,0.466461,9.786413
303.105000,-0.220293,0.466459,9.786413
303.140000,-0.220293,0.466459,9.786413
303.170000,-0.220293,0.466460,9.786413
303.205000,-0.220292,0.466459,9.786413
303.235000,-0.220292,0.466459,9.786413
303.270000,-0.220292,0.466460,9.786413
303.305000,-0.220292,0.466459,9.786413
303.335000,-0.220292,0.466459,9.786413
303.370000,-0.220292,0.466459,9.786413
303.400000,-0.220292,0.466459,9.786413
303.435000,-0.220291,0.466459,9.786413
303.470000,-0.220291,0.466459,9.786413
303.500000,-0.220291,0.466458,9.786413
303.535000,-0.220291,0.466458,9.786413
303.565000,-0.220291,0.466458,9.786414
303.600000,-0.220291,0.466458,9.786413
303.635000,-0.220291,0.466458,9.786413
303.665000,-0.220291,0.466458,9.786414
303.700000,-0.220290,0.466458,9.786413
303.730000,-0.220290,0.466458,9.786414
303.765000,-0.220290,0.466457,9.786414
303.800000,-0.220290,0.466458,9.786414
303.830000,-0.220290,0.466458,9.786414
303.865000,-0.220290,0.466457,9.786414
303.895000,-0.220290,0.466457,9.786414
303.930000,-0.220289,0.466457,9.786414
303.965000,-0.220289,0.466457,9.786414
303.995000,-0.220289,0.466457,9.786414
304.030000,-0.220289,0.466457,9.786414
304.060000,-0.220289,0.466457,9.786414
304.095000,-0.220289,0.466457,9.786414
304.130000,-0.220289,0.466457,9.786414
304.160000,-0.220289,0.466457,9.786414
304.195000,-0.220288,0.466457,9.786414
304.225000,-0.220288,0.466457,9.786414
304.260000,-0.220288,0.466457,9.786414
304.295000,-0.220288,0.466456,9.786414
304.325000,-0.220288,0.466456,9.786414
304.360000,-0.220288,0.466456,9.786414
304.390000,-0.220288,0.466456,9.786414
304.425000,-0.220287,0.466456,9.786414
304.460000,-0.220287,0.466456,9.786414
304.490000,-0.220287,0.466456,9.786414
304.525000,-0.220287,0.466456,9.786414
304.555000,-0.220287,0.466456,9.786414
304.590000,-0.220287,0.466456,9.786414
304.625000,-0.220287,0.466456,9.786414
304.655000,-0.220287,0.466456,9.786414
304.690000,-0.220286,0.466455,9.786414
304.720000,-0.220286,0.466455,9.786414
304.755000,-0.220286,0.466455,9.786414
304.790000,-0.220286,0.466455,9.786414
304.820000,-0.220286,0.466455,9.786414
304.855000,-0.220286,0.466455,9.786414
304.885000,-0.220286,0.466455,9.786414
304.920000,-0.220285,0.466455,9.786414
304.955000,-0.220285,0.466455,9.786414
304.985000,-0.220285,0.466455,9.786414
305.020000,-0.220285,0.466455,9.786414
305.050000,-0.220285,0.466455,9.786414
305.085000,-0.220285,0.466455,9.786414
305.120000,-0.220285,0.466454,9.786414
305.150000,-0.220285,0.466454,9.786414
305.185000,-0.220284,0.466454,9.786414
305.215000,-0.220284,0.466454,9.786414
305.250000,-0.220284,0.466454,9.786414
305.285000,-0.220284,0.466454,9.786414
305.315000,-0.220284,0.466454,9.786414
305.350000,-0.220284,0.466454,9.786414
305.380000,-0.220284,0.466454,9.786414
305.415000,-0.220283,0.466454,9.786414
305.450000,-0.220283,0.466454,9.786414
305.480000,-0.220283,0.466454,9.786414
305.515000,-0.220283,0.466453,9.786414
305.545000,-0.220283,0.466453,9.786414
305.580000,-0.220283,0.466453,9.786414
305.615000,-0.220283,0.466453,9.786414
305.645000,-0.220283,0.466453,9.786414
305.680000,-0.220282,0.466453,9.786414
305.710000,-0.220282,0.466453,9.786414
305.745000,-0.220282,0.466453,9.786414
305.780000,-0.220282,0.466453,9.786414
305.810000,-0.220282,0.466453,9.786414
305.845000,-0.220282,0.466453,9.786414
305.875000,-0.220282,0.466453,9.786414
305.910000,-0.220281,0.466452,9.786414
305.945000,-0.220281,0.466452,9.786414
305.975000,-0.220281,0.466452,9.786414
306.010000,-0.220281,0.466452,9.786414
306.040000,-0.220281,0.466452,9.786414
306.075000,-0.220281,0.466452,9.786414
306.110000,-0.220281,0.466452,9.786414
306.140000,-0.220280,0.466452,9.786414
306.175000,-0.220280,0.466452,9.786414
306.205000,-0.220280,0.466452,9.786414
306.240000,-0.220280,0.466452,9.786414
306.275000,-0.220280,0.466452,9.786414
306.305000,-0.220280,0.466452,9.786414
306.340000,-0.220280,0.466451,9.786414
306.370000,-0.220280,0.466451,9.786414
306.405000,-0.220279,0.466451,9.786414
306.440000,-0.220279,0.466451,9.786414
306.470000,-0.220279,0.466451,9.786414
306.505000,-0.220279,0.466451,9.786414
306.535000,-0.220279,0.466451,9.786414
306.570000,-0.220279,0.466451,9.786414
306.605000,-0.220279,0.466451,9.786414
306.635000,-0.220278,0.466451,9.786414
306.670000,-0.220278,0.466451,9.786414
306.700000,-0.220278,0.466451,9.786414
306.735000,-0.220278,0.466450,9.786414
306.770000,-0.220278,0.466450,9.786414
306.800000,-0.220278,0.466450,9.786414
306.835000,-0.220278,0.466450,9.786414
306.865000,-0.220278,0.466450,9.786414
306.900000,-0.220277,0.466450,9.786414
306.935000,-0.220277,0.466450,9.786414
306.965000,-0.220277,0.466450,9.786414
307.000000,-0.220277,0.466450,9.786414
307.030000,-0.220277,0.466450,9.786414
307.065000,-0.220277,0.466450,9.786414
307.100000,-0.220277,0.466450,9.786414
307.130000,-0.220276,0.466449,9.786414
307.165000,-0.220276,0.466449,9.786414
307.195000,-0.220276,0.466449,9.786414
307.230000,-0.220276,0.466449,9.786414
307.265000,-0.220276,0.466449,9.786414
307.295000,-0.220276,0.466449,9.786414
307.330000,-0.220276,0.466449,9.786414
307.360000,-0.220276,0.466449,9.786414
307.395000,-0.220275,0.466449,9.786414
307.430000,-0.220275,0.466449,9.786414
307.460000,-0.220275,0.466449,9.786414
307.495000,-0.220275,0.466449,9.786414
307.525000,-0.220275,0.466449,9.786414
307.560000,-0.220275,0.466448,9.786414
307.595000,-0.220275,0.466448,9.786414
307.625000,-0.220274,0.466448,9.786414
307.660000,-0.220274,0.466448,9.786414
307.690000,-0.220274,0.466448,9.786414
307.725000,-0.220274,0.466448,9.786414
307.760000,-0.220274,0.466448,9.786414
307.790000,-0.220274,0.466448,9.786414
307.825000,-0.220274,0.466448,9.786414
307.855000,-0.220274,0.466448,9.786414
307.890000,-0.220273,0.466448,9.786414
307.925000,-0.220273,0.466448,9.786414
307.955000,-0.220273,0.466447,9.786414
307.990000,-0.220273,0.466447,9.786414
308.020000,-0.220273,0.466447,9.786414
308.055000,-0.220273,0.466447,9.786414
308.090000,-0.220273,0.466447,9.786414
308.120000,-0.220272,0.466447,9.786414
308.155000,-0.220272,0.466447,9.786414
308.185000,-0.220272,0.466447,9.786414
308.220000,-0.220272,0.466447,9.786414
308.255000,-0.220272,0.466447,9.786414
308.285000,-0.220272,0.466447,9.786414
308.320000,-0.220272,0.466447,9.786414
308.350000,-0.220271,0.466446,9.786414
308.385000,-0.220271,0.466446,9.786414
308.420000,-0.220271,0.466446,9.786414
308.450000,-0.220271,0.466446,9.786414
308.485000,-0.220271,0.466446,9.786414
308.515000,-0.220271,0.466446,9.786415
308.550000,-0.220271,0.466446,9.786415
308.585000,-0.220271,0.466446,9.786415
308.615000,-0.220270,0.466446,9.786415
308.650000,-0.220270,0.466446,9.786415
308.680000,-0.220270,0.466446,9.786415
308.715000,-0.220270,0.466446,9.786415
308.750000,-0.220270,0.466445,9.786415
308.780000,-0.220270,0.466445,9.786415
308.815000,-0.220270,0.466445,9.786415
308.845000,-0.220269,0.466445,9.786415
308.880000,-0.220269,0.466445,9.786415
308.915000,-0.220269,0.466445,9.786415
308.945000,-0.220269,0.466445,9.786415
308.980000,-0.220269,0.466445,9.786415
309.010000,-0.220269,0.466445,9.786415
309.045000,-0.220269,0.466445,9.786415
309.080000,-0.220269,0.466445,9.786415
309.110000,-0.220268,0.466445,9.786415
309.145000,-0.220268,0.466445,9.786415
309.175000,-0.220268,0.466444,9.786415
309.210000,-0.220268,0.466444,9.786415
309.245000,-0.220268,0.466444,9.786415
309.275000,-0.220268,0.466444,9.786415
309.310000,-0.220268,0.466444,9.786415
309.340000,-0.220267,0.466444,9.786415
309.375000,-0.220267,0.466444,9.786415
309.410000,-0.220267,0.466444,9.786415
309.440000,-0.220267,0.466444,9.786415
309.475000,-0.220267,0.466444,9.786415
309.505000,-0.220267,0.466444,9.786415
309.540000,-0.220267,0.466444,9.786415
309.575000,-0.220266,0.466443,9.786415
309.605000,-0.220266,0.466443,9.786415
309.640000,-0.220266,0.466443,9.786415
309.670000,-0.220266,0.466443,9.786415
309.705000,-0.220266,0.466443,9.786415
309.740000,-0.220266,0.466443,9.786415
309.770000,-0.220266,0.466443,9.786415
309.805000,-0.220266,0.466443,9.786415
309.835000,-0.220265,0.466443,9.786415
309.870000,-0.220265,0.466443,9.786415
309.905000,-0.220265,0.466443,9.786415
309.935000,-0.220265,0.466443,9.786415
309.970000,-0.220265,0.466442,9.786415
310.000000,-0.220265,0.466442,9.786415
310.035000,-0.220265,0.466442,9.786415
310.070000,-0.220264,0.466442,9.786415
310.100000,-0.220264,0.466442,9.786415
310.135000,-0.220264,0.466442,9.786415
310.165000,-0.220264,0.466442,9.786415
310.200000,-0.220264,0.466442,9.786415
310.235000,-0.220264,0.466442,9.786415
310.265000,-0.220264,0.466442,9.786415
310.300000,-0.220264,0.466442,9.786415
310.330000,-0.220263,0.466442,9.786415
310.365000,-0.220263,0.466442,9.786415
310.400000,-0.220263,0.466441,9.786415
310.430000,-0.220263,0.466441,9.786415
310.465000,-0.220263,0.466441,9.786415
310.495000,-0.220263,0.466441,9.786415
310.530000,-0.220263,0.466441,9.786415
310.565000,-0.220262,0.466441,9.786415
310.595000,-0.220262,0.466441,9.786415
310.630000,-0.220262,0.466441,9.786415
310.660000,-0.220262,0.466441,9.786415
310.695000,-0.220262,0.466441,9.786415
310.730000,-0.220262,0.466441,9.786415
310.760000,-0.220262,0.466441,9.786415
310.795000,-0.220262,0.466440,9.786415
310.825000,-0.220261,0.466440,9.786415
310.860000,-0.220261,0.466440,9.786415
310.895000,-0.220261,0.466440,9.786415
310.925000,-0.220261,0.466440,9.786415
310.960000,-0.220261,0.466440,9.786415
310.990000,-0.220261,0.466440,9.786415
311.025000,-0.220261,0.466440,9.786415
311.060000,-0.220260,0.466440,9.786415
311.090000,-0.220260,0.466440,9.786415
311.125000,-0.220260,0.466440,9.786415
311.155000,-0.220260,0.466440,9.786415
311.190000,-0.220260,0.466439,9.786415
311.225000,-0.220260,0.466439,9.786415
311.255000,-0.220260,0.466439,9.786415
311.290000,-0.220260,0.466439,9.786415
311.320000,-0.220259,0.466439,9.786415
311.355000,-0.220259,0.466439,9.786415
311.390000,-0.220259,0.466439,9.786415
311.420000,-0.220259,0.466439,9.786415
311.455000,-0.220259,0.466439,9.786415
311.485000,-0.220259,0.466439,9.786415
311.520000,-0.220259,0.466439,9.786415
311.555000,-0.220258,0.466439,9.786415
311.585000,-0.220258,0.466439,9.786415
311.620000,-0.220258,0.466438,9.786415
311.650000,-0.220258,0.466438,9.786415
311.685000,-0.220258,0.466438,9.786415
311.720000,-0.220258,0.466438,9.786415
311.750000,-0.220258,0.466438,9.786415
311.785000,-0.220257,0.466438,9.786415
311.815000,-0.220257,0.466438,9.786415
311.850000,-0.220257,0.466438,9.786415
311.885000,-0.220257,0.466438,9.786415
311.915000,-0.220257,0.466438,9.786415
311.950000,-0.220257,0.466438,9.786415
311.980000,-0.220257,0.466438,9.786415
312.015000,-0.220257,0.466437,9.786415
312.050000,-0.220256,0.466437,9.786415
312.080000,-0.220256,0.466437,9.786415
312.115000,-0.220256,0.466437,9.786415
312.145000,-0.220256,0.466437,9.786415
312.180000,-0.220256,0.466437,9.786415
312.215000,-0.220256,0.466437,9.786415
312.245000,-0.220256,0.466437,9.786415
312.280000,-0.220255,0.466437,9.786415
312.310000,-0.220255,0.466437,9.786415
312.345000,-0.220255,0.466437,9.786415
312.380000,-0.220255,0.466437,9.786415
312.410000,-0.220255,0.466436,9.786415
312.445000,-0.220255,0.466436,9.786415
312.475000,-0.220255,0.466436,9.786415
312.510000,-0.220255,0.466436,9.786415
312.545000,-0.220254,0.466436,9.786415
312.575000,-0.220254,0.466436,9.786415
312.610000,-0.220254,0.466436,9.786415
312.640000,-0.220254,0.466436,9.786415
312.675000,-0.658154,-0.667954,2.267964
312.710000,-1.722865,1.601800,9.152812
312.740000,-2.309506,0.409796,4.764411
312.775000,-5.949440,1.982554,9.146243
312.805000,-1.550150,1.538433,8.633314
312.840000,0.035390,-0.248892,9.003572
312.875000,0.091900,-0.136995,9.012836
312.905000,-2.056757,0.284605,4.247297
312.940000,0.026551,-0.262628,8.999990
312.970000,0.083000,-0.160402,9.008024
313.005000,0.016007,2.089576,5.975282
313.040000,0.057217,-0.223487,9.029555
313.070000,6.912684,3.491018,9.058516
313.105000,0.084463,-0.148470,9.389379
313.135000,0.232804,-0.142473,9.635247
313.170000,2.907135,-1.696801,5.908851
313.205000,0.083307,-0.157197,9.773193
313.235000,0.050413,-0.085187,9.786463
313.270000,0.049035,-0.083161,9.785783
313.300000,0.048537,-0.082307,9.784618
313.335000,0.047831,-0.081080,9.782552
313.370000,-0.276520,0.536899,9.760449
313.400000,-0.268750,0.467719,9.784835
313.435000,-0.268743,0.467709,9.784857
313.465000,-0.268738,0.467700,9.784874
313.500000,-0.268799,0.467608,9.784903
313.535000,-0.268726,0.467685,9.784911
313.565000,-0.268721,0.467679,9.784925
313.600000,-0.268711,0.467676,9.784940
313.630000,-0.268712,0.467666,9.784953
313.665000,-0.268695,0.467671,9.784965
313.700000,-0.268704,0.467655,9.784979
313.730000,-0.268700,0.467650,9.784989
313.765000,-0.268686,0.467654,9.784999
313.795000,-0.268694,0.467641,9.785009
313.830000,-0.268691,0.467637,9.785019
313.865000,-0.268679,0.467640,9.785027
313.895000,-0.268685,0.467630,9.785035
313.930000,-0.268683,0.467626,9.785043
313.960000,-0.268681,0.467623,9.785049
313.995000,-0.268678,0.467620,9.785056
314.030000,-0.268676,0.467617,9.785063
314.060000,-0.268675,0.467615,9.785068
314.095000,-0.268673,0.467612,9.785074
314.125000,-0.268671,0.467610,9.785078
314.160000,-0.268669,0.467608,9.785083
314.195000,-0.268668,0.467606,9.785088
314.225000,-0.268667,0.467604,9.785092
314.260000,-0.268665,0.467603,9.785096
314.290000,-0.268664,0.467601,9.785099
314.325000,-0.268663,0.467600,9.785103
314.360000,-0.268662,0.467598,9.785106
314.390000,-0.268661,0.467597,9.785109
314.425000,-0.268660,0.467596,9.785112
314.455000,-0.268659,0.467595,9.785114
314.490000,-0.268658,0.467594,9.785117
314.525000,-0.268657,0.467593,9.785119
314.555000,-0.268656,0.467592,9.785121
314.590000,-0.268656,0.467591,9.785123
314.620000,-0.268657,0.467589,9.785125
314.655000,-0.268654,0.467589,9.785127
314.690000,-0.268654,0.467589,9.785128
314.720000,-0.268655,0.467587,9.785130
314.755000,-0.268653,0.467587,9.785131
314.785000,-0.268652,0.467587,9.785132
314.820000,-0.268653,0.467585,9.785134
314.855000,-0.268651,0.467586,9.785135
314.885000,-0.268651,0.467585,9.785136
314.920000,-0.268651,0.467584,9.785137
314.950000,-0.268650,0.467585,9.785138
314.985000,-0.268649,0.467584,9.785139
315.020000,-0.268650,0.467583,9.785140
315.050000,-0.268649,0.467584,9.785141
315.085000,-0.268648,0.467583,9.785141
315.115000,-0.268647,0.467583,9.785142
315.150000,-0.268648,0.467583,9.785143
315.185000,-0.268647,0.467582,9.785143
315.215000,-0.268647,0.467583,9.785144
315.250000,-0.268647,0.467582,9.785144
315.280000,-0.268647,0.467582,9.785145
315.315000,-0.268646,0.467582,9.785145
315.350000,-0.268646,0.467582,9.785146
315.380000,-0.268646,0.467581,9.785146
315.415000,-0.268645,0.467582,9.785147
315.445000,-0.268646,0.467581,9.785147
315.480000,-0.268645,0.467581,9.785147
315.515000,-0.268645,0.467581,9.785148
315.545000,-0.268645,0.467581,9.785148
315.580000,-0.268645,0.467581,9.785148
315.610000,-0.268645,0.467581,9.785148
315.645000,-0.268644,0.467581,9.785149
315.680000,-0.268644,0.467581,9.785149
315.710000,-0.268644,0.467581,9.785149
315.745000,-0.268644,0.467581,9.785149
315.775000,-0.268644,0.467581,9.785149
315.810000,-0.268644,0.467580,9.785150
315.845000,-0.268643,0.467580,9.785150
315.875000,-0.268643,0.467580,9.785150
315.910000,-0.268643,0.467580,9.785150
315.940000,-0.268643,0.467580,9.785150
315.975000,-0.268643,0.467580,9.785150
316.010000,-0.268643,0.467580,9.785150
316.040000,-0.268643,0.467580,9.785150
316.075000,-0.268642,0.467580,9.785151
316.105000,-0.268642,0.467580,9.785151
316.140000,-0.268642,0.467580,9.785151
316.175000,-0.268642,0.467580,9.785151
316.205000,-0.268642,0.467580,9.785151
316.240000,-0.268642,0.467580,9.785151
316.270000,-0.268642,0.467580,9.785151
316.305000,-0.268642,0.467580,9.785151
316.340000,-0.268641,0.467580,9.785151
316.370000,-0.268641,0.467580,9.785151
316.405000,-0.268641,0.467580,9.785151
316.435000,-0.268641,0.467581,9.785151
316.470000,-0.268641,0.467581,9.785151
316.505000,-0.268641,0.467581,9.785151
316.535000,-0.268641,0.467581,9.785151
316.570000,-0.268641,0.467581,9.785152
316.600000,-0.268640,0.467581,9.785152
316.635000,-0.268640,0.467581,9.785152
316.670000,-0.268640,0.467581,9.785152
316.700000,-0.268640,0.467581,9.785152
316.735000,-0.268640,0.467581,9.785152
316.765000,-0.268640,0.467581,9.785152
316.800000,-0.268640,0.467581,9.785152
316.835000,-0.268640,0.467581,9.785152
316.865000,-0.268640,0.467581,9.785152
316.900000,-0.268639,0.467581,9.785152
316.930000,-0.268639,0.467581,9.785152
316.965000,-0.268639,0.467581,9.785152
317.000000,-0.268639,0.467581,9.785152
317.030000,-0.268639,0.467581,9.785152
317.065000,-0.268639,0.467581,9.785152
317.095000,-0.268639,0.467581,9.785152
317.130000,-0.268639,0.467581,9.785152
317.165000,-0.268639,0.467581,9.785152
317.195000,-0.268639,0.467581,9.785152
317.230000,-0.268638,0.467581,9.785152
317.260000,-0.268638,0.467581,9.785152
317.295000,-0.268638,0.467581,9.785152
317.330000,-0.268638,0.467581,9.785152
317.360000,-0.268638,0.467581,9.785152
317.395000,-0.268638,0.467581,9.785152
317.425000,-0.268638,0.467582,9.785152
317.460000,-0.268638,0.467582,9.785152
317.495000,-0.268638,0.467582,9.785152
317.525000,-0.268637,0.467582,9.785152
317.560000,-0.268637,0.467582,9.785152
317.590000,-0.268637,0.467582,9.785152
317.625000,-0.268637,0.467582,9.785152
317.660000,-0.268637,0.467582,9.785152
317.690000,-0.268637,0.467582,9.785152
317.725000,-0.268637,0.467582,9.785152
317.755000,-0.268637,0.467582,9.785152
317.790000,-0.268637,0.467582,9.785152
317.825000,-0.268637,0.467582,9.785152
317.855000,-0.268636,0.467582,9.785152
317.890000,-0.268636,0.467582,9.785152
317.920000,-0.268636,0.467582,9.785152
317.955000,-0.268636,0.467582,9.785152
317.990000,-0.268636,0.467582,9.785152
318.020000,-0.268636,0.467582,9.785152
318.055000,-0.268636,0.467582,9.785152
318.085000,-0.268636,0.467582,9.785152
318.120000,-0.268636,0.467582,9.785152
318.155000,-0.268635,0.467582,9.785152
318.185000,-0.268635,0.467583,9.785152
318.220000,-0.268635,0.467583,9.785152
318.250000,-0.268635,0.467583,9.785152
318.285000,-0.268635,0.467583,9.785152
318.320000,-0.268635,0.467583,9.785152
318.350000,-0.268635,0.467583,9.785152
318.385000,-0.268635,0.467583,9.785152
318.415000,-0.268635,0.467583,9.785152
318.450000,-0.268635,0.467583,9.785152
318.485000,-0.268634,0.467583,9.785152
318.515000,-0.268634,0.467583,9.785152
318.550000,-0.268634,0.467583,9.785152
318.580000,-0.268634,0.467583,9.785152
318.615000,-0.268634,0.467583,9.785152
318.650000,-0.268634,0.467583,9.785152
318.680000,-0.268634,0.467583,9.785152
318.715000,-0.268634,0.467583,9.785152
318.745000,-0.268634,0.467583,9.785152
318.780000,-0.268634,0.467583,9.785152
318.815000,-0.268633,0.467583,9.785152
318.845000,-0.268633,0.467583,9.785152
318.880000,-0.268633,0.467583,9.785152
318.910000,-0.268633,0.467583,9.785152
318.945000,-0.268633,0.467584,9.785152
318.980000,-0.268633,0.467584,9.785152
319.010000,-0.268633,0.467584,9.785152
319.045000,-0.268633,0.467584,9.785152
319.075000,-0.268633,0.467584,9.785152
319.110000,-0.268633,0.467584,9.785152
319.145000,-0.268632,0.467584,9.785152
319.175000,-0.268632,0.467584,9.785152
319.210000,-0.268632,0.467584,9.785152
319.240000,-0.268632,0.467584,9.785152
319.275000,-0.268632,0.467584,9.785152
319.310000,-0.268632,0.467584,9.785152
319.340000,-0.268632,0.467584,9.785152
319.375000,-0.268632,0.467584,9.785152
319.405000,-0.268632,0.467584,9.785152
319.440000,-0.268632,0.467584,9.785152
319.475000,-0.268631,0.467584,9.785152
319.505000,-0.268631,0.467584,9.785152
319.540000,-0.268631,0.467584,9.785152
319.570000,-0.268631,0.467584,9.785152
319.605000,-0.268631,0.467584,9.785152
319.640000,-0.268631,0.467584,9.785152
319.670000,-0.268631,0.467584,9.785152
319.705000,-0.268631,0.467585,9.785152
319.735000,-0.268631,0.467585,9.785152
319.770000,-0.268630,0.467585,9.785152
319.805000,-0.268630,0.467585,9.785152
319.835000,-0.268630,0.467585,9.785152
319.870000,-0.268630,0.467585,9.785152
319.900000,-0.268630,0.467585,9.785152
319.935000,-0.268630,0.467585,9.785152
319.970000,-0.268630,0.467585,9.785152
320.000000,-0.268630,0.467585,9.785152
320.035000,-0.268630,0.467585,9.785152
320.065000,-0.268630,0.467585,9.785152
320.100000,-0.268629,0.467585,9.785152
320.135000,-0.268629,0.467585,9.785152
320.165000,-0.268629,0.467585,9.785152
320.200000,-0.268629,0.467585,9.785152
320.230000,-0.268629,0.467585,9.785152
320.265000,-0.268629,0.467585,9.785152
320.300000,-0.268629,0.467585,9.785152
320.330000,-0.268629,0.467585,9.785152
320.365000,-0.268629,0.467585,9.785152
320.395000,-0.268629,0.467585,9.785152
320.430000,-0.268628,0.467585,9.785152
320.465000,-0.268628,0.467586,9.785152
320.495000,-0.268628,0.467586,9.785152
320.530000,-0.268628,0.467586,9.785152
320.560000,-0.268628,0.467586,9.785152
320.595000,-0.268628,0.467586,9.785152
320.630000,-0.268628,0.467586,9.785152
320.660000,-0.268628,0.467586,9.785152
320.695000,-0.268628,0.467586,9.785152
320.725000,-0.268628,0.467586,9.785152
320.760000,-0.268627,0.467586,9.785152
320.795000,-0.268627,0.467586,9.785152
320.825000,-0.268627,0.467586,9.785152
320.860000,-0.268627,0.467586,9.785152
320.890000,-0.268627,0.467586,9.785152
320.925000,-0.268627,0.467586,9.785152
320.960000,-0.268627,0.467586,9.785152
320.990000,-0.268627,0.467586,9.785152
321.025000,-0.268627,0.467586,9.785152
321.055000,-0.268627,0.467586,9.785152
321.090000,-0.268626,0.467586,9.785152
321.125000,-0.268626,0.467586,9.785152
321.155000,-0.268626,0.467586,9.785152
321.190000,-0.268626,0.467586,9.785152
321.220000,-0.268626,0.467587,9.785152
321.255000,-0.268626,0.467587,9.785152
321.290000,-0.268626,0.467587,9.785152
321.320000,-0.268626,0.467587,9.785152
321.355000,-0.268626,0.467587,9.785152
321.385000,-0.268625,0.467587,9.785152
321.420000,-0.268625,0.467587,9.785152
321.455000,-0.268625,0.467587,9.785152
321.485000,-0.268625,0.467587,9.785152
321.520000,-0.268625,0.467587,9.785152
321.550000,-0.268625,0.467587,9.785152
321.585000,-0.268625,0.467587,9.785152
321.620000,-0.268625,0.467587,9.785152
321.650000,-0.268625,0.467587,9.785152
321.685000,-0.268625,0.467587,9.785152
321.715000,-0.268624,0.467587,9.785152
321.750000,-0.268624,0.467587,9.785152
321.785000,-0.268624,0.467587,9.785152
321.815000,-0.268624,0.467587,9.785152
321.850000,-0.268624,0.467587,9.785152
321.880000,-0.268624,0.467587,9.785152
321.915000,-0.268624,0.467587,9.785152
321.950000,-0.268624,0.467587,9.785152
321.980000,-0.268624,0.467588,9.785152
322.015000,-0.268624,0.467588,9.785152
322.045000,-0.268623,0.467588,9.785152
322.080000,-0.268623,0.467588,9.785152
322.115000,-0.268623,0.467588,9.785152
322.145000,-0.268623,0.467588,9.785152
322.180000,-0.268623,0.467588,9.785152
322.210000,-0.268623,0.467588,9.785152
322.245000,-0.268623,0.467588,9.785152
322.280000,-0.268623,0.467588,9.785152
322.310000,-0.268623,0.467588,9.785152
322.345000,-0.268623,0.467588,9.785152
322.375000,-0.268622,0.467588,9.785152
322.410000,-0.268622,0.467588,9.785152
322.445000,-0.268622,0.467588,9.785152
322.475000,-0.268622,0.467588,9.785152
322.510000,-0.268622,0.467588,9.785152
322.540000,-0.268622,0.467588,9.785152
322.575000,-0.268622,0.467588,9.785152
322.610000,-0.268622,0.467588,9.785152
322.640000,-0.268622,0.467588,9.785152
322.675000,-0.268621,0.467588,9.785152
322.705000,-0.268621,0.467588,9.785152
322.740000,-0.268621,0.467589,9.785152
322.775000,-0.268621,0.467589,9.785152
322.805000,-0.268621,0.467589,9.785152
322.840000,-0.268621,0.467589,9.785152
322.870000,-0.268621,0.467589,9.785152
322.905000,-0.268621,0.467589,9.785152
322.940000,-0.268621,0.467589,9.785152
322.970000,-0.268621,0.467589,9.785152
323.005000,-0.268620,0.467589,9.785152
323.035000,-0.268620,0.467589,9.785152
323.070000,-0.268620,0.467589,9.785152
323.105000,-0.268620,0.467589,9.785152
323.135000,-0.268620,0.467589,9.785152
323.170000,-0.268620,0.467589,9.785152
323.200000,-0.268620,0.467589,9.785152
323.235000,-0.268620,0.467589,9.785152
323.270000,-0.268620,0.467589,9.785152
323.300000,-0.268620,0.467589,9.785152
323.335000,-0.268619,0.467589,9.785152
323.365000,-0.268619,0.467589,9.785152
323.400000,-0.268619,0.467589,9.785152
323.435000,-0.268619,0.467589,9.785152
323.465000,-0.268619,0.467589,9.785152
323.500000,-0.268619,0.467590,9.785152
323.530000,-0.268619,0.467590,9.785152
323.565000,-0.268619,0.467590,9.785152
323.600000,-0.268619,0.467590,9.785152
323.630000,-0.268619,0.467590,9.785152
323.665000,-0.268618,0.467590,9.785152
323.695000,-0.268618,0.467590,9.785152
323.730000,-0.268618,0.467590,9.785152
323.765000,-0.268618,0.467590,9.785152
323.795000,-0.268618,0.467590,9.785152
323.830000,-0.268618,0.467590,9.785152
323.860000,-0.268618,0.467590,9.785152
323.895000,-0.268618,0.467590,9.785152
323.930000,-0.268618,0.467590,9.785152
323.960000,-0.268618,0.467590,9.785152
323.995000,-0.268617,0.467590,9.785152
324.025000,-0.268617,0.467590,9.785152
324.060000,-0.268617,0.467590,9.785152
324.095000,-0.268617,0.467590,9.785152
324.125000,-0.268617,0.467590,9.785152
324.160000,-0.268617,0.467590,9.785152
324.190000,-0.268617,0.467590,9.785152
324.225000,-0.268617,0.467590,9.785152
324.260000,-0.268617,0.467591,9.785152
324.290000,-0.268616,0.467591,9.785152
324.325000,-0.268616,0.467591,9.785152
324.355000,-0.268616,0.467591,9.785152
324.390000,-0.268616,0.467591,9.785152
324.425000,-0.268616,0.467591,9.785152
324.455000,-0.268616,0.467591,9.785152
324.490000,-0.268616,0.467591,9.785152
324.520000,-0.268616,0.467591,9.785152
324.555000,-0.268616,0.467591,9.785152
324.590000,-0.268616,0.467591,9.785152
324.620000,-0.268615,0.467591,9.785152
324.655000,-0.268615,0.467591,9.785152
324.685000,-0.268615,0.467591,9.785152
324.720000,-0.268615,0.467591,9.785152
324.755000,-0.268615,0.467591,9.785152
324.785000,-0.268615,0.467591,9.785152
324.820000,-0.268615,0.467591,9.785152
324.850000,-0.268615,0.467591,9.785152
324.885000,-0.268615,0.467591,9.785152
324.920000,-0.268615,0.467591,9.785152
324.950000,-0.268614,0.467591,9.785152
324.985000,-0.268614,0.467591,9.785152
325.015000,-0.268614,0.467592,9.785152
325.050000,-0.268614,0.467592,9.785152
325.085000,-0.268614,0.467592,9.785152
325.115000,-0.268614,0.467592,9.785152
325.150000,-0.268614,0.467592,9.785152
325.180000,-0.268614,0.467592,9.785152
325.215000,-0.268614,0.467592,9.785152
325.250000,-0.268614,0.467592,9.785152
325.280000,-0.268613,0.467592,9.785152
325.315000,-0.268613,0.467592,9.785152
325.345000,-0.268613,0.467592,9.785152
325.380000,-0.268613,0.467592,9.785152
325.415000,-0.268613,0.467592,9.785152
325.445000,-0.268613,0.467592,9.785152
325.480000,-0.268613,0.467592,9.785152
325.510000,-0.268613,0.467592,9.785152
325.545000,-0.268613,0.467592,9.785152
325.580000,-0.268612,0.467592,9.785152
325.610000,-0.268612,0.467592,9.785152
325.645000,-0.268612,0.467592,9.785152
325.675000,-0.268612,0.467592,9.785152
325.710000,-0.268612,0.467592,9.785152
325.745000,-0.268612,0.467592,9.785152
325.775000,-0.268612,0.467593,9.785152
325.810000,-0.268612,0.467593,9.785152
325.840000,-0.268612,0.467593,9.785152
325.875000,-0.268612,0.467593,9.785152
325.910000,-0.268611,0.467593,9.785152
325.940000,-0.268611,0.467593,9.785152
325.975000,-0.268611,0.467593,9.785152
326.005000,-0.268611,0.467593,9.785152
326.040000,-0.268611,0.467593,9.785152
326.075000,1.345091,0.810870,3.043982
326.105000,0.075397,-0.126754,9.718333
326.140000,10.484014,-6.653469,17.134566
326.170000,18.588086,-4.442417,23.240757
326.205000,0.067926,-0.195942,9.138667
326.240000,0.071711,-0.074948,8.999712
326.270000,0.071066,-0.120637,8.988933
326.305000,-1.082687,-1.134809,15.312476
326.335000,3.458273,2.597779,9.202062
326.370000,-0.257931,0.477286,8.999244
326.405000,-11.247799,8.323070,21.603448
326.435000,0.040221,-0.153615,9.046453
326.470000,0.143456,-0.185220,9.013498
326.500000,0.107327,-0.166943,9.003796
326.535000,-2.746742,0.272836,8.744138
326.570000,-4.671849,-1.801216,9.527776
326.600000,0.126630,-0.134759,9.400720
326.635000,0.136726,1.742410,5.321941
326.665000,-5.601921,0.012503,12.693845
326.700000,-1.699218,1.581237,9.219743
326.735000,-2.254194,0.272952,4.668542
326.765000,-1.698026,1.581015,9.238090
326.800000,-0.178874,1.540189,7.112095
326.830000,-1.680944,1.568182,9.222065
326.865000,1.602418,-1.154087,3.529649
326.900000,-0.201009,0.453129,9.786497
326.930000,-0.201101,0.453211,9.786547
326.965000,-0.201211,0.453305,9.786602
326.995000,-0.201303,0.453390,9.786645
327.030000,-0.201415,0.453487,9.786692
327.065000,-0.201481,0.453631,9.786734
327.095000,-0.201625,0.453667,9.786770
327.130000,-0.201740,0.453764,9.786807
327.160000,-0.201839,0.453848,9.786836
327.195000,-0.203357,0.455055,9.786358
327.230000,-0.203368,0.455068,9.786422
327.260000,-0.203377,0.455079,9.786474
327.295000,-0.203386,0.455091,9.786530
327.325000,-0.203395,0.455100,9.786576
327.360000,-0.203403,0.455111,9.786625
327.395000,-0.203411,0.455120,9.786671
327.425000,-0.203417,0.455128,9.786708
327.460000,-0.203424,0.455136,9.786749
327.490000,-0.203430,0.455143,9.786781
327.525000,-0.203436,0.455150,9.786817
327.560000,-0.203441,0.455157,9.786850
327.590000,-0.203446,0.455163,9.786877
327.625000,-0.203451,0.455169,9.786906
327.655000,-0.203455,0.455174,9.786929
327.690000,-0.203459,0.455179,9.786955
327.725000,-0.203463,0.455184,9.786978
327.755000,-0.203466,0.455188,9.786997
327.790000,-0.203470,0.455192,9.787018
327.820000,-0.203483,0.455184,9.787035
327.855000,-0.203476,0.455199,9.787053
327.890000,-0.203479,0.455203,9.787070
327.920000,-0.203490,0.455197,9.787084
327.955000,-0.203483,0.455209,9.787099
327.985000,-0.203485,0.455211,9.787111
328.020000,-0.203495,0.455206,9.787124
328.055000,-0.203490,0.455216,9.787136
328.085000,-0.203491,0.455218,9.787146
328.120000,-0.203499,0.455215,9.787157
328.150000,-0.203494,0.455222,9.787166
328.185000,-0.203496,0.455224,9.787175
328.220000,-0.203502,0.455221,9.787184
328.250000,-0.203498,0.455227,9.787191
328.285000,-0.203499,0.455229,9.787199
328.315000,-0.203497,0.455234,9.787205
328.350000,-0.203501,0.455231,9.787212
328.385000,-0.203502,0.455233,9.787218
328.415000,-0.203500,0.455237,9.787223
328.450000,-0.203504,0.455235,9.787228
328.480000,-0.203505,0.455236,9.787233
328.515000,-0.203503,0.455239,9.787238
328.550000,-0.203506,0.455237,9.787242
328.580000,-0.203507,0.455238,9.787246
328.615000,-0.203505,0.455241,9.787250
328.645000,-0.203508,0.455239,9.787253
328.680000,-0.203508,0.455240,9.787257
328.715000,-0.203507,0.455242,9.787260
328.745000,-0.203509,0.455241,9.787263
328.780000,-0.203509,0.455242,9.787265
328.810000,-0.203509,0.455242,9.787268
328.845000,-0.203510,0.455242,9.787270
328.880000,-0.203510,0.455243,9.787273
328.910000,-0.203510,0.455243,9.787274
328.945000,-0.203510,0.455244,9.787276
328.975000,-0.203510,0.455244,9.787278
329.010000,-0.203511,0.455244,9.787280
329.045000,-0.203511,0.455244,9.787282
329.075000,-0.203511,0.455245,9.787283
329.110000,-0.203511,0.455245,9.787284
329.140000,-0.203511,0.455245,9.787286
329.175000,-0.203511,0.455245,9.787287
329.210000,-0.203511,0.455245,9.787288
329.240000,-0.203511,0.455245,9.787289
329.275000,-0.203511,0.455246,9.787290
329.305000,-0.203511,0.455246,9.787291
329.340000,-0.203511,0.455246,9.787292
329.375000,-0.203511,0.455246,9.787293
329.405000,-0.203511,0.455246,9.787293
329.440000,-0.203511,0.455246,9.787294
329.470000,-0.203512,0.455246,9.787295
329.505000,-0.203511,0.455246,9.787296
329.540000,-0.203511,0.455246,9.787296
329.570000,-0.203511,0.455246,9.787297
329.605000,-0.203511,0.455246,9.787297
329.635000,-0.203511,0.455246,9.787298
329.670000,-0.203511,0.455246,9.787298
329.705000,-0.203511,0.455246,9.787299
329.735000,-0.203511,0.455246,9.787299
329.770000,-0.203511,0.455246,9.787299
329.800000,-0.203511,0.455246,9.787300
329.835000,-0.203511,0.455246,9.787300
329.870000,-0.203511,0.455246,9.787300
329.900000,-0.203510,0.455246,9.787301
329.935000,-0.203510,0.455246,9.787301
329.965000,-0.203510,0.455246,9.787301
330.000000,-0.203510,0.455246,9.787301
330.035000,-0.203510,0.455246,9.787302
330.065000,-0.203510,0.455246,9.787302
330.100000,-0.203510,0.455246,9.787302
330.130000,-0.203510,0.455246,9.787302
330.165000,-0.203509,0.455246,9.787302
330.200000,-0.203509,0.455246,9.787303
330.230000,-0.203509,0.455246,9.787303
330.265000,-0.203509,0.455246,9.787303
330.295000,-0.203509,0.455246,9.787303
330.330000,-0.203509,0.455246,9.787303
330.365000,-0.203509,0.455246,9.787303
330.395000,-0.203509,0.455246,9.787303
330.430000,-0.203509,0.455246,9.787303
330.460000,-0.203508,0.455246,9.787303
330.495000,-0.203508,0.455245,9.787304
330.530000,-0.203508,0.455245,9.787304
330.560000,-0.203508,0.455245,9.787304
330.595000,-0.203508,0.455245,9.787304
330.625000,-0.203508,0.455245,9.787304
330.660000,-0.203508,0.455245,9.787304
330.695000,-0.203508,0.455245,9.787304
330.725000,-0.203508,0.455245,9.787304
330.760000,-0.203507,0.455245,9.787304
330.790000,-0.203507,0.455245,9.787304
330.825000,-0.203507,0.455245,9.787304
330.860000,-0.203507,0.455245,9.787304
330.890000,-0.203507,0.455245,9.787304
330.925000,-0.203507,0.455244,9.787304
330.955000,-0.203506,0.455244,9.787304
330.990000,-0.203506,0.455244,9.787304
331.025000,-0.203506,0.455244,9.787304
331.055000,-0.203506,0.455244,9.787305
331.090000,-0.203506,0.455244,9.787305
331.120000,-0.203514,0.455236,9.787307
331.155000,-0.203506,0.455244,9.787305
331.190000,-0.203506,0.455244,9.787305
331.220000,-0.203512,0.455237,9.787306
331.255000,-0.203505,0.455244,9.787305
331.285000,-0.203505,0.455244,9.787305
331.320000,-0.203511,0.455238,9.787306
331.355000,-0.203505,0.455244,9.787305
331.385000,-0.203505,0.455243,9.787305
331.420000,-0.203509,0.455239,9.787306
331.450000,-0.203504,0.455243,9.787305
331.485000,-0.203504,0.455243,9.787305
331.520000,-0.203508,0.455240,9.787306
331.550000,-0.203504,0.455243,9.787305
331.585000,-0.203504,0.455243,9.787305
331.615000,-0.203501,0.455246,9.787304
331.650000,-0.203504,0.455243,9.787305
331.685000,-0.203503,0.455243,9.787305
331.715000,-0.203501,0.455245,9.787304
331.750000,-0.203503,0.455243,9.787305
331.780000,-0.203503,0.455243,9.787305
331.815000,-0.203501,0.455244,9.787304
331.850000,-0.203503,0.455242,9.787305
331.880000,-0.203503,0.455242,9.787305
331.915000,-0.203501,0.455244,9.787305
331.945000,-0.203502,0.455242,9.787305
331.980000,-0.203502,0.455242,9.787305
332.015000,-0.203501,0.455243,9.787305
332.045000,-0.203502,0.455242,9.787305
332.080000,-0.203502,0.455242,9.787305
332.110000,-0.203502,0.455242,9.787305
332.145000,-0.203501,0.455242,9.787305
332.180000,-0.203501,0.455242,9.787305
332.210000,-0.203501,0.455242,9.787305
332.245000,-0.203501,0.455242,9.787305
332.275000,-0.203501,0.455241,9.787305
332.310000,-0.203501,0.455241,9.787305
332.345000,-0.203501,0.455241,9.787305
332.375000,-0.203500,0.455241,9.787305
332.410000,-0.203500,0.455241,9.787305
332.440000,-0.203500,0.455241,9.787305
332.475000,-0.203500,0.455241,9.787305
332.510000,-0.203500,0.455241,9.787305
332.540000,-0.203500,0.455241,9.787305
332.575000,-0.203500,0.455241,9.787305
332.605000,-0.203499,0.455241,9.787305
332.640000,-0.203499,0.455241,9.787305
332.675000,-0.203499,0.455241,9.787305
332.705000,-0.203499,0.455240,9.787305
332.740000,-0.203499,0.455240,9.787305
332.770000,-0.203499,0.455240,9.787305
332.805000,-0.203499,0.455240,9.787305
332.840000,-0.203498,0.455240,9.787305
332.870000,-0.203499,0.455240,9.787305
332.905000,-0.203498,0.455240,9.787305
332.935000,-0.203498,0.455240,9.787305
332.970000,-0.203498,0.455240,9.787305
333.005000,-0.203498,0.455240,9.787305
333.035000,-0.203498,0.455240,9.787305
333.070000,-0.203498,0.455239,9.787305
333.100000,-0.203497,0.455240,9.787305
333.135000,-0.203497,0.455239,9.787305
333.170000,-0.203497,0.455239,9.787305
333.200000,-0.203497,0.455239,9.787305
333.235000,-0.203497,0.455239,9.787305
333.265000,-0.203497,0.455239,9.787305
333.300000,-0.203496,0.455239,9.787305
333.335000,-0.203496,0.455239,9.787305
333.365000,-0.203496,0.455239,9.787305
333.400000,-0.203496,0.455239,9.787305
333.430000,-0.203496,0.455239,9.787305
333.465000,-0.203496,0.455239,9.787305
333.500000,-0.203496,0.455239,9.787305
333.530000,-0.203495,0.455239,9.787305
333.565000,-0.203495,0.455238,9.787305
333.595000,-0.203495,0.455238,9.787305
333.630000,-0.203495,0.455238,9.787305
333.665000,-0.203495,0.455238,9.787305
333.695000,-0.203495,0.455238,9.787305
333.730000,-0.203495,0.455238,9.787305
333.760000,-0.203494,0.455238,9.787305
333.795000,-0.203494,0.455238,9.787305
333.830000,-0.203494,0.455238,9.787305
333.860000,-0.203494,0.455238,9.787305
333.895000,-0.203494,0.455238,9.787306
333.925000,-0.203494,0.455238,9.787306
333.960000,-0.203494,0.455238,9.787306
333.995000,-0.203493,0.455237,9.787306
334.025000,-0.203493,0.455237,9.787306
334.060000,-0.203493,0.455237,9.787306
334.090000,-0.203493,0.455237,9.787306
334.125000,-0.203493,0.455237,9.787306
334.160000,-0.203493,0.455237,9.787306
334.190000,-0.203493,0.455237,9.787306
334.225000,-0.203492,0.455237,9.787306
334.255000,-0.203492,0.455237,9.787306
334.290000,-0.203492,0.455237,9.787306
334.325000,-0.203492,0.455237,9.787306
334.355000,-0.203492,0.455237,9.787306
334.390000,-0.203492,0.455237,9.787306
334.420000,-0.203489,0.455239,9.787305
334.455000,-0.203491,0.455236,9.787306
334.490000,-0.203491,0.455236,9.787306
334.520000,-0.203485,0.455242,9.787304
334.555000,-0.203491,0.455236,9.787306
334.585000,-0.203491,0.455236,9.787306
334.620000,-0.203483,0.455244,9.787303
334.655000,-0.203491,0.455236,9.787306
334.685000,-0.203490,0.455236,9.787306
334.720000,-0.203480,0.455246,9.787303
334.750000,-0.203490,0.455236,9.787306
334.785000,-0.203490,0.455236,9.787306
334.820000,-0.203479,0.455247,9.787303
334.850000,-0.203490,0.455235,9.787306
334.885000,-0.203490,0.455235,9.787306
334.915000,-0.203499,0.455225,9.787308
334.950000,-0.203489,0.455235,9.787306
334.985000,-0.203489,0.455235,9.787306
335.015000,-0.203497,0.455227,9.787308
335.050000,-0.203489,0.455235,9.787306
335.080000,-0.203489,0.455235,9.787306
335.115000,-0.203495,0.455228,9.787307
335.150000,-0.203488,0.455235,9.787306
335.180000,-0.203488,0.455235,9.787306
335.215000,-0.203493,0.455229,9.787307
335.245000,-0.203488,0.455234,9.787306
335.280000,-0.203488,0.455234,9.787306
335.315000,-0.203492,0.455230,9.787307
335.345000,-0.203488,0.455234,9.787306
335.380000,-0.203487,0.455234,9.787306
335.410000,-0.203487,0.455234,9.787306
335.445000,-0.203487,0.455234,9.787306
335.480000,-0.203487,0.455234,9.787306
335.510000,-0.203487,0.455234,9.787306
335.545000,-0.203487,0.455234,9.787306
335.575000,-0.203487,0.455234,9.787306
335.610000,-0.203486,0.455234,9.787306
335.645000,-0.203486,0.455234,9.787306
335.675000,-0.203486,0.455233,9.787306
335.710000,-0.203486,0.455233,9.787306
335.740000,-0.203486,0.455233,9.787306
335.775000,-0.203486,0.455233,9.787306
335.810000,-0.203486,0.455233,9.787306
335.840000,-0.203485,0.455233,9.787306
335.875000,-0.203485,0.455233,9.787306
335.905000,-0.203485,0.455233,9.787306
335.940000,-0.203485,0.455233,9.787306
335.975000,-0.203485,0.455233,9.787306
336.005000,-0.203485,0.455233,9.787306
336.040000,-0.203485,0.455233,9.787306
336.070000,-0.203484,0.455233,9.787306
336.105000,-0.203484,0.455232,9.787306
336.140000,-0.203484,0.455232,9.787306
336.170000,-0.203483,0.455233,9.787306
336.205000,-0.203484,0.455232,9.787306
336.235000,-0.203484,0.455232,9.787306
336.270000,-0.203483,0.455233,9.787306
336.305000,-0.203483,0.455232,9.787306
336.335000,-0.203483,0.455232,9.787306
336.370000,-0.203483,0.455232,9.787306
336.400000,-0.203483,0.455232,9.787306
336.435000,-0.203483,0.455232,9.787306
336.470000,-0.203482,0.455232,9.787306
336.500000,-0.203483,0.455231,9.787306
336.535000,-0.203482,0.455231,9.787306
336.565000,-0.203483,0.455231,9.787306
336.600000,-0.203482,0.455231,9.787306
336.635000,-0.203482,0.455231,9.787306
336.665000,-0.203482,0.455231,9.787306
336.700000,-0.203482,0.455231,9.787306
336.730000,-1.768592,-1.384052,5.514056
336.765000,-5.637099,0.007061,12.282738
336.800000,-1.571965,1.544145,9.036485
336.830000,-2.710889,0.860841,5.328248
336.865000,-2.259442,0.505620,4.574221
336.895000,-3.333827,1.284593,12.158060
336.930000,0.094983,-0.100893,8.988342
336.965000,0.467773,0.045460,9.013741
336.995000,0.079989,-0.175461,9.002637
337.030000,0.098131,-0.138693,9.013896
337.060000,0.092376,-0.083259,9.023191
337.095000,0.029604,-0.258529,9.005793
337.130000,-0.335770,3.118957,7.922622
337.160000,-0.244640,0.469747,8.999382
337.195000,0.065492,-0.172736,9.389736
337.225000,14.034500,6.596906,16.836118
337.260000,-0.843888,-2.178830,15.124877
337.295000,0.130938,-0.165428,9.772966
337.325000,0.142696,-0.501114,12.878247
337.360000,0.088906,-0.144081,9.780830
337.390000,0.088352,-0.143116,9.779459
337.425000,0.087543,-0.141711,9.777003
337.460000,0.086558,-0.139999,9.773564
337.490000,-2.383799,7.817672,17.691311
337.525000,-0.268038,0.474073,9.784087
337.555000,-0.268038,0.474100,9.784131
337.590000,-0.268039,0.474128,9.784179
337.625000,-0.268040,0.474155,9.784223
337.655000,-0.268041,0.474176,9.784259
337.690000,-0.268041,0.474200,9.784298
337.720000,-0.268042,0.474218,9.784330
337.755000,-0.268043,0.474239,9.784364
337.790000,-0.268043,0.474258,9.784396
337.820000,-0.268043,0.474275,9.784421
337.855000,-0.268044,0.474290,9.784450
337.885000,-0.268045,0.474303,9.784472
337.920000,-0.268045,0.474319,9.784497
337.955000,-0.268045,0.474332,9.784520
337.985000,-0.268046,0.474343,9.784538
338.020000,-0.268088,0.474312,9.784562
338.050000,-0.268046,0.474365,9.784574
338.085000,-0.268046,0.474375,9.784592
338.120000,-0.268081,0.474349,9.784612
338.150000,-0.268047,0.474393,9.784622
338.185000,-0.268047,0.474402,9.784636
338.215000,-0.268019,0.474438,9.784645
338.250000,-0.268047,0.474416,9.784660
338.285000,-0.268048,0.474423,9.784672
338.315000,-0.268025,0.474453,9.784679
338.350000,-0.268048,0.474435,9.784692
338.380000,-0.268048,0.474440,9.784700
338.415000,-0.268030,0.474465,9.784707
338.450000,-0.268048,0.474451,9.784718
338.480000,-0.268048,0.474455,9.784725
338.515000,-0.268033,0.474475,9.784731
338.545000,-0.268048,0.474463,9.784738
338.580000,-0.268048,0.474467,9.784745
338.615000,-0.268036,0.474483,9.784749
338.645000,-0.268048,0.474474,9.784756
338.680000,-0.268048,0.474477,9.784761
338.710000,-0.268048,0.474480,9.784765
338.745000,-0.268048,0.474482,9.784770
338.780000,-0.268048,0.474485,9.784774
338.810000,-0.268048,0.474487,9.784778
338.845000,-0.268048,0.474490,9.784782
338.875000,-0.268048,0.474491,9.784785
338.910000,-0.268048,0.474494,9.784788
338.945000,-0.268048,0.474495,9.784791
338.975000,-0.268048,0.474497,9.784794
339.010000,-0.268048,0.474499,9.784796
339.040000,-0.268048,0.474500,9.784799
339.075000,-0.268048,0.474502,9.784801
339.110000,-0.268048,0.474503,9.784803
339.140000,-0.268048,0.474504,9.784805
339.175000,-0.268048,0.474505,9.784807
339.205000,-0.268048,0.474506,9.784809
339.240000,-0.268048,0.474507,9.784810
339.275000,-0.268048,0.474508,9.784812
339.305000,-0.268047,0.474509,9.784813
339.340000,-0.268047,0.474510,9.784815
339.370000,-0.268050,0.474508,9.784816
339.405000,-0.268047,0.474512,9.784817
339.440000,-0.268047,0.474512,9.784818
339.470000,-0.268049,0.474511,9.784819
339.505000,-0.268047,0.474514,9.784820
339.535000,-0.268047,0.474514,9.784821
339.570000,-0.268048,0.474513,9.784822
339.605000,-0.268047,0.474515,9.784823
339.635000,-0.268047,0.474516,9.784823
339.670000,-0.268048,0.474515,9.784824
339.700000,-0.268047,0.474516,9.784825
339.735000,-0.268046,0.474517,9.784825
339.770000,-0.268047,0.474516,9.784826
339.800000,-0.268046,0.474518,9.784826
339.835000,-0.268046,0.474518,9.784827
339.865000,-0.268045,0.474519,9.784827
339.900000,-0.268046,0.474519,9.784828
339.935000,-0.268046,0.474519,9.784828
339.965000,-0.268045,0.474520,9.784829
340.000000,-0.268046,0.474519,9.784829
340.030000,-0.268046,0.474520,9.784829
340.065000,-0.268045,0.474520,9.784830
340.100000,-0.268045,0.474520,9.784830
340.130000,-0.268045,0.474520,9.784830
340.165000,-0.268045,0.474521,9.784830
340.195000,-0.268045,0.474521,9.784831
340.230000,-0.268045,0.474521,9.784831
340.265000,-0.268045,0.474521,9.784831
340.295000,-0.268045,0.474521,9.784831
340.330000,-0.268045,0.474521,9.784832
340.360000,-0.268045,0.474521,9.784832
340.395000,-0.268045,0.474522,9.784832
340.430000,-0.268044,0.474522,9.784832
340.460000,-0.268044,0.474522,9.784832
340.495000,-0.268044,0.474522,9.784832
340.525000,-0.268044,0.474522,9.784832
340.560000,-0.268044,0.474522,9.784833
340.595000,-0.268044,0.474522,9.784833
340.625000,-0.268044,0.474522,9.784833
340.660000,-0.268044,0.474523,9.784833
340.690000,-0.268044,0.474523,9.784833
340.725000,-0.268044,0.474523,9.784833
340.760000,-0.268043,0.474523,9.784833
340.790000,-0.268043,0.474523,9.784833
340.825000,-0.268043,0.474523,9.784833
340.855000,-0.268043,0.474523,9.784833
340.890000,-0.268043,0.474523,9.784833
340.925000,-0.268043,0.474523,9.784833
340.955000,-0.268043,0.474523,9.784833
340.990000,-0.268043,0.474523,9.784833
341.020000,-0.268043,0.474523,9.784834
341.055000,-0.268043,0.474524,9.784834
341.090000,-0.268043,0.474524,9.784834
341.120000,-0.268042,0.474524,9.784834
341.155000,-0.268042,0.474524,9.784834
341.185000,-0.268042,0.474524,9.784834
341.220000,-0.268042,0.474524,9.784834
341.255000,-0.268042,0.474524,9.784834
341.285000,-0.268042,0.474524,9.784834
341.320000,-0.268042,0.474524,9.784834
341.350000,-0.268042,0.474524,9.784834
341.385000,-0.268042,0.474524,9.784834
341.420000,-0.268042,0.474524,9.784834
341.450000,-0.268041,0.474524,9.784834
341.485000,-0.268041,0.474524,9.784834
341.515000,-0.268041,0.474524,9.784834
341.550000,-0.268041,0.474524,9.784834
341.585000,-0.268041,0.474524,9.784834
341.615000,-0.268041,0.474525,9.784834
341.650000,-0.268041,0.474525,9.784834
341.680000,-0.268041,0.474525,9.784834
341.715000,-0.268041,0.474525,9.784834
341.750000,-0.268041,0.474525,9.784834
341.780000,-0.268040,0.474525,9.784834
341.815000,-0.268040,0.474525,9.784834
341.845000,-0.268040,0.474525,9.784834
341.880000,-0.268040,0.474525,9.784834
341.915000,-0.268040,0.474525,9.784834
341.945000,-0.268040,0.474525,9.784834
341.980000,-0.268040,0.474525,9.784834
342.010000,-0.268040,0.474525,9.784834
342.045000,-0.268040,0.474525,9.784834
342.080000,-0.268040,0.474525,9.784834
342.110000,-0.268039,0.474525,9.784834
342.145000,-0.268039,0.474525,9.784834
342.175000,-0.268039,0.474525,9.784834
342.210000,-0.268039,0.474525,9.784834
342.245000,-0.268039,0.474525,9.784834
342.275000,-0.268039,0.474525,9.784834
342.310000,-0.268039,0.474525,9.784834
342.340000,-0.268039,0.474526,9.784834
342.375000,-0.268039,0.474526,9.784834
342.410000,-0.268039,0.474526,9.784834
342.440000,-0.268038,0.474526,9.784834
342.475000,-0.268038,0.474526,9.784834
342.505000,-0.268038,0.474526,9.784834
342.540000,-0.268038,0.474526,9.784834
342.575000,-0.268038,0.474526,9.784834
342.605000,-0.268038,0.474526,9.784834
342.640000,-0.268038,0.474526,9.784834
342.670000,-0.268038,0.474522,9.784834
342.705000,-0.268038,0.474526,9.784834
342.740000,-0.268038,0.474526,9.784834
342.770000,-0.268038,0.474520,9.784835
342.805000,-0.268037,0.474526,9.784834
342.835000,-0.268037,0.474526,9.784834
342.870000,-0.268038,0.474518,9.784835
342.905000,-0.268037,0.474526,9.784834
342.935000,-0.268037,0.474526,9.784834
342.970000,-0.268038,0.474516,9.784835
343.000000,-0.268037,0.474526,9.784834
343.035000,-0.268037,0.474526,9.784834
343.070000,-0.268037,0.474516,9.784835
343.100000,-0.268036,0.474527,9.784834
343.135000,-0.268036,0.474527,9.784834
343.165000,-0.268036,0.474535,9.784834
343.200000,-0.268036,0.474527,9.784834
343.235000,-0.268036,0.474527,9.784834
343.265000,-0.268035,0.474534,9.784834
343.300000,-0.268036,0.474527,9.784834
343.330000,-0.268036,0.474527,9.784834
343.365000,-0.268035,0.474532,9.784834
343.400000,-0.268036,0.474527,9.784834
343.430000,-0.268035,0.474527,9.784834
343.465000,-0.268035,0.474531,9.784834
343.495000,-0.268035,0.474527,9.784834
343.530000,-0.268035,0.474527,9.784834
343.565000,-0.268035,0.474531,9.784834
343.595000,-0.268035,0.474527,9.784834
343.630000,-0.268035,0.474527,9.784834
343.660000,-0.268035,0.474527,9.784834
343.695000,-0.268035,0.474527,9.784834
343.730000,-0.268035,0.474527,9.784834
343.760000,-0.268034,0.474527,9.784834
343.795000,-0.268034,0.474527,9.784834
343.825000,-0.268034,0.474527,9.784834
343.860000,-0.268034,0.474527,9.784834
343.895000,-0.268034,0.474527,9.784834
343.925000,-0.268034,0.474528,9.784834
343.960000,-0.268034,0.474528,9.784834
343.990000,-0.268034,0.474528,9.784834
344.025000,-0.268034,0.474528,9.784834
344.060000,-0.268034,0.474528,9.784834
344.090000,-0.268033,0.474528,9.784834
344.125000,-0.268033,0.474528,9.784834
344.155000,-0.268033,0.474528,9.784834
344.190000,-0.268033,0.474528,9.784834
344.225000,-0.268033,0.474528,9.784834
344.255000,-0.268033,0.474528,9.784834
344.290000,-0.268033,0.474528,9.784834
344.320000,-0.268033,0.474527,9.784834
344.355000,-0.268033,0.474528,9.784834
344.390000,-0.268032,0.474528,9.784834
344.420000,-0.268032,0.474527,9.784834
344.455000,-0.268032,0.474528,9.784834
344.485000,-0.268032,0.474528,9.784834
344.520000,-0.268032,0.474528,9.784834
344.555000,-0.268032,0.474528,9.784834
344.585000,-0.268032,0.474528,9.784834
344.620000,-0.268032,0.474528,9.784834
344.650000,-0.268032,0.474528,9.784834
344.685000,-0.268032,0.474528,9.784834
344.720000,-0.268031,0.474528,9.784834
344.750000,-0.268031,0.474528,9.784834
344.785000,-0.268031,0.474528,9.784834
344.815000,-0.268031,0.474529,9.784834
344.850000,-0.268031,0.474529,9.784834
344.885000,-0.268031,0.474529,9.784834
344.915000,-0.268031,0.474529,9.784834
344.950000,-0.268031,0.474529,9.784834
344.980000,-0.268031,0.474529,9.784834
345.015000,-0.268031,0.474529,9.784834
345.050000,-0.268030,0.474529,9.784834
345.080000,-0.268030,0.474529,9.784834
345.115000,-0.268030,0.474529,9.784834
345.145000,-0.268030,0.474529,9.784834
345.180000,-0.268030,0.474529,9.784834
345.215000,-0.268030,0.474529,9.784834
345.245000,-0.268030,0.474529,9.784834
345.280000,-0.268030,0.474529,9.784834
345.310000,-0.268030,0.474529,9.784834
345.345000,-0.268030,0.474529,9.784834
345.380000,-0.268029,0.474529,9.784834
345.410000,-0.268029,0.474529,9.784834
345.445000,-0.268029,0.474529,9.784834
345.475000,-0.268029,0.474529,9.784834
345.510000,-0.268029,0.474529,9.784834
345.545000,-0.268029,0.474529,9.784834
345.575000,-0.268029,0.474529,9.784834
345.610000,-0.268029,0.474529,9.784834
345.640000,-0.268029,0.474529,9.784834
345.675000,-0.268028,0.474530,9.784834
345.710000,-0.268028,0.474530,9.784834
345.740000,-0.268028,0.474530,9.784834
345.775000,-0.268028,0.474530,9.784834
345.805000,-0.268028,0.474530,9.784834
345.840000,-0.268028,0.474530,9.784834
345.875000,-0.268028,0.474530,9.784834
345.905000,-0.268028,0.474530,9.784834
345.940000,-0.268028,0.474530,9.784834
345.970000,-0.268028,0.474530,9.784834
346.005000,-0.268027,0.474530,9.784834
346.040000,-0.268027,0.474530,9.784834
346.070000,-0.268027,0.474530,9.784834
346.105000,-0.268027,0.474530,9.784834
346.135000,-0.268027,0.474530,9.784834
346.170000,-0.268027,0.474530,9.784834
346.205000,-0.268027,0.474530,9.784834
346.235000,-0.268027,0.474530,9.784834
346.270000,-0.268027,0.474530,9.784834
346.300000,-0.268027,0.474530,9.784834
346.335000,-0.268026,0.474530,9.784834
346.370000,-0.268026,0.474530,9.784834
346.400000,-0.268026,0.474530,9.784834
346.435000,-0.268026,0.474530,9.784834
346.465000,-0.268026,0.474530,9.784834
346.500000,-0.268026,0.474530,9.784834
346.535000,-0.268026,0.474531,9.784834
346.565000,-11.507391,2.436949,16.838835
346.600000,-0.294608,0.472274,9.713884
346.630000,-2.231937,0.295692,4.618798
346.665000,-8.847581,2.285781,12.771515
346.700000,0.003702,-0.225951,9.152689
346.730000,-0.015259,-0.005156,-0.021639
346.765000,11.022142,5.342064,13.318556
346.795000,0.075667,-0.148278,9.698336
346.830000,4.689711,-3.665826,10.652781
346.865000,-0.652303,-0.816448,13.951236
346.895000,0.057967,-0.116113,9.784336
346.930000,0.057143,-0.114955,9.782815
346.960000,0.056510,-0.113872,9.780862
346.995000,0.055630,-0.112360,9.777776
347.030000,-0.016244,2.253259,6.383750
347.060000,-0.278738,0.466442,9.784053
347.095000,-0.278676,0.466558,9.784103
347.125000,-0.278734,0.466495,9.784158
347.160000,-0.278732,0.466521,9.784208
347.195000,-0.278730,0.466545,9.784256
347.225000,-0.278729,0.466565,9.784294
347.260000,-0.278727,0.466586,9.784335
347.290000,-0.278726,0.466603,9.784368
347.325000,-0.278724,0.466622,9.784405
347.360000,-0.278723,0.466639,9.784439
347.390000,-0.278722,0.466653,9.784466
347.425000,-0.278721,0.466668,9.784496
347.455000,-0.278720,0.466680,9.784520
347.490000,-0.278719,0.466694,9.784546
347.525000,-0.278718,0.466706,9.784570
347.555000,-0.278717,0.466716,9.784590
347.590000,-0.278716,0.466727,9.784611
347.620000,-0.278723,0.466730,9.784629
347.655000,-0.278715,0.466745,9.784647
347.690000,-0.278714,0.466754,9.784664
347.720000,-0.278719,0.466757,9.784679
347.755000,-0.278713,0.466769,9.784694
347.785000,-0.278712,0.466776,9.784706
347.820000,-0.278717,0.466779,9.784720
347.855000,-0.278711,0.466789,9.784732
347.885000,-0.278711,0.466794,9.784742
347.920000,-0.278714,0.466797,9.784753
347.950000,-0.278710,0.466805,9.784762
347.985000,-0.278709,0.466810,9.784772
348.020000,-0.278712,0.466812,9.784781
348.050000,-0.278708,0.466818,9.784788
348.085000,-0.278708,0.466822,9.784796
348.115000,-0.278705,0.466827,9.784802
348.150000,-0.278707,0.466829,9.784809
348.185000,-0.278707,0.466832,9.784816
348.215000,-0.278705,0.466836,9.784821
348.250000,-0.278707,0.466838,9.784826
348.280000,-0.278706,0.466840,9.784831
348.315000,-0.278704,0.466844,9.784836
348.350000,-0.278706,0.466845,9.784841
348.380000,-0.278705,0.466847,9.784844
348.415000,-0.278704,0.466850,9.784848
348.445000,-0.278705,0.466851,9.784852
348.480000,-0.278705,0.466853,9.784855
348.515000,-0.278703,0.466855,9.784858
348.545000,-0.278704,0.466856,9.784861
348.580000,-0.278704,0.466857,9.784864
348.610000,-0.278704,0.466859,9.784866
348.645000,-0.278704,0.466860,9.784869
348.680000,-0.278704,0.466861,9.784871
348.710000,-0.278703,0.466862,9.784873
348.745000,-0.278703,0.466863,9.784875
348.775000,-0.278703,0.466864,9.784877
348.810000,-0.278703,0.466865,9.784879
348.845000,-0.278703,0.466866,9.784881
348.875000,-0.278703,0.466867,9.784882
348.910000,-0.278702,0.466868,9.784884
348.940000,-0.278702,0.466868,9.784885
348.975000,-0.278702,0.466869,9.784886
349.010000,-0.278702,0.466870,9.784887
349.040000,-0.278702,0.466870,9.784888
349.075000,-0.278702,0.466871,9.784889
349.105000,-0.278702,0.466871,9.784890
349.140000,-0.278701,0.466872,9.784891
349.175000,-0.278701,0.466873,9.784892
349.205000,-0.278701,0.466873,9.784893
349.240000,-0.278701,0.466873,9.784894
349.270000,-0.278699,0.466881,9.784893
349.305000,-0.278701,0.466874,9.784895
349.340000,-0.278701,0.466875,9.784895
349.370000,-0.278699,0.466881,9.784895
349.405000,-0.278700,0.466875,9.784897
349.435000,-0.278700,0.466875,9.784897
349.470000,-2.284199,0.308616,4.622400
349.505000,-0.322272,0.464345,9.715047
349.535000,-2.521743,0.407150,8.151253
349.570000,-0.715096,-0.653234,2.220382
349.600000,-0.185891,2.373341,6.448302
349.635000,-0.299080,0.458593,8.999250
349.670000,-0.005643,-0.178588,9.028323
349.700000,0.042271,-0.189858,9.005344
349.735000,-0.323020,3.320748,7.831825
349.765000,0.331467,-0.101184,9.019723
349.800000,0.043050,-0.237762,9.002903
349.835000,-6.015831,4.489412,11.452345
349.865000,7.632784,4.342786,19.725923
349.900000,-7.915062,5.285084,17.041233
349.930000,-0.470013,0.706068,9.094286
349.965000,-0.502300,0.652699,9.091462
350.000000,-0.548250,0.615176,9.091896
350.030000,5.223385,-2.367135,15.037952
350.065000,11.689880,-4.271225,10.765974
350.095000,-0.389043,0.648125,9.636779
350.130000,1.905071,-0.184108,13.762833
350.165000,6.642687,-2.785073,8.018916
350.195000,-0.369279,0.632481,9.742331
350.230000,-0.378036,0.616427,9.741703
350.260000,-0.376671,0.618951,9.740193
350.295000,-0.039075,2.946257,7.811939
350.330000,-0.327766,0.710949,9.767932
350.360000,-0.332998,0.703499,9.768696
350.395000,-0.333125,0.703265,9.768732
350.425000,-0.333234,0.703063,9.768761
350.460000,-0.333361,0.702827,9.768795
350.495000,-0.334883,0.700032,9.768890
350.525000,-0.334948,0.699928,9.768916
350.560000,-0.334970,0.699882,9.768940
350.590000,-0.334989,0.699846,9.768959
350.625000,-0.335008,0.699806,9.768980
350.660000,-0.335027,0.699768,9.769000
350.690000,-0.335042,0.699737,9.769016
350.725000,-0.335058,0.699703,9.769033
350.755000,-0.335071,0.699676,9.769047
350.790000,-0.335085,0.699646,9.769062
350.825000,-0.335099,0.699618,9.769077
350.855000,-0.335109,0.699595,9.769088
350.890000,-0.335121,0.699570,9.769101
350.920000,-0.335128,0.699554,9.769110
350.955000,-0.335139,0.699529,9.769121
350.990000,-0.335150,0.699505,9.769132
351.020000,-0.335202,0.699423,9.769144
351.055000,-0.335166,0.699468,9.769149
351.085000,-0.335172,0.699452,9.769157
351.120000,-0.335167,0.699444,9.769163
351.155000,-0.335186,0.699418,9.769172
351.185000,-0.335192,0.699405,9.769178
351.220000,-0.335193,0.699386,9.769184
351.250000,-0.335210,0.699364,9.769191
351.285000,-0.335214,0.699351,9.769197
351.320000,-0.335208,0.699348,9.769201
351.350000,-0.335222,0.699329,9.769206
351.385000,-0.335226,0.699318,9.769211
351.415000,-0.335238,0.699302,9.769216
351.450000,-0.335232,0.699299,9.769219
351.485000,-0.335235,0.699289,9.769223
351.515000,-0.335225,0.699299,9.769226
351.550000,-0.335240,0.699271,9.769230
351.580000,-0.335243,0.699264,9.769233
351.615000,-0.335251,0.699251,9.769237
351.650000,-0.335247,0.699247,9.769239
351.680000,-0.335249,0.699241,9.769241
351.715000,-0.335255,0.699229,9.769244
351.745000,-0.335252,0.699227,9.769246
351.780000,-0.335254,0.699220,9.769248
351.815000,-0.335255,0.699213,9.769250
351.845000,-0.335256,0.699207,9.769252
351.880000,-0.335258,0.699200,9.769254
351.910000,-0.335217,0.699251,9.769253
351.945000,-0.335260,0.699188,9.769257
351.980000,-0.335261,0.699182,9.769259
352.010000,-0.335262,0.699177,9.769260
352.045000,-0.335263,0.699171,9.769261
352.075000,-0.335263,0.699166,9.769263
352.110000,-0.335264,0.699161,9.769264
352.145000,-0.335265,0.699155,9.769265
352.175000,-0.335265,0.699151,9.769266
352.210000,-0.335266,0.699145,9.769267
352.240000,-0.335266,0.699141,9.769268
352.275000,-0.335267,0.699136,9.769269
352.310000,-0.335267,0.699131,9.769270
352.340000,-0.335268,0.699127,9.769271
352.375000,-0.335268,0.699122,9.769272
352.405000,-0.335268,0.699117,9.769273
352.440000,-0.335269,0.699113,9.769274
352.475000,-0.335269,0.699108,9.769274
352.505000,-0.335269,0.699104,9.769275
352.540000,-0.335269,0.699099,9.769276
352.570000,-0.335277,0.699086,9.769277
352.605000,-0.335270,0.699091,9.769277
352.640000,-0.335270,0.699086,9.769278
352.670000,-0.335276,0.699075,9.769279
352.705000,-0.335270,0.699078,9.769279
352.735000,-0.335270,0.699074,9.769279
352.770000,-0.335275,0.699064,9.769280
352.805000,-0.335270,0.699066,9.769280
352.835000,-0.335270,0.699062,9.769281
352.870000,-0.335274,0.699053,9.769282
352.900000,-0.335269,0.699053,9.769281
352.935000,-0.335270,0.699050,9.769282
352.970000,-0.335274,0.699042,9.769283
353.000000,-0.335270,0.699042,9.769283
353.035000,-0.335270,0.699038,9.769284
353.065000,-0.335268,0.699038,9.769284
353.100000,-0.335270,0.699030,9.769284
353.135000,-0.335270,0.699026,9.769285
353.165000,-0.335268,0.699025,9.769285
353.200000,-0.335270,0.699018,9.769285
353.230000,-0.335270,0.699015,9.769286
353.265000,-0.335268,0.699013,9.769286
353.300000,-0.335270,0.699007,9.769287
353.330000,-0.335270,0.699003,9.769287
353.365000,-0.335268,0.699001,9.769287
353.395000,-0.335270,0.698996,9.769288
353.430000,-0.335270,0.698992,9.769288
353.465000,-0.335268,0.698989,9.769288
353.495000,-0.335269,0.698984,9.769289
353.530000,-0.335269,0.698980,9.769289
353.560000,-0.335269,0.698977,9.769289
353.595000,-0.335269,0.698973,9.769290
353.630000,-0.335269,0.698969,9.769290
353.660000,-0.335269,0.698965,9.769290
353.695000,-0.335269,0.698961,9.769291
353.725000,-0.335269,0.698958,9.769291
353.760000,-0.335268,0.698954,9.769291
353.795000,-0.335268,0.698950,9.769291
353.825000,-0.335268,0.698947,9.769292
353.860000,-0.335268,0.698943,9.769292
353.890000,-0.335268,0.698939,9.769292
353.925000,-0.335268,0.698935,9.769293
353.960000,-0.335268,0.698931,9.769293
353.990000,-0.335268,0.698928,9.769293
354.025000,-0.335267,0.698924,9.769293
354.055000,-0.335267,0.698921,9.769294
354.090000,-0.335267,0.698917,9.769294
354.125000,-0.335267,0.698913,9.769294
354.155000,-0.335267,0.698909,9.769295
354.190000,-0.335267,0.698906,9.769295
354.220000,-0.335267,0.698902,9.769295
354.255000,-0.335266,0.698898,9.769295
354.290000,-0.335266,0.698894,9.769296
354.320000,-0.335266,0.698891,9.769296
354.355000,-0.335266,0.698887,9.769296
354.385000,-0.335266,0.698884,9.769297
354.420000,-0.335266,0.698880,9.769297
354.455000,-0.335266,0.698876,9.769297
354.485000,-0.335265,0.698872,9.769297
354.520000,-0.335265,0.698868,9.769298
354.550000,-0.335265,0.698865,9.769298
354.585000,-0.335265,0.698861,9.769298
354.620000,-0.335265,0.698857,9.769299
354.650000,-0.335265,0.698854,9.769299
354.685000,-0.335265,0.698850,9.769299
354.715000,-0.335264,0.698847,9.769299
354.750000,-0.335264,0.698843,9.769300
354.785000,-0.335264,0.698839,9.769300
354.815000,-0.335264,0.698836,9.769300
354.850000,-0.335264,0.698832,9.769300
354.880000,-0.335264,0.698828,9.769301
354.915000,-0.335263,0.698824,9.769301
354.950000,-0.335263,0.698820,9.769301
354.980000,-0.335263,0.698817,9.769302
355.015000,-0.335263,0.698813,9.769302
355.045000,-0.335263,0.698810,9.769302
355.080000,-0.335263,0.698806,9.769302
355.115000,-0.335263,0.698802,9.769303
355.145000,-0.335262,0.698798,9.769303
355.180000,-0.335262,0.698795,9.769303
355.210000,-0.335262,0.698791,9.769303
355.245000,-0.335262,0.698787,9.769304
355.280000,-0.335262,0.698783,9.769304
355.310000,-0.335262,0.698780,9.769304
355.345000,-0.335262,0.698776,9.769305
355.375000,-0.335261,0.698773,9.769305
355.410000,-1.862781,1.404991,10.167565
355.445000,-0.201236,0.952231,9.763786
355.475000,-0.335265,0.698629,9.769312
355.510000,-0.335265,0.698625,9.769313
355.540000,-0.335265,0.698621,9.769313
355.575000,-0.335265,0.698617,9.769314
355.610000,-0.335265,0.698613,9.769314
355.640000,-0.335265,0.698609,9.769315
355.675000,-0.335264,0.698605,9.769315
355.705000,-0.335264,0.698601,9.769315
355.740000,-0.335264,0.698597,9.769316
355.775000,-0.335264,0.698593,9.769316
355.805000,-0.335264,0.698590,9.769317
355.840000,-0.335264,0.698586,9.769317
355.870000,-0.335264,0.698582,9.769317
355.905000,-0.335264,0.698578,9.769318
355.940000,-0.335263,0.698574,9.769318
355.970000,-0.335263,0.698571,9.769318
356.005000,-0.335263,0.698567,9.769319
356.035000,-0.335263,0.698563,9.769319
356.070000,-0.335263,0.698559,9.769319
356.105000,-0.335263,0.698555,9.769320
356.135000,-0.335263,0.698552,9.769320
356.170000,-0.335263,0.698548,9.769320
356.200000,-0.335262,0.698544,9.769321
356.235000,-0.335262,0.698540,9.769321
356.270000,-0.335262,0.698536,9.769321
356.300000,-0.335262,0.698533,9.769321
356.335000,-0.335262,0.698529,9.769322
356.365000,-0.335262,0.698526,9.769322
356.400000,-0.335262,0.698522,9.769322
356.435000,-0.335261,0.698518,9.769323
356.465000,-0.335261,0.698514,9.769323
356.500000,-0.335261,0.698510,9.769323
356.530000,-0.335261,0.698507,9.769324
356.565000,-0.335261,0.698503,9.769324
356.600000,-0.335261,0.698499,9.769324
356.630000,-0.335261,0.698496,9.769324
356.665000,-0.335260,0.698492,9.769325
356.695000,-0.335260,0.698488,9.769325
356.730000,-0.335260,0.698484,9.769325
356.765000,-0.335260,0.698480,9.769326
356.795000,-0.335260,0.698477,9.769326
356.830000,-0.335260,0.698473,9.769326
356.860000,-0.335260,0.698470,9.769326
356.895000,-0.335259,0.698466,9.769327
356.930000,-0.335259,0.698462,9.769327
356.960000,-0.335259,0.698459,9.769327
356.995000,-0.335259,0.698455,9.769328
357.025000,-0.335259,0.698451,9.769328
357.060000,-0.335259,0.698447,9.769328
357.095000,-0.335258,0.698443,9.769328
357.125000,-0.335258,0.698440,9.769329
357.160000,-0.335258,0.698436,9.769329
357.190000,-0.335258,0.698433,9.769329
357.225000,-0.335258,0.698429,9.769329
357.260000,-0.335258,0.698425,9.769330
357.290000,-0.335258,0.698422,9.769330
357.325000,-0.335257,0.698418,9.769330
357.355000,-0.335257,0.698414,9.769331
357.390000,-0.335257,0.698410,9.769331
357.425000,-0.335257,0.698406,9.769331
357.455000,-0.335257,0.698403,9.769331
357.490000,-0.335257,0.698399,9.769332
357.520000,-0.335256,0.698396,9.769332
357.555000,-0.335256,0.698392,9.769332
357.590000,-0.335256,0.698388,9.769332
357.620000,-0.335256,0.698385,9.769333
357.655000,-0.335256,0.698381,9.769333
357.685000,-0.335256,0.698377,9.769333
357.720000,-0.335256,0.698373,9.769334
357.755000,-0.335255,0.698369,9.769334
357.785000,-0.335255,0.698366,9.769334
357.820000,-0.335255,0.698362,9.769334
357.850000,-0.335255,0.698359,9.769335
357.885000,-0.335255,0.698355,9.769335
357.920000,-0.335255,0.698351,9.769335
357.950000,-0.335254,0.698348,9.769335
357.985000,-0.335254,0.698344,9.769336
358.015000,-0.335254,0.698340,9.769336
358.050000,-0.335254,0.698336,9.769336
358.085000,-0.335254,0.698333,9.769337
358.115000,-0.335254,0.698329,9.769337
358.150000,-0.335254,0.698325,9.769337
358.180000,-0.335253,0.698322,9.769337
358.215000,-0.335253,0.698318,9.769338
358.250000,-0.335253,0.698314,9.769338
358.280000,-0.335253,0.698311,9.769338
358.315000,-0.335253,0.698307,9.769338
358.345000,-0.335253,0.698303,9.769339
358.380000,-0.335253,0.698300,9.769339
358.415000,-0.335252,0.698296,9.769339
358.445000,-0.335252,0.698292,9.769339
358.480000,-0.335252,0.698288,9.769340
358.510000,-0.335252,0.698285,9.769340
358.545000,-0.335252,0.698281,9.769340
358.580000,-0.335252,0.698277,9.769341
358.610000,-0.335251,0.698274,9.769341
358.645000,-0.335251,0.698270,9.769341
358.675000,-0.335251,0.698267,9.769341
358.710000,-0.335251,0.698263,9.769342
358.745000,-0.335251,0.698259,9.769342
358.775000,-0.335251,0.698255,9.769342
358.810000,-0.335251,0.698251,9.769342
358.840000,-0.335250,0.698248,9.769343
358.875000,-0.335250,0.698244,9.769343
358.910000,-0.335250,0.698240,9.769343
358.940000,-0.335250,0.698237,9.769344
358.975000,-0.335250,0.698233,9.769344
359.005000,-0.335250,0.698230,9.769344
359.040000,-0.335249,0.698226,9.769344
359.075000,-0.335249,0.698222,9.769345
359.105000,-0.335249,0.698218,9.769345
359.140000,-0.335249,0.698215,9.769345
359.170000,-0.335249,0.698211,9.769345
359.205000,-0.335249,0.698207,9.769346
359.240000,-0.335249,0.698203,9.769346
359.270000,-0.335248,0.698200,9.769346
359.305000,-0.335248,0.698196,9.769346
359.335000,-0.335248,0.698193,9.769347
359.370000,-0.335248,0.698189,9.769347
359.405000,-0.335248,0.698185,9.769347
359.435000,-0.335248,0.698182,9.769348
359.470000,-0.335247,0.698178,9.769348
359.500000,-0.335247,0.698174,9.769348
359.535000,-0.335247,0.698170,9.769348
359.570000,-0.335246,0.698169,9.769349
359.600000,-0.335247,0.698163,9.769349
359.635000,-0.335247,0.698159,9.769349
359.665000,-0.335205,0.698185,9.769342
359.700000,-0.335246,0.698152,9.769350
359.735000,-0.335246,0.698148,9.769350
359.765000,-0.335232,0.698125,9.769343
359.800000,-0.335245,0.698142,9.769350
359.830000,-0.334057,0.699323,9.769204
359.865000,-0.335245,0.698135,9.769351
359.900000,-0.335245,0.698130,9.769351
359.930000,-0.335245,0.698127,9.769351
359.965000,-0.335242,0.698126,9.769351
359.995000,-0.335245,0.698120,9.769352
360.030000,-0.335244,0.698116,9.769352
360.065000,-0.335242,0.698114,9.769352
360.095000,-0.335244,0.698109,9.769353
360.130000,-0.335244,0.698105,9.769353
360.160000,-0.335244,0.698102,9.769353
360.195000,-0.335244,0.698098,9.769354
360.230000,-0.335244,0.698094,9.769354
360.260000,-0.335243,0.698091,9.769354
360.295000,-0.335243,0.698087,9.769354
360.325000,-0.335243,0.698083,9.769355
360.360000,-0.335243,0.698080,9.769355
360.395000,-0.335243,0.698076,9.769355
360.425000,-0.335243,0.698072,9.769355
360.460000,-0.335242,0.698069,9.769356
360.490000,-0.335242,0.698065,9.769356
360.525000,-0.335242,0.698061,9.769356
360.560000,-0.335242,0.698058,9.769357
360.590000,-0.335242,0.698054,9.769357
360.625000,-0.335242,0.698050,9.769357
360.655000,-0.335242,0.698047,9.769357
360.690000,-0.335241,0.698043,9.769358
360.725000,-0.335241,0.698039,9.769358
360.755000,-0.335241,0.698036,9.769358
360.790000,-0.335241,0.698032,9.769358
360.820000,-0.335241,0.698029,9.769359
360.855000,-0.335241,0.698025,9.769359
360.890000,-0.335241,0.698021,9.769359
360.920000,-0.335241,0.698018,9.769359
360.955000,-0.335240,0.698014,9.769360
360.985000,-0.335240,0.698011,9.769360
361.020000,-0.335240,0.698007,9.769360
361.055000,-0.335240,0.698003,9.769361
361.085000,-0.335240,0.698000,9.769361
361.120000,-0.335240,0.697996,9.769361
361.150000,-0.335239,0.697993,9.769361
361.185000,-0.335239,0.697989,9.769362
361.220000,-0.335239,0.697985,9.769362
361.250000,-0.335239,0.697982,9.769362
361.285000,-0.335239,0.697978,9.769362
361.315000,-0.335239,0.697975,9.769363
361.350000,-0.335239,0.697971,9.769363
361.385000,-0.335238,0.697967,9.769363
361.415000,-0.335238,0.697964,9.769363
361.450000,-0.335238,0.697960,9.769364
361.480000,-0.335238,0.697956,9.769364
361.515000,-0.335238,0.697953,9.769364
361.550000,-0.335238,0.697949,9.769365
361.580000,-0.335237,0.697945,9.769365
361.615000,-0.335237,0.697942,9.769365
361.645000,-0.335237,0.697938,9.769365
361.680000,-0.335237,0.697934,9.769366
361.715000,-0.335237,0.697931,9.769366
361.745000,-0.335237,0.697927,9.769366
361.780000,-0.335237,0.697923,9.769366
361.810000,-0.335236,0.697920,9.769367
361.845000,-0.335236,0.697916,9.769367
361.880000,-0.335236,0.697912,9.769367
361.910000,-0.335236,0.697909,9.769367
361.945000,-0.335236,0.697905,9.769368
361.975000,-0.335236,0.697902,9.769368
362.010000,-0.335236,0.697898,9.769368
362.045000,-0.335235,0.697894,9.769368
362.075000,-0.335235,0.697891,9.769369
362.110000,-0.335235,0.697887,9.769369
362.140000,-0.335235,0.697884,9.769369
362.175000,-0.335235,0.697880,9.769370
362.210000,-0.335235,0.697876,9.769370
362.240000,-0.335235,0.697873,9.769370
362.275000,-0.335234,0.697869,9.769370
362.305000,-0.335234,0.697866,9.769371
362.340000,-0.335234,0.697862,9.769371
362.375000,-0.335234,0.697858,9.769371
362.405000,-0.335234,0.697855,9.769371
362.440000,-0.335234,0.697851,9.769372
362.470000,-0.335234,0.697848,9.769372
362.505000,-0.335233,0.697844,9.769372
362.540000,-0.335233,0.697840,9.769372
362.570000,-0.335233,0.697837,9.769373
362.605000,-0.335233,0.697833,9.769373
362.635000,-0.335233,0.697829,9.769373
362.670000,-0.335233,0.697826,9.769373
362.705000,-0.335232,0.697822,9.769374
362.735000,-0.335232,0.697818,9.769374
362.770000,-0.335232,0.697815,9.769374
362.800000,-0.335232,0.697811,9.769375
362.835000,-0.335232,0.697807,9.769375
362.870000,-0.335232,0.697804,9.769375
362.900000,-0.335232,0.697800,9.769375
362.935000,-0.335231,0.697796,9.769376
362.965000,-0.335231,0.697793,9.769376
363.000000,-0.335231,0.697789,9.769376
363.035000,-0.335231,0.697785,9.769376
363.065000,-0.335231,0.697782,9.769377
363.100000,-0.335231,0.697778,9.769377
363.130000,-0.335231,0.697775,9.769377
363.165000,-0.335230,0.697771,9.769377
363.200000,-0.335230,0.697767,9.769378
363.230000,-0.335230,0.697764,9.769378
363.265000,-0.335230,0.697760,9.769378
363.295000,-0.335230,0.697757,9.769379
363.330000,-0.335230,0.697753,9.769379
363.365000,-0.335230,0.697749,9.769379
363.395000,-0.335229,0.697746,9.769379
363.430000,-0.335229,0.697742,9.769380
363.460000,-0.335229,0.697739,9.769380
363.495000,-0.335229,0.697735,9.769380
363.530000,-0.335229,0.697731,9.769380
363.560000,-0.335229,0.697728,9.769381
363.595000,-0.335229,0.697724,9.769381
363.625000,-0.335228,0.697721,9.769381
363.660000,-0.335228,0.697717,9.769381
363.695000,-0.335228,0.697713,9.769382
363.725000,-0.335228,0.697710,9.769382
363.760000,-0.335228,0.697706,9.769382
363.790000,-0.335228,0.697702,9.769382
363.825000,-0.335228,0.697699,9.769383
363.860000,-0.335227,0.697695,9.769383
363.890000,-0.335227,0.697691,9.769383
363.925000,-0.335227,0.697688,9.769384
363.955000,-0.335227,0.697684,9.769384
363.990000,-0.335227,0.697680,9.769384
364.025000,-0.335227,0.697677,9.769384
364.055000,-0.335226,0.697673,9.769385
364.090000,-0.335226,0.697669,9.769385
364.120000,-0.335226,0.697666,9.769385
364.155000,-0.335226,0.697662,9.769385
364.190000,-0.335226,0.697658,9.769386
364.220000,-0.335226,0.697655,9.769386
364.255000,-0.335226,0.697651,9.769386
364.285000,-0.335225,0.697648,9.769386
364.320000,-0.335225,0.697644,9.769387
364.355000,-0.335225,0.697640,9.769387
364.385000,-0.335225,0.697637,9.769387
364.420000,-0.335225,0.697633,9.769388
364.450000,-0.335225,0.697630,9.769388
364.485000,-0.335225,0.697626,9.769388
364.520000,-0.335224,0.697622,9.769388
364.550000,-0.335224,0.697619,9.769389
364.585000,-0.335224,0.697615,9.769389
364.615000,-0.335224,0.697612,9.769389
364.650000,-0.335224,0.697608,9.769389
364.685000,-0.335224,0.697604,9.769390
364.715000,-0.335224,0.697601,9.769390
364.750000,-0.335223,0.697597,9.769390
364.780000,-0.335223,0.697593,9.769390
364.815000,-0.335223,0.697590,9.769391
364.850000,-0.335223,0.697586,9.769391
364.880000,-0.335223,0.697582,9.769391
364.915000,-0.335223,0.697579,9.769391
364.945000,-0.335223,0.697575,9.769392
364.980000,-0.335222,0.697571,9.769392
365.015000,-0.335222,0.697568,9.769392
365.045000,-0.335222,0.697564,9.769393
365.080000,-0.335222,0.697560,9.769393
365.110000,-0.335222,0.697557,9.769393
365.145000,-0.335222,0.697553,9.769393
365.180000,-0.335222,0.697549,9.769394
365.210000,-0.335221,0.697546,9.769394
365.245000,-0.335221,0.697542,9.769394
365.275000,-0.335221,0.697539,9.769394
365.310000,-0.335221,0.697535,9.769395
365.345000,-0.335221,0.697531,9.769395
365.375000,-0.335221,0.697528,9.769395
365.410000,-0.335220,0.697524,9.769395
365.440000,-0.335220,0.697521,9.769396
365.475000,-0.335220,0.697517,9.769396
365.510000,-0.335220,0.697513,9.769396
365.540000,-0.335220,0.697510,9.769396
365.575000,-0.335220,0.697506,9.769397
365.605000,-0.335220,0.697503,9.769397
365.640000,-0.335219,0.697499,9.769397
365.675000,-0.335219,0.697495,9.769398
365.705000,-0.335219,0.697492,9.769398
365.740000,-0.335219,0.697488,9.769398
365.770000,-0.335219,0.697485,9.769398
365.805000,-0.335219,0.697481,9.769399
365.840000,-0.335219,0.697477,9.769399
365.870000,-0.335218,0.697474,9.769399
365.905000,-0.335218,0.697470,9.769399
365.935000,-0.335218,0.697466,9.769400
365.970000,-0.335218,0.697463,9.769400
366.005000,-0.335218,0.697459,9.769400
366.035000,-0.335218,0.697455,9.769400
366.070000,-0.335218,0.697452,9.769401
366.100000,-0.335217,0.697448,9.769401
366.135000,-0.335217,0.697444,9.769401
366.170000,-0.335217,0.697441,9.769402
366.200000,-0.335217,0.697437,9.769402
366.235000,-0.335217,0.697433,9.769402
366.265000,-0.335217,0.697430,9.769402
366.300000,-0.335217,0.697426,9.769403
366.335000,-0.335216,0.697422,9.769403
366.365000,-0.335216,0.697419,9.769403
366.400000,-0.335216,0.697415,9.769403
366.430000,-0.335216,0.697412,9.769404
366.465000,-0.335216,0.697408,9.769404
366.500000,-0.335216,0.697404,9.769404
366.530000,-0.335216,0.697401,9.769404
366.565000,-0.335215,0.697397,9.769405
366.595000,-0.335215,0.697394,9.769405
366.630000,-0.335215,0.697390,9.769405
366.665000,-0.335215,0.697386,9.769405
366.695000,-0.335215,0.697383,9.769406
366.730000,-0.335215,0.697379,9.769406
366.760000,-0.335214,0.697376,9.769406
366.795000,-0.335214,0.697372,9.769407
366.830000,-0.335214,0.697368,9.769407
366.860000,-0.335214,0.697365,9.769407
366.895000,-0.335214,0.697361,9.769407
366.925000,-0.335214,0.697358,9.769408
366.960000,-0.335214,0.697354,9.769408
366.995000,-0.335213,0.697350,9.769408
367.025000,-0.335213,0.697347,9.769408
367.060000,-0.335213,0.697343,9.769409
367.090000,-0.335213,0.697339,9.769409
367.125000,-0.335213,0.697336,9.769409
367.160000,-0.335213,0.697332,9.769409
367.190000,-0.335213,0.697328,9.769410
367.225000,-0.335212,0.697325,9.769410
367.255000,-0.335212,0.697321,9.769410
367.290000,-0.335212,0.697317,9.769410
367.325000,-0.335212,0.697314,9.769411
367.355000,-0.335212,0.697310,9.769411
367.390000,-0.335212,0.697306,9.769411
367.420000,-0.335212,0.697303,9.769412
367.455000,-0.335211,0.697299,9.769412
367.490000,-0.335211,0.697295,9.769412
367.520000,-0.335211,0.697292,9.769412
367.555000,-0.335211,0.697288,9.769413
367.585000,-0.335211,0.697285,9.769413
367.620000,-0.335211,0.697281,9.769413
367.655000,-0.335211,0.697277,9.769413
367.685000,-0.335210,0.697274,9.769414
367.720000,-0.335210,0.697270,9.769414
367.750000,-0.335210,0.697267,9.769414
367.785000,-0.335210,0.697263,9.769414
367.820000,-0.335210,0.697259,9.769415
367.850000,-0.335210,0.697256,9.769415
367.885000,-0.335209,0.697252,9.769415
367.915000,-0.335209,0.697249,9.769415
367.950000,-0.335209,0.697245,9.769416
367.985000,-0.335209,0.697241,9.769416
368.015000,-0.335209,0.697238,9.769416
368.050000,-0.335209,0.697234,9.769417
368.080000,-0.335209,0.697230,9.769417
368.115000,-0.335208,0.697227,9.769417
368.150000,-0.335208,0.697223,9.769417
368.180000,-0.335208,0.697219,9.769418
368.215000,-0.335208,0.697216,9.769418
368.245000,-0.335208,0.697212,9.769418
368.280000,-0.335208,0.697208,9.769418
368.315000,-0.335208,0.697205,9.769419
368.345000,-0.335207,0.697201,9.769419
368.380000,-0.335207,0.697197,9.769419
368.410000,-0.335207,0.697194,9.769419
368.445000,-0.335207,0.697190,9.769420
368.480000,-0.335207,0.697186,9.769420
368.510000,-0.335207,0.697183,9.769420
368.545000,-0.335207,0.697179,9.769421
368.575000,-0.335206,0.697176,9.769421
368.610000,-0.335206,0.697172,9.769421
368.645000,-0.335272,0.697052,9.769457
368.675000,-0.335212,0.697033,9.769429
368.710000,-0.335212,0.697029,9.769429
368.740000,-0.335212,0.697025,9.769429
368.775000,-0.335212,0.697021,9.769430
368.810000,-0.335212,0.697018,9.769430
368.840000,-0.335211,0.697014,9.769431
368.875000,-0.335211,0.697010,9.769431
368.905000,-0.335211,0.697007,9.769431
368.940000,-0.335211,0.697003,9.769432
368.975000,-0.335211,0.696999,9.769432
369.005000,-0.335210,0.696996,9.769432
369.040000,-0.335210,0.696992,9.769433
369.070000,-0.335210,0.696989,9.769433
369.105000,-0.335210,0.696985,9.769433
369.140000,-0.335210,0.696981,9.769434
369.170000,-0.335210,0.696978,9.769434
369.205000,-0.335209,0.696974,9.769434
369.235000,-0.335209,0.696970,9.769435
369.270000,-0.335209,0.696966,9.769435
369.305000,-0.335209,0.696963,9.769435
369.335000,-0.335209,0.696959,9.769436
369.370000,-0.335209,0.696955,9.769436
369.400000,-0.335208,0.696952,9.769436
369.435000,-0.335208,0.696948,9.769436
369.470000,-0.335208,0.696944,9.769437
369.500000,-0.335208,0.696941,9.769437
369.535000,-0.335208,0.696937,9.769437
369.565000,-0.335208,0.696934,9.769438
369.600000,-0.335207,0.696930,9.769438
369.635000,-0.335207,0.696926,9.769438
369.665000,-0.335207,0.696923,9.769438
369.700000,-0.335207,0.696919,9.769439
369.730000,-0.335207,0.696916,9.769439
369.765000,-0.335207,0.696912,9.769439
369.800000,-0.335207,0.696908,9.769440
369.830000,-0.335206,0.696905,9.769440
369.865000,-0.335206,0.696901,9.769440
369.895000,-0.335206,0.696898,9.769440
369.930000,-0.335206,0.696894,9.769441
369.965000,-0.335206,0.696890,9.769441
369.995000,-0.335206,0.696887,9.769441
370.030000,-0.335205,0.696883,9.769442
370.060000,-0.335205,0.696879,9.769442
370.095000,-0.335205,0.696875,9.769442
370.130000,-0.335205,0.696872,9.769442
370.160000,-0.335205,0.696868,9.769443
370.195000,-0.335205,0.696864,9.769443
370.225000,-0.335205,0.696861,9.769443
370.260000,-0.335204,0.696857,9.769443
370.295000,-0.335204,0.696853,9.769444
370.325000,-0.335204,0.696850,9.769444
370.360000,-0.335204,0.696846,9.769444
370.390000,-0.335204,0.696843,9.769445
370.425000,-0.335204,0.696839,9.769445
370.460000,-0.335204,0.696835,9.769445
370.490000,-0.335203,0.696832,9.769445
370.525000,-0.335203,0.696828,9.769446
370.555000,-0.335203,0.696825,9.769446
370.590000,-0.335203,0.696821,9.769446
370.625000,-0.335203,0.696817,9.769446
370.655000,-0.335203,0.696814,9.769447
370.690000,-0.335203,0.696810,9.769447
370.720000,-0.335202,0.696807,9.769447
370.755000,-0.335202,0.696803,9.769448
370.790000,-0.335202,0.696799,9.769448
370.820000,-0.335202,0.696796,9.769448
370.855000,-0.335202,0.696792,9.769448
370.885000,-0.335202,0.696789,9.769449
370.920000,-0.335201,0.696785,9.769449
370.955000,-0.335201,0.696781,9.769449
370.985000,-0.335201,0.696778,9.769449
371.020000,-0.335201,0.696774,9.769450
371.050000,-0.335201,0.696770,9.769450
371.085000,-0.335201,0.696767,9.769450
371.120000,-0.335201,0.696763,9.769450
371.150000,-0.335200,0.696759,9.769451
371.185000,-0.335200,0.696756,9.769451
371.215000,-0.335200,0.696752,9.769451
371.250000,-0.335200,0.696748,9.769451
371.285000,-0.335200,0.696745,9.769452
371.315000,-0.335200,0.696741,9.769452
371.350000,-0.335200,0.696737,9.769452
371.380000,-0.335199,0.696734,9.769453
371.415000,-0.335199,0.696730,9.769453
371.450000,-0.335199,0.696726,9.769453
371.480000,-0.335199,0.696723,9.769453
371.515000,-0.335199,0.696719,9.769454
371.545000,-0.335199,0.696716,9.769454
371.580000,-0.335199,0.696712,9.769454
371.615000,-0.335198,0.696708,9.769454
371.645000,-0.335198,0.696705,9.769455
371.680000,-0.335198,0.696701,9.769455
371.710000,-0.335198,0.696698,9.769455
371.745000,-0.335198,0.696694,9.769455
371.780000,-0.335198,0.696690,9.769456
371.810000,-0.335198,0.696687,9.769456
371.845000,-0.335197,0.696683,9.769456
371.875000,-0.335198,0.696680,9.769457
371.910000,-1.861400,1.315574,10.159637
371.945000,-0.444952,0.508811,9.775650
371.975000,-0.423730,0.533530,9.773469
372.010000,-0.371026,0.630498,9.771114
372.040000,-0.353833,0.661684,9.770300
372.075000,-0.353766,0.661715,9.770288
372.110000,-0.353730,0.661779,9.770275
372.140000,0.094711,1.496006,9.750679
372.175000,-0.335218,0.695735,9.769430
372.205000,-0.335217,0.695735,9.769436
372.240000,-0.335216,0.695735,9.769442
372.275000,-0.335215,0.695734,9.769447
372.305000,-0.335215,0.695734,9.769452
372.340000,-0.335214,0.695733,9.769457
372.370000,-0.335214,0.695732,9.769461
372.405000,-0.335213,0.695731,9.769465
372.440000,-0.335212,0.695730,9.769469
372.470000,-0.335212,0.695728,9.769472
372.505000,-0.335211,0.695727,9.769476
372.535000,-0.335211,0.695725,9.769479
372.570000,-0.335211,0.695723,9.769482
372.605000,-0.335210,0.695721,9.769485
372.635000,-0.335210,0.695719,9.769488
372.670000,-0.335209,0.695717,9.769490
372.700000,-0.335209,0.695715,9.769493
372.735000,-0.335208,0.695713,9.769495
372.770000,-0.335208,0.695710,9.769497
372.800000,-0.335208,0.695708,9.769499
372.835000,-0.335207,0.695705,9.769501
372.865000,-0.335207,0.695703,9.769503
372.900000,-0.335207,0.695700,9.769504
372.935000,-0.335206,0.695697,9.769506
372.965000,-0.335206,0.695694,9.769507
373.000000,-0.335206,0.695691,9.769509
373.030000,-0.335206,0.695689,9.769510
373.065000,-0.335205,0.695686,9.769512
373.100000,-0.335205,0.695682,9.769513
373.130000,-0.335205,0.695680,9.769514
373.165000,-0.335205,0.695676,9.769515
373.195000,-0.335204,0.695673,9.769516
373.230000,-0.335204,0.695670,9.769517
373.265000,-0.335204,0.695667,9.769518
373.295000,-0.335204,0.695664,9.769519
373.330000,-0.335204,0.695660,9.769520
373.360000,-0.335203,0.695657,9.769521
373.395000,-0.335203,0.695654,9.769521
373.430000,-0.335203,0.695650,9.769522
373.460000,-0.335203,0.695647,9.769523
373.495000,-0.335203,0.695644,9.769524
373.525000,-0.335202,0.695641,9.769524
373.560000,-0.335202,0.695637,9.769525
373.595000,-0.335202,0.695634,9.769526
373.625000,-0.335202,0.695630,9.769526
373.660000,-0.335202,0.695627,9.769527
373.690000,-0.416745,0.558718,9.774354
373.725000,-0.335208,0.695488,9.769535
373.760000,-0.335207,0.695484,9.769535
373.790000,-0.335207,0.695481,9.769536
373.825000,-0.353398,0.657078,9.770042
373.855000,-0.335214,0.695341,9.769544
373.890000,-0.335214,0.695337,9.769545
373.925000,-0.335213,0.695333,9.769546
373.955000,-0.335213,0.695330,9.769546
373.990000,-0.335213,0.695326,9.769547
374.020000,-0.335213,0.695323,9.769547
374.055000,-0.335212,0.695319,9.769548
374.090000,-0.335212,0.695315,9.769549
374.120000,-0.335212,0.695312,9.769549
374.155000,-0.335211,0.695308,9.769550
374.185000,-0.335211,0.695305,9.769550
374.220000,-0.335211,0.695301,9.769551
374.255000,-0.335211,0.695297,9.769551
374.285000,-0.335210,0.695294,9.769552
374.320000,-0.335210,0.695290,9.769552
374.350000,-0.335210,0.695287,9.769553
374.385000,-0.335210,0.695283,9.769553
374.420000,-0.335210,0.695279,9.769554
374.450000,-0.335209,0.695276,9.769554
374.485000,-0.335209,0.695272,9.769554
374.515000,-0.335209,0.695269,9.769555
374.550000,-0.335209,0.695265,9.769555
374.585000,-0.335209,0.695261,9.769555
374.615000,-0.335208,0.695258,9.769556
374.650000,-0.335208,0.695254,9.769556
374.680000,-0.335208,0.695251,9.769557
374.715000,-0.335208,0.695247,9.769557
374.750000,-0.335208,0.695243,9.769557
374.780000,-0.335208,0.695240,9.769558
374.815000,-0.335207,0.695236,9.769558
374.845000,-0.335207,0.695233,9.769558
374.880000,-0.335207,0.695229,9.769559
374.915000,-0.335207,0.695225,9.769559
374.945000,-0.335207,0.695222,9.769559
374.980000,-0.335207,0.695218,9.769560
375.010000,-0.335206,0.695215,9.769560
375.045000,-0.335206,0.695211,9.769560
375.080000,-0.335206,0.695207,9.769560
375.110000,-0.335206,0.695204,9.769561
375.145000,-0.335206,0.695200,9.769561
375.175000,-0.335206,0.695196,9.769561
375.210000,-0.335205,0.695193,9.769562
375.245000,-0.335205,0.695189,9.769562
375.275000,-0.335205,0.695185,9.769562
375.310000,-0.335205,0.695182,9.769563
375.340000,-0.335205,0.695178,9.769563
375.375000,-0.335205,0.695174,9.769563
375.410000,-0.335204,0.695171,9.769563
375.440000,-0.335204,0.695167,9.769564
375.475000,-0.335204,0.695163,9.769564
375.505000,-0.335204,0.695160,9.769564
375.540000,-0.335204,0.695156,9.769565
375.575000,-11.110810,6.713872,19.750057
375.605000,-0.456385,0.524710,9.714177
375.640000,-0.592957,0.571434,9.555131
375.670000,-5.881649,3.388312,10.691996
375.705000,-0.626340,0.590836,9.240263
375.740000,-0.658306,0.602504,9.110082
375.770000,-0.688234,0.550668,9.107560
375.805000,-0.732131,0.463697,9.083198
375.835000,-0.775335,0.369853,9.081133
375.870000,-0.746669,0.399305,9.077308
375.905000,-2.329426,-1.808460,5.805208
375.935000,0.115401,0.284791,1.061084
375.970000,-0.748804,0.239447,9.007992
376.000000,1.385128,-1.139182,3.634404
376.035000,-0.606667,0.509505,8.938026
376.070000,7.214365,-4.010327,10.400458
376.100000,-0.623779,0.425406,9.320807
376.135000,-0.522272,0.423111,9.576794
376.165000,15.857440,-8.206146,21.470679
376.200000,-0.627227,0.454732,9.674151
376.235000,-0.615092,0.472659,9.677384
376.265000,-0.556429,0.569066,9.672438
376.300000,-0.620839,0.463412,9.661209
376.330000,-0.614756,0.473556,9.651520
376.365000,-0.603798,0.491765,9.638108
376.400000,15.442358,9.485845,30.067767
376.430000,0.644580,3.346565,8.666772
376.465000,0.865534,3.754927,9.616450
376.495000,0.794270,3.573334,9.156533
376.530000,0.818923,3.585723,9.029353
376.565000,-0.034052,3.702473,9.199703
376.595000,0.089294,4.149016,10.304587
376.630000,0.204064,3.594534,9.114264
376.660000,-0.147610,3.172269,8.718167
376.695000,-0.609403,0.446493,9.715373
376.730000,-0.634999,0.404565,9.722211
376.760000,-0.636423,0.403605,9.728553
376.795000,-0.620725,0.427829,9.734637
376.825000,-0.625444,0.420327,9.738677
376.860000,-0.622386,0.425364,9.742974
376.895000,-0.611935,0.442243,9.746872
376.925000,-0.614792,0.437673,9.749432
376.960000,-0.626056,0.418492,9.751853
376.990000,-0.618102,0.432207,9.754013
377.025000,-0.627840,0.415677,9.755795
377.060000,-0.617547,0.433224,9.757748
377.090000,-0.617298,0.433608,9.759013
377.125000,-0.620095,0.428842,9.760188
377.155000,-0.622010,0.425630,9.761045
377.190000,-0.621223,0.426951,9.761942
377.225000,-0.701803,0.295025,9.760513
377.255000,-0.684586,0.323320,9.761494
377.290000,-0.686249,0.320658,9.761802
377.320000,-0.680640,0.329856,9.762045
377.355000,-0.601043,0.459986,9.764175
377.390000,-0.591519,0.475576,9.764271
377.420000,-0.590105,0.477761,9.764101
377.455000,-0.591073,0.476329,9.763716
377.485000,-0.590815,0.476763,9.763341
377.520000,-0.589390,0.478999,9.762834
377.555000,-0.590066,0.478014,9.762128
377.585000,-0.589682,0.478654,9.761448
377.620000,-0.588286,0.480773,9.760564
377.650000,-0.577150,0.491452,9.760464
377.685000,-0.588138,0.480921,9.758376
377.720000,-0.586585,0.483413,9.756927
377.750000,-0.586818,0.483107,9.755440
377.785000,-0.585952,0.484539,9.753504
377.815000,-0.584385,0.487180,9.751599
377.850000,-0.584226,0.487403,9.749007
377.885000,-0.572358,0.499454,9.746843
377.915000,-0.581588,0.491687,9.743136
377.950000,-0.580958,0.492704,9.739209
377.980000,-0.149122,0.506178,10.045656
378.015000,-0.579073,0.495741,9.730148
378.050000,-1.260072,0.826957,2.866673
378.080000,-0.581787,0.490631,9.717516
378.115000,0.188300,3.658638,9.150719
378.145000,0.282012,3.630348,9.061127
378.180000,-0.073557,3.358713,8.665545
378.215000,8.886851,-6.301583,21.577835
378.245000,-0.591195,0.468855,9.738099
378.280000,-0.582825,0.482353,9.741339
378.310000,-0.583546,0.481225,9.743302
378.345000,-0.584232,0.480121,9.745033
378.380000,-0.584768,0.479265,9.746208
378.410000,-0.585112,0.478724,9.746791
378.445000,-0.585373,0.478324,9.746987
378.475000,-0.585475,0.478184,9.746741
378.510000,-0.585459,0.478245,9.745963
378.545000,-0.584846,0.478885,9.744679
378.575000,-0.597434,0.455863,9.742781
378.610000,-0.584557,0.479822,9.740607
378.640000,-0.584029,0.480729,9.737989
378.675000,0.645362,3.189263,8.473757
378.710000,-0.245810,0.468502,13.716762
378.740000,-0.596591,0.459033,9.742010
378.775000,-0.305246,0.934503,9.750393
378.805000,-0.305245,0.934507,9.750403
378.840000,-0.305633,0.934678,9.750329
378.875000,-0.305227,0.934481,9.750434
378.905000,-0.305228,0.934482,9.750442
378.940000,-0.311058,0.933681,9.749231
378.970000,-0.299496,0.935334,9.751650
379.005000,-0.310898,0.933621,9.749288
379.040000,-0.305217,0.934496,9.750468
379.070000,-0.299758,0.935436,9.751607
379.105000,-0.305217,0.934499,9.750480
379.135000,-0.310590,0.933513,9.749388
379.170000,-0.305241,0.934505,9.750489
379.205000,-0.305216,0.934499,9.750497
379.235000,-0.305241,0.934506,9.750499
379.270000,-0.305240,0.934506,9.750503
379.300000,-0.305241,0.934509,9.750507
379.335000,-0.305241,0.934509,9.750511
379.370000,-0.305240,0.934508,9.750515
379.400000,-0.305286,0.934593,9.750500
379.435000,-0.300416,0.935702,9.751490
379.465000,-0.305241,0.934512,9.750523
379.500000,-0.305219,0.934508,9.750528
379.535000,-0.305241,0.934512,9.750529
379.565000,-0.305244,0.934516,9.750530
379.600000,-0.305221,0.934510,9.750535
379.630000,-0.305234,0.934491,9.750541
379.665000,-0.305239,0.934490,9.750542
379.700000,-0.305236,0.934487,9.750545
379.730000,-0.305237,0.934485,9.750546
379.765000,-0.305240,0.934483,9.750547
379.795000,-0.305237,0.934480,9.750549
379.830000,-0.305237,0.934477,9.750551
379.865000,-0.305240,0.934475,9.750552
379.895000,-0.305238,0.934472,9.750553
379.930000,-0.305238,0.934470,9.750555
379.960000,-0.305238,0.934468,9.750556
379.995000,-0.305239,0.934465,9.750557
380.030000,-0.305239,0.934462,9.750558
380.060000,-0.305239,0.934460,9.750559
380.095000,-0.305239,0.934457,9.750560
380.125000,-0.305239,0.934455,9.750561
380.160000,-0.305239,0.934452,9.750562
380.195000,-0.305240,0.934449,9.750563
380.225000,-0.305240,0.934447,9.750563
380.260000,-0.305240,0.934444,9.750564
380.290000,1.656552,1.436027,16.705611
380.325000,-0.304896,0.934058,9.750009
380.360000,-0.304979,0.934091,9.750048
380.390000,-0.304988,0.934104,9.750081
380.425000,-0.304998,0.934117,9.750117
380.455000,-0.305009,0.934130,9.750147
380.490000,-0.305024,0.934145,9.750180
380.525000,-0.305031,0.934156,9.750208
380.555000,-0.305037,0.934165,9.750231
380.590000,-0.305043,0.934175,9.750256
380.620000,-0.305048,0.934183,9.750276
380.655000,-0.305054,0.934191,9.750298
380.690000,-0.305059,0.934199,9.750318
380.720000,-0.305063,0.934205,9.750334
380.755000,-0.305068,0.934212,9.750352
380.785000,-0.305071,0.934217,9.750366
380.820000,-0.305075,0.934222,9.750382
380.855000,-0.305079,0.934228,9.750396
380.885000,-0.305082,0.934232,9.750408
380.920000,-0.305085,0.934236,9.750421
380.950000,-0.305088,0.934240,9.750431
380.985000,-0.305091,0.934244,9.750442
381.020000,-0.305093,0.934247,9.750452
381.050000,-0.305095,0.934250,9.750460
381.085000,-0.305098,0.934253,9.750469
381.115000,-0.305100,0.934255,9.750477
381.150000,-0.305102,0.934257,9.750485
381.185000,-0.305104,0.934260,9.750492
381.215000,-0.305105,0.934261,9.750498
381.250000,-0.305107,0.934263,9.750504
381.280000,-0.305108,0.934265,9.750509
381.315000,-0.305046,0.934190,9.750529
381.350000,-0.304995,0.934104,9.750548
381.380000,-0.305112,0.934268,9.750524
381.415000,-0.305114,0.934270,9.750529
381.445000,-0.305115,0.934270,9.750533
381.480000,-0.305116,0.934271,9.750537
381.515000,-0.305117,0.934272,9.750540
381.545000,-0.305118,0.934272,9.750543
381.580000,-0.305119,0.934273,9.750547
381.610000,-0.305119,0.934273,9.750549
381.645000,-0.305120,0.934274,9.750552
381.680000,-0.305121,0.934274,9.750555
381.710000,-0.305122,0.934274,9.750557
381.745000,-0.305122,0.934274,9.750559
381.775000,-0.305123,0.934274,9.750561
381.810000,-0.305123,0.934274,9.750563
381.845000,-0.305125,0.934272,9.750566
381.875000,-0.309909,0.933066,9.749623
381.910000,-0.305120,0.934266,9.750571
381.940000,-0.299319,0.935669,9.751179
381.975000,-0.305070,0.934174,9.750581
382.010000,-0.305073,0.934161,9.750586
382.040000,-0.305074,0.934158,9.750588
382.075000,-0.305074,0.934155,9.750589
382.105000,-0.305075,0.934152,9.750590
382.140000,-0.305074,0.934152,9.750590
382.175000,-0.305074,0.934153,9.750590
382.205000,-0.305076,0.934144,9.750593
382.240000,-0.305076,0.934140,9.750595
382.270000,-0.305077,0.934137,9.750596
382.305000,-0.304872,0.934014,9.750630
382.340000,-0.305028,0.934034,9.750608
382.370000,-0.305038,0.934034,9.750607
382.405000,-0.305028,0.934029,9.750609
382.435000,-0.305028,0.934025,9.750610
382.470000,-0.305020,0.934017,9.750613
382.505000,-0.305020,0.934014,9.750614
382.535000,-0.305041,0.934024,9.750608
382.570000,-0.305044,0.934030,9.750605
382.600000,-0.305029,0.934007,9.750614
382.635000,-0.305020,0.933987,9.750622
382.670000,-0.305028,0.934000,9.750616
382.700000,-0.305027,0.933997,9.750617
382.735000,-0.305029,0.933994,9.750617
382.765000,-0.305031,0.933992,9.750617
382.800000,-0.596367,0.439462,9.743183
382.835000,-0.304933,0.933755,9.750545
382.865000,-0.304935,0.933756,9.750551
382.900000,-0.304938,0.933754,9.750558
382.930000,-0.304939,0.933760,9.750561
382.965000,-0.304942,0.933757,9.750568
383.000000,-0.304944,0.933757,9.750573
383.030000,-0.304944,0.933760,9.750576
383.065000,-0.304948,0.933754,9.750584
383.095000,-0.304947,0.933760,9.750585
383.130000,-0.304950,0.933756,9.750590
383.165000,-0.304851,0.933736,9.750609
383.195000,-0.304953,0.933755,9.750597
383.230000,-0.304952,0.933757,9.750599
383.260000,-0.304955,0.933754,9.750603
383.295000,-0.304956,0.933751,9.750606
383.330000,-0.304955,0.933749,9.750610
383.360000,-0.304958,0.933749,9.750612
383.395000,-0.304960,0.933748,9.750614
383.425000,-0.304957,0.933745,9.750617
383.460000,-0.304958,0.933743,9.750619
383.495000,0.343611,1.994757,9.769485
383.525000,-0.304909,0.933668,9.750626
383.560000,-0.304910,0.933665,9.750628
383.590000,-0.304911,0.933662,9.750630
383.625000,-0.305079,0.933725,9.750599
383.660000,-0.304889,0.933597,9.750660
383.690000,-0.299332,0.935001,9.751293
383.725000,-0.304888,0.933547,9.750652
383.755000,-0.304882,0.933541,9.750654
383.790000,-0.304883,0.933538,9.750656
383.825000,-0.304883,0.933535,9.750657
383.855000,-0.304883,0.933532,9.750658
383.890000,-0.300586,0.934741,9.751499
383.920000,-0.304886,0.933532,9.750658
383.955000,-0.304886,0.933531,9.750659
383.990000,-0.304886,0.933530,9.750660
384.020000,-0.304946,0.933610,9.750647
384.055000,-0.304887,0.933528,9.750661
384.085000,-0.304888,0.933529,9.750662
384.120000,-0.304887,0.933526,9.750663
384.155000,-0.304887,0.933526,9.750663
384.185000,-0.304887,0.933521,9.750665
384.220000,-0.304572,0.933207,9.750082
384.250000,-0.304625,0.933214,9.750121
384.285000,-0.304637,0.933211,9.750165
384.320000,-0.304644,0.933253,9.750193
384.350000,-0.304654,0.933266,9.750222
384.385000,-0.304675,0.933267,9.750262
384.415000,-0.304684,0.933279,9.750287
384.450000,-0.304689,0.933286,9.750315
384.485000,-0.304696,0.933295,9.750341
384.515000,-0.304703,0.933304,9.750361
384.550000,-0.304707,0.933310,9.750384
384.580000,-0.304712,0.933316,9.750402
384.615000,-0.304719,0.933325,9.750421
384.650000,-0.304722,0.933329,9.750440
384.680000,-0.304726,0.933334,9.750455
384.715000,-0.304731,0.933341,9.750471
384.745000,-0.304730,0.933358,9.750479
384.780000,-0.304737,0.933350,9.750497
384.815000,-0.304742,0.933353,9.750511
384.845000,-0.304743,0.933356,9.750521
384.880000,-0.304748,0.933359,9.750533
384.910000,-0.304750,0.933362,9.750542
384.945000,-0.304754,0.933363,9.750553
384.980000,-0.304756,0.933365,9.750562
385.010000,-0.304757,0.933369,9.750569
385.045000,-0.304760,0.933371,9.750577
385.075000,-0.304761,0.933373,9.750583
385.110000,-0.304763,0.933375,9.750591
385.145000,-0.304706,0.933304,9.750608
385.175000,-0.304766,0.933378,9.750602
385.210000,-0.304767,0.933381,9.750608
385.240000,-0.304769,0.933380,9.750613
385.275000,-0.310563,0.932461,9.749449
385.310000,-0.304759,0.933369,9.750628
385.340000,-0.304761,0.933368,9.750632
385.375000,-0.304763,0.933366,9.750636
385.405000,-0.304765,0.933365,9.750639
385.440000,-0.304767,0.933363,9.750643
385.475000,-0.304768,0.933361,9.750646
385.505000,0.509320,1.398297,10.155900
385.540000,-0.304725,0.933244,9.750666
385.570000,-0.304725,0.933242,9.750669
385.605000,-0.304647,0.933139,9.750692
385.640000,-0.304693,0.933134,9.750689
385.670000,-0.317967,0.478101,10.042916
385.705000,-0.304640,0.933057,9.750696
385.735000,-0.304641,0.933053,9.750698
385.770000,-0.304642,0.933049,9.750700
385.805000,-0.304643,0.933045,9.750702
385.835000,-0.304644,0.933042,9.750704
385.870000,-0.304645,0.933037,9.750705
385.900000,-0.304647,0.933027,9.750709
385.935000,-0.304646,0.933031,9.750708
385.970000,-0.304648,0.933019,9.750713
386.000000,-0.304648,0.933024,9.750711
386.035000,-0.304648,0.933020,9.750712
386.065000,-0.304649,0.933017,9.750713
386.100000,-0.304650,0.933006,9.750717
386.135000,-0.304650,0.933010,9.750716
386.165000,-0.304650,0.933007,9.750717
386.200000,-0.304651,0.933004,9.750718
386.230000,-0.304651,0.933001,9.750719
386.265000,-0.304651,0.932997,9.750720
386.300000,-0.304652,0.932994,9.750721
386.330000,-0.304652,0.932991,9.750721
386.365000,-0.304652,0.932989,9.750722
386.395000,-0.304831,0.932984,9.750696
386.430000,-0.304652,0.932982,9.750724
386.465000,-0.304654,0.932979,9.750724
386.495000,-0.304653,0.932976,9.750725
386.530000,-0.304653,0.932972,9.750726
386.560000,-0.304653,0.932970,9.750726
386.595000,-0.304654,0.932966,9.750727
386.630000,-0.304654,0.932963,9.750727
386.660000,-0.304654,0.932960,9.750728
386.695000,-0.304654,0.932957,9.750728
386.725000,-0.304654,0.932954,9.750729
386.760000,-0.304654,0.932951,9.750729
386.795000,-0.304655,0.932948,9.750730
386.825000,-0.304655,0.932950,9.750729
386.860000,-0.304655,0.932949,9.750730
386.890000,-0.304655,0.932948,9.750730
386.925000,-0.304698,0.932943,9.750726
386.960000,-0.304655,0.932941,9.750732
386.990000,-0.304655,0.932938,9.750732
387.025000,-0.304656,0.932935,9.750732
387.055000,-0.304656,0.932933,9.750733
387.090000,-0.304656,0.932930,9.750733
387.125000,-0.304656,0.932926,9.750734
387.155000,-0.304656,0.932924,9.750734
387.190000,-0.304656,0.932921,9.750734
387.220000,-0.304656,0.932918,9.750735
387.255000,-0.304656,0.932914,9.750735
387.290000,-0.304656,0.932912,9.750735
387.320000,-0.304656,0.932908,9.750736
387.355000,-0.304656,0.932906,9.750736
387.385000,-0.304657,0.932904,9.750736
387.420000,-0.304656,0.932900,9.750737
387.455000,-0.304327,0.932570,9.750142
387.485000,-0.304318,0.932577,9.750181
387.520000,-0.304400,0.932607,9.750220
387.550000,-0.304409,0.932619,9.750252
387.585000,-0.304419,0.932632,9.750287
387.620000,-0.304439,0.932647,9.750323
387.650000,-0.304446,0.932657,9.750348
387.685000,-0.304451,0.932679,9.750372
387.715000,-0.304462,0.932664,9.750403
387.750000,-0.304466,0.932684,9.750423
387.785000,-0.304470,0.932704,9.750442
387.815000,-0.304417,0.932647,9.750489
387.850000,-0.304426,0.932661,9.750504
387.880000,-0.304434,0.932665,9.750519
387.915000,-0.304443,0.932669,9.750536
387.950000,-0.304450,0.932672,9.750551
387.980000,-0.304457,0.932674,9.750563
388.015000,-0.304464,0.932677,9.750577
388.045000,-0.304470,0.932679,9.750587
388.080000,-0.304476,0.932680,9.750599
388.115000,-0.304482,0.932682,9.750610
388.145000,-0.304486,0.932683,9.750619
388.180000,-0.297285,0.933561,9.751508
388.210000,-0.304449,0.932569,9.750651
388.245000,-0.304453,0.932569,9.750660
388.280000,-0.304457,0.932569,9.750667
388.310000,-0.304460,0.932569,9.750674
388.345000,-0.304463,0.932568,9.750681
388.375000,-0.304466,0.932568,9.750686
388.410000,-0.304469,0.932567,9.750692
388.445000,-1.132110,0.468378,9.340659
388.475000,-0.304441,0.932463,9.750712
388.510000,-0.304431,0.932459,9.750716
388.540000,-0.304443,0.932464,9.750721
388.575000,-0.304462,0.932474,9.750726
388.610000,-0.304435,0.932464,9.750733
388.640000,-0.304437,0.932461,9.750732
388.675000,-0.309742,0.931348,9.749679
388.705000,-0.304452,0.932474,9.750737
388.740000,-0.309825,0.931570,9.749692
388.775000,-0.304448,0.932465,9.750746
388.805000,-0.304449,0.932465,9.750748
388.840000,-0.304449,0.932464,9.750751
388.870000,-0.304448,0.932462,9.750753
388.905000,-0.304450,0.932464,9.750755
388.940000,-0.304451,0.932464,9.750757
388.970000,-0.309353,0.931201,9.749792
389.005000,-0.304452,0.932463,9.750761
389.035000,-0.304452,0.932463,9.750762
389.070000,-0.304451,0.932461,9.750764
389.105000,-0.304453,0.932462,9.750765
389.135000,-0.304453,0.932462,9.750767
389.170000,-0.304219,0.932271,9.750804
389.200000,-0.304454,0.932461,9.750769
389.235000,-0.304454,0.932461,9.750770
389.270000,-0.304453,0.932459,9.750772
389.300000,-0.304454,0.932460,9.750772
389.335000,-0.304455,0.932459,9.750773
389.365000,-0.304456,0.932460,9.750774
389.400000,-0.304455,0.932458,9.750775
389.435000,-0.304455,0.932458,9.750776
389.465000,-0.304456,0.932458,9.750776
389.500000,-0.304456,0.932457,9.750777
389.530000,-0.304456,0.932456,9.750778
389.565000,-0.304457,0.932456,9.750778
389.600000,-0.304457,0.932455,9.750779
389.630000,-0.304457,0.932454,9.750779
389.665000,-0.304457,0.932454,9.750780
389.695000,-0.304457,0.932453,9.750780
389.730000,-0.304457,0.932452,9.750781
389.765000,-0.304501,0.932448,9.750777
389.795000,-0.304330,0.932399,9.750809
389.830000,-0.304097,0.932152,9.750190
389.860000,-0.304114,0.932165,9.750227
389.895000,-0.304196,0.932194,9.750266
389.930000,-0.304207,0.932218,9.750300
389.960000,-0.304217,0.932214,9.750333
389.995000,-0.304237,0.932229,9.750370
390.025000,-0.304244,0.932237,9.750395
390.060000,-0.304252,0.932246,9.750423
390.095000,-0.304260,0.932254,9.750450
390.125000,-0.304265,0.932261,9.750471
390.160000,-0.304272,0.932267,9.750493
390.190000,-0.304216,0.932232,9.750532
390.225000,-0.304226,0.932235,9.750551
390.260000,-0.304225,0.932153,9.750567
390.290000,-0.304245,0.932161,9.750581
390.325000,-0.304249,0.932166,9.750597
390.355000,-0.304249,0.932188,9.750603
390.390000,-0.304257,0.932173,9.750624
390.425000,-0.304260,0.932176,9.750637
390.455000,-0.304263,0.932179,9.750648
390.490000,-0.304267,0.932182,9.750659
390.520000,-0.304269,0.932184,9.750669
390.555000,-0.304272,0.932187,9.750679
390.590000,-0.304274,0.932189,9.750688
390.620000,-0.304276,0.932190,9.750696
390.655000,-0.304279,0.932192,9.750704
390.685000,-0.304281,0.932194,9.750711
390.720000,-0.304282,0.932195,9.750718
390.755000,-0.304284,0.932197,9.750724
390.785000,-0.304286,0.932198,9.750730
390.820000,-0.304287,0.932199,9.750736
390.850000,-0.304289,0.932200,9.750740
390.885000,-0.304290,0.932200,9.750745
390.920000,-0.309988,0.931230,9.749613
390.950000,-0.304266,0.932202,9.750754
390.985000,-0.298763,0.933220,9.751868
391.015000,-0.304295,0.932200,9.750762
391.050000,-0.298908,0.933267,9.751844
391.085000,-0.304297,0.932200,9.750769
391.115000,-0.304298,0.932199,9.750772
391.150000,-0.304299,0.932199,9.750775
391.180000,-0.304300,0.932199,9.750777
391.215000,-0.304278,0.932195,9.750782
391.250000,-0.309369,0.931016,9.749779
391.280000,-0.304302,0.932198,9.750785
391.315000,-0.299333,0.933404,9.751774
391.345000,-0.304303,0.932197,9.750788
391.380000,-0.304304,0.932197,9.750790
391.415000,-0.304304,0.932196,9.750792
391.445000,-0.304308,0.932182,9.750799
391.480000,-0.304305,0.932196,9.750795
391.510000,-0.304305,0.932196,9.750796
391.545000,-0.304306,0.932195,9.750798
391.580000,-0.304306,0.932195,9.750799
391.610000,-0.304303,0.932210,9.750794
391.645000,-0.304307,0.932194,9.750801
391.675000,-0.304307,0.932193,9.750802
391.710000,-0.304308,0.932193,9.750803
391.745000,-0.304308,0.932192,9.750804
391.775000,-0.304308,0.932192,9.750805
391.810000,-0.304309,0.932191,9.750806
391.840000,-0.304309,0.932191,9.750806
391.875000,-0.304309,0.932190,9.750807
391.910000,-0.304310,0.932189,9.750808
391.940000,-0.304310,0.932189,9.750808
391.975000,-0.304310,0.932188,9.750809
392.005000,-0.304310,0.932188,9.750810
392.040000,-0.304311,0.932187,9.750810
392.075000,-0.304311,0.932186,9.750811
392.105000,-0.304311,0.932186,9.750811
392.140000,-0.304311,0.932185,9.750811
392.170000,-0.304311,0.932184,9.750812
392.205000,-0.287996,0.927111,9.752240
392.240000,-0.303962,0.931808,9.750262
392.270000,-0.304042,0.931837,9.750296
392.305000,-0.304053,0.931851,9.750333
392.335000,-0.304062,0.931861,9.750364
392.370000,-0.304082,0.931878,9.750400
392.405000,-0.304004,0.931831,9.750460
392.435000,-0.304016,0.931838,9.750482
392.470000,-0.304028,0.931846,9.750507
392.500000,-0.304039,0.931851,9.750527
392.535000,-0.304050,0.931858,9.750549
392.570000,-0.304014,0.931747,9.750584
392.600000,-0.304023,0.931751,9.750600
392.635000,-0.304031,0.931755,9.750618
392.665000,-0.304038,0.931783,9.750621
392.700000,-0.304046,0.931762,9.750647
392.735000,-1.129985,0.494639,9.344957
392.765000,-0.304056,0.931657,9.750683
392.800000,-0.303828,0.931475,9.750732
392.830000,-0.304060,0.931688,9.750699
392.865000,-0.304063,0.931693,9.750710
392.900000,-0.304064,0.931694,9.750721
392.930000,-0.304066,0.931697,9.750730
392.965000,-0.304069,0.931701,9.750739
392.995000,-0.304070,0.931701,9.750747
393.030000,-0.304072,0.931704,9.750756
393.065000,-0.304075,0.931707,9.750763
393.095000,-0.304075,0.931707,9.750769
393.130000,-0.304077,0.931709,9.750776
393.160000,-0.304078,0.931710,9.750782
393.195000,-0.304080,0.931712,9.750788
393.230000,-0.304081,0.931713,9.750793
393.260000,-0.304081,0.931714,9.750797
393.295000,-0.304106,0.931742,9.750798
393.325000,-0.309705,0.930711,9.749677
393.360000,-0.304085,0.931715,9.750811
393.395000,-0.298642,0.932773,9.751910
393.425000,-0.304087,0.931715,9.750818
393.460000,-0.304088,0.931715,9.750821
393.490000,-0.304089,0.931715,9.750824
393.525000,-0.309310,0.930576,9.749786
393.560000,-0.304090,0.931715,9.750830
393.590000,-0.304091,0.931715,9.750832
393.625000,-0.304092,0.931714,9.750835
393.655000,-0.304092,0.931714,9.750837
393.690000,-0.304093,0.931714,9.750839
393.725000,-0.304093,0.931714,9.750841
393.755000,-0.304094,0.931713,9.750843
393.790000,-0.304094,0.931713,9.750845
393.820000,-0.304094,0.931713,9.750846
393.855000,-0.304095,0.931713,9.750848
393.890000,-0.304096,0.931712,9.750849
393.920000,-0.304096,0.931712,9.750850
393.955000,-0.304096,0.931712,9.750852
393.985000,-0.304097,0.931711,9.750853
394.020000,-0.304097,0.931711,9.750854
394.055000,-0.304097,0.931711,9.750855
394.085000,-0.304098,0.931710,9.750856
394.120000,-0.304098,0.931718,9.750854
394.150000,-0.304098,0.931709,9.750857
394.185000,-0.304098,0.931709,9.750858
394.220000,-0.304098,0.931708,9.750859
394.250000,-0.304099,0.931708,9.750860
394.285000,-0.304099,0.931707,9.750860
394.315000,-0.304091,0.931692,9.750865
394.350000,-0.304101,0.931693,9.750864
394.385000,-0.304371,0.931424,9.750403
394.415000,-0.304358,0.931424,9.750432
394.450000,-0.304346,0.931423,9.750464
394.480000,-0.304340,0.931434,9.750489
394.515000,-0.304326,0.931422,9.750516
394.550000,-0.304315,0.931421,9.750542
394.580000,-0.304310,0.931418,9.750564
394.615000,-0.304302,0.931414,9.750587
394.645000,-0.304293,0.931411,9.750605
394.680000,-0.304286,0.931408,9.750625
394.715000,-0.304279,0.931405,9.750644
394.745000,-0.304273,0.931402,9.750659
394.780000,-0.304266,0.931399,9.750675
394.810000,-0.304261,0.931397,9.750688
394.845000,-0.304261,0.931395,9.750701
394.880000,-0.304250,0.931390,9.750716
394.910000,-0.304245,0.931388,9.750727
394.945000,-0.304241,0.931385,9.750739
394.975000,-0.304237,0.931382,9.750748
395.010000,-0.304233,0.931379,9.750759
395.045000,-0.304229,0.931376,9.750769
395.075000,-0.304226,0.931373,9.750776
395.110000,-0.303817,0.931180,9.750995
395.140000,-0.303568,0.931528,9.749958
395.175000,-0.303594,0.931533,9.750023
395.210000,-0.303619,0.931537,9.750083
395.240000,-0.303597,0.931533,9.750134
395.275000,-0.303610,0.931479,9.750197
395.305000,-0.303846,0.931665,9.750218
395.340000,-0.303900,0.931668,9.750258
395.375000,-0.303776,0.931570,9.750314
395.405000,-0.303786,0.931572,9.750348
395.440000,-0.303802,0.931579,9.750389
395.470000,-0.303769,0.931577,9.750425
395.505000,-0.303744,0.931525,9.750479
395.540000,-0.303760,0.931532,9.750504
395.570000,-0.303771,0.931531,9.750527
395.605000,-0.303784,0.931530,9.750552
395.635000,-0.303791,0.931530,9.750572
395.670000,-0.303792,0.931517,9.750600
395.705000,-0.303808,0.931522,9.750616
395.735000,-0.303822,0.931526,9.750631
395.770000,-0.303833,0.931533,9.750647
395.800000,-0.303840,0.931523,9.750663
395.835000,-0.303885,0.931535,9.750672
395.870000,-0.303896,0.931534,9.750686
395.900000,-1.016453,0.395001,9.395538
395.935000,-0.303860,0.931425,9.750724
395.965000,-0.303864,0.931436,9.750730
396.000000,-0.303860,0.931434,9.750746
396.035000,-0.303853,0.931482,9.750750
396.065000,-0.303888,0.931408,9.750764
396.100000,-0.303869,0.931425,9.750776
396.130000,-0.304026,0.931587,9.750766
396.165000,-0.304021,0.931540,9.750767
396.200000,-0.303877,0.931428,9.750799
396.230000,-0.303881,0.931426,9.750805
396.265000,-0.303883,0.931430,9.750811
396.295000,-0.303884,0.931425,9.750817
396.330000,-0.303881,0.931412,9.750826
396.365000,-0.303885,0.931414,9.750831
396.395000,-0.303886,0.931410,9.750836
396.430000,-0.300209,0.931811,9.751222
396.460000,-0.303875,0.931383,9.750852
396.495000,-0.303878,0.931380,9.750856
396.530000,-0.303880,0.931377,9.750860
396.560000,-0.303882,0.931374,9.750863
396.595000,-0.303884,0.931370,9.750866
396.625000,-0.303885,0.931368,9.750869
396.660000,-0.303887,0.931364,9.750872
396.695000,-0.303888,0.931361,9.750875
396.725000,-0.303890,0.931358,9.750877
396.760000,-0.303891,0.931355,9.750879
396.790000,-0.303892,0.931352,9.750881
396.825000,-0.303893,0.931349,9.750884
396.860000,-0.303889,0.931349,9.750885
396.890000,-0.303890,0.931346,9.750887
396.925000,-0.304167,0.931339,9.750860
396.955000,-0.303918,0.931347,9.750886
396.990000,-0.303888,0.931329,9.750895
397.025000,-0.303899,0.931331,9.750894
397.055000,-0.303899,0.931329,9.750895
397.090000,-0.303900,0.931326,9.750896
397.120000,-0.303912,0.931327,9.750895
397.155000,-0.303901,0.931320,9.750899
397.190000,-0.297661,0.932379,9.751660
397.220000,-0.303860,0.931204,9.750917
397.255000,-0.303861,0.931202,9.750917
397.285000,-0.303883,0.931208,9.750913
397.320000,-0.303906,0.931168,9.750927
397.355000,-0.303861,0.931193,9.750919
397.385000,-0.303818,0.931179,9.750927
397.420000,-0.303908,0.931159,9.750929
397.450000,-0.303825,0.931177,9.750926
397.485000,-0.303861,0.931182,9.750922
397.520000,-0.303898,0.931156,9.750929
397.550000,-0.303862,0.931176,9.750923
397.585000,-0.303861,0.931173,9.750924
397.615000,-0.303832,0.931190,9.750918
397.650000,-0.303853,0.931186,9.750917
397.685000,-0.303861,0.931165,9.750925
397.715000,-0.303838,0.931178,9.750921
397.750000,-0.303845,0.931183,9.750917
397.780000,-0.303860,0.931156,9.750927
397.815000,-0.304338,0.931268,9.750852
397.850000,-0.303867,0.931153,9.750926
397.880000,-0.303862,0.931148,9.750928
397.915000,-0.303862,0.931145,9.750928
397.945000,-0.303861,0.931143,9.750929
397.980000,-0.303864,0.931140,9.750929
398.015000,-0.303847,0.931147,9.750926
398.045000,-0.303860,0.931134,9.750930
398.080000,-0.303860,0.931131,9.750930
398.110000,-0.304217,0.931225,9.750873
398.145000,-0.303861,0.931172,9.750917
398.180000,-0.303862,0.931123,9.750931
398.210000,-0.303869,0.931171,9.750915
398.245000,-0.303863,0.931118,9.750931
398.275000,-0.303865,0.931116,9.750932
398.310000,-1.361361,0.905587,3.161624
398.345000,-0.303486,0.930634,9.750380
398.375000,-0.303575,0.930693,9.750407
398.410000,-0.303556,0.930684,9.750450
398.440000,-0.304323,0.930990,9.750444
398.475000,-0.304007,0.930877,9.750477
398.510000,-0.303648,0.930743,9.750548
398.540000,-0.303653,0.930753,9.750573
398.575000,-0.303680,0.930794,9.750594
398.605000,-0.303764,0.931000,9.750583
398.640000,-0.303523,0.930631,9.750674
398.675000,-0.303635,0.930781,9.750669
398.705000,-0.303701,0.930763,9.750687
398.740000,-0.303682,0.930797,9.750706
398.770000,-0.303684,0.930805,9.750721
398.805000,-0.303705,0.930850,9.750731
398.840000,-0.303693,0.930815,9.750753
398.870000,-0.303699,0.930830,9.750764
398.905000,-0.303776,0.930961,9.750752
398.935000,-0.303704,0.930830,9.750789
398.970000,-0.303614,0.930785,9.750812
399.005000,-0.303727,0.930889,9.750804
399.035000,-0.303710,0.930842,9.750821
399.070000,-0.303713,0.930846,9.750830
399.100000,-0.303714,0.930848,9.750838
399.135000,-0.303715,0.930834,9.750850
399.170000,-0.303712,0.930833,9.750858
399.200000,-0.303719,0.930838,9.750864
399.235000,-0.303842,0.930971,9.750847
399.265000,-0.425015,0.737772,9.747313
399.300000,-0.304064,0.930423,9.750314
399.335000,-0.304200,0.930452,9.750335
399.365000,-0.304027,0.930408,9.750403
399.400000,-0.304019,0.930410,9.750442
399.430000,-0.304008,0.930408,9.750476
399.465000,-0.303892,0.930378,9.750533
399.500000,-0.303947,0.930291,9.750561
399.530000,-0.303936,0.930290,9.750588
399.565000,-0.303936,0.930290,9.750615
399.595000,-0.303759,0.930269,9.750661
399.630000,-0.303931,0.930290,9.750662
399.665000,-0.303939,0.930292,9.750683
399.695000,0.339533,1.980069,9.769964
399.730000,-0.303830,0.930190,9.750736
399.760000,-0.303825,0.930186,9.750753
399.795000,-0.303819,0.930182,9.750772
399.830000,-0.303814,0.930178,9.750789
399.860000,0.410645,1.426234,10.120588
399.895000,-0.303765,0.930057,9.750835
399.925000,-0.303742,0.930054,9.750848
399.960000,-0.303757,0.930056,9.750859
399.995000,-0.303486,0.929809,9.750920
400.025000,-0.303750,0.930054,9.750881
400.060000,-0.303746,0.930052,9.750892
400.090000,-0.303759,0.930080,9.750896
400.125000,-0.303740,0.930050,9.750910
400.160000,-0.303737,0.930049,9.750919
400.190000,-0.303735,0.930048,9.750927
400.225000,-0.303732,0.930047,9.750934
400.255000,-0.303578,0.930057,9.750945
400.290000,-0.303729,0.930041,9.750949
400.325000,-0.303721,0.930037,9.750956
400.355000,-0.303894,0.930060,9.750935
400.390000,-0.303723,0.930032,9.750966
400.420000,-0.303733,0.930033,9.750969
400.455000,-0.303722,0.930027,9.750976
400.490000,-0.303732,0.930026,9.750978
400.520000,-0.303715,0.930019,9.750985
400.555000,-0.303715,0.930017,9.750989
400.585000,-0.303714,0.930014,9.750992
400.620000,-0.303710,0.930010,9.750997
400.655000,-0.303712,0.930008,9.751000
400.685000,-0.303704,0.930004,9.751004
400.720000,-0.303707,0.930001,9.751006
400.750000,-0.303708,0.929999,9.751008
400.785000,-0.303708,0.929996,9.751011
400.820000,-0.303705,0.929993,9.751014
400.850000,-0.303706,0.929990,9.751016
400.885000,-0.303706,0.929987,9.751018
400.915000,-0.303707,0.929985,9.751020
400.950000,-0.303704,0.929982,9.751022
400.985000,-0.303704,0.929979,9.751024
401.015000,-0.303705,0.929976,9.751025
401.050000,-0.303703,0.929973,9.751027
401.080000,-0.303703,0.929971,9.751029
401.115000,-0.303703,0.929968,9.751030
401.150000,-0.303808,0.929981,9.751017
401.180000,-0.303652,0.929954,9.751040
401.215000,-0.303700,0.929959,9.751034
401.245000,-0.303652,0.929948,9.751042
401.280000,-0.303683,0.929951,9.751039
401.315000,-0.303692,0.929949,9.751039
401.345000,-0.303699,0.929948,9.751039
401.380000,-0.303651,0.929937,9.751047
401.410000,-0.303700,0.929943,9.751040
401.445000,-0.303699,0.929940,9.751041
401.480000,-0.303771,0.929947,9.751032
401.510000,-0.303698,0.929934,9.751043
401.545000,-0.303654,0.929923,9.751050
401.575000,-0.303651,0.929920,9.751051
401.610000,1.619532,1.297271,16.603155
401.645000,-0.303269,0.929820,9.750453
401.675000,-0.303370,0.929594,9.750518
401.710000,-0.303387,0.929609,9.750557
401.740000,-0.303457,0.929637,9.750587
401.775000,-0.303477,0.929652,9.750624
401.810000,-0.303485,0.929663,9.750655
401.840000,-0.301458,0.929458,9.750838
401.875000,-0.303498,0.929648,9.750713
401.905000,-0.303504,0.929655,9.750734
401.940000,-0.303510,0.929663,9.750757
401.975000,-0.303516,0.929670,9.750779
402.005000,-0.303521,0.929676,9.750797
402.040000,-0.303556,0.929651,9.750825
402.070000,-0.303375,0.929632,9.750864
402.105000,0.464769,1.398711,10.132736
402.140000,-0.303500,0.929560,9.750883
402.170000,-0.303503,0.929564,9.750895
402.205000,-0.303449,0.929532,9.750916
402.235000,-0.303510,0.929574,9.750919
402.270000,-0.303511,0.929577,9.750931
402.305000,-0.303461,0.929546,9.750949
402.335000,-0.303464,0.929549,9.750957
402.370000,-0.303659,0.929714,9.750924
402.400000,-0.303468,0.929554,9.750974
402.435000,-0.303574,0.929623,9.750968
402.470000,-0.303646,0.929701,9.750953
402.500000,-0.303528,0.929596,9.750989
402.535000,-0.303478,0.929565,9.751002
402.565000,-0.303473,0.929536,9.751020
402.600000,-0.303530,0.929599,9.751007
402.635000,-0.303534,0.929603,9.751012
402.665000,-0.303534,0.929578,9.751026
402.700000,-0.303581,0.929630,9.751015
402.730000,-0.303534,0.929602,9.751026
402.765000,-0.303501,0.929566,9.751041
402.800000,-0.303531,0.929601,9.751034
402.830000,-0.303538,0.929605,9.751037
402.865000,-0.303511,0.929576,9.751049
402.895000,-0.303588,0.929636,9.751036
402.930000,-0.303540,0.929607,9.751046
402.965000,-0.303564,0.929608,9.751051
402.995000,-0.303542,0.929607,9.751051
403.030000,-0.303542,0.929606,9.751054
403.060000,-0.303544,0.929609,9.751055
403.095000,-0.303547,0.929611,9.751057
403.130000,-0.303494,0.929577,9.751066
403.160000,-0.303590,0.929634,9.751055
403.195000,-0.303591,0.929634,9.751057
403.225000,-0.308357,0.928416,9.750116
403.260000,-0.303637,0.929613,9.751055
403.295000,-0.303547,0.929598,9.751069
403.325000,-0.303639,0.929609,9.751057
403.360000,-0.303638,0.929606,9.751059
403.390000,-0.303544,0.929590,9.751074
403.425000,-0.303545,0.929587,9.751075
403.460000,-0.303545,0.929585,9.751076
403.490000,-0.303446,0.929566,9.751092
403.525000,-0.303641,0.929595,9.751064
403.555000,-0.303642,0.929593,9.751065
403.590000,-0.303547,0.929575,9.751080
403.625000,-0.303547,0.929572,9.751081
403.655000,-0.303547,0.929570,9.751082
403.690000,-0.303446,0.929431,9.751105
403.720000,-0.303507,0.929458,9.751091
403.755000,-0.303503,0.929451,9.751094
403.790000,-0.303497,0.929446,9.751096
403.820000,-0.303506,0.929446,9.751094
403.855000,-0.303498,0.929439,9.751097
403.885000,-0.303499,0.929437,9.751097
403.920000,-0.303506,0.929434,9.751097
403.955000,-0.303499,0.929429,9.751099
403.985000,-0.303594,0.929441,9.751086
404.020000,-1.074213,0.426555,9.366172
404.050000,-0.303145,0.928914,9.750531
404.085000,-0.303232,0.928951,9.750572
404.120000,-0.303244,0.928971,9.750611
404.150000,-0.303249,0.928982,9.750643
404.185000,-0.303258,0.928998,9.750677
404.215000,-0.303222,0.928980,9.750716
404.250000,-0.303283,0.929029,9.750737
404.285000,-0.303291,0.929042,9.750765
404.315000,-0.303242,0.929018,9.750794
404.350000,-0.303299,0.929061,9.750811
404.380000,-0.303306,0.929071,9.750830
404.415000,-0.303255,0.929044,9.750859
404.450000,-0.303313,0.929088,9.750871
404.480000,-0.303315,0.929094,9.750886
404.515000,-0.303319,0.929101,9.750904
404.545000,-0.303323,0.929108,9.750917
404.580000,-0.303327,0.929114,9.750932
404.615000,-0.303343,0.929127,9.750944
404.645000,-0.303375,0.929151,9.750951
404.680000,-0.303336,0.929129,9.750969
404.710000,-0.303341,0.929134,9.750979
404.745000,-0.303342,0.929139,9.750989
404.780000,-0.303343,0.929143,9.750999
404.810000,-0.303295,0.929111,9.751014
404.845000,-0.303346,0.929147,9.751016
404.875000,-0.303335,0.929142,9.751025
404.910000,-0.303350,0.929153,9.751031
404.945000,-0.303352,0.929155,9.751038
404.975000,-0.303354,0.929158,9.751043
405.010000,-0.297324,0.929889,9.752284
405.040000,-0.309226,0.928351,9.749856
405.075000,-0.303330,0.929153,9.751063
405.110000,-0.309176,0.928327,9.749893
405.140000,-0.309011,0.928288,9.749928
405.175000,-0.297817,0.930063,9.752197
405.205000,-0.303361,0.929161,9.751078
405.240000,-0.303339,0.929157,9.751083
405.275000,-0.298046,0.930144,9.752157
405.305000,-0.303339,0.929155,9.751090
405.340000,-0.303365,0.929162,9.751091
405.370000,-0.303320,0.929131,9.751100
405.405000,-0.303370,0.929165,9.751096
405.440000,-0.303406,0.929190,9.751093
405.470000,-0.298418,0.930287,9.752093
405.505000,-0.303367,0.929162,9.751104
405.535000,-0.303407,0.929189,9.751100
405.570000,-0.303369,0.929163,9.751107
405.605000,-0.303369,0.929162,9.751109
405.635000,-0.303386,0.929173,9.751109
405.670000,-0.303370,0.929162,9.751112
405.700000,-0.303409,0.929189,9.751108
405.735000,-0.303371,0.929162,9.751115
405.770000,-0.303373,0.929163,9.751116
405.800000,-0.303411,0.929189,9.751112
405.835000,-0.303323,0.929126,9.751126
405.865000,-0.303372,0.929161,9.751120
405.900000,-0.303375,0.929162,9.751120
405.935000,-0.303411,0.929188,9.751116
405.965000,-0.303373,0.929160,9.751123
406.000000,-0.303378,0.929163,9.751123
406.030000,-0.303373,0.929159,9.751124
406.065000,-0.303410,0.929185,9.751120
406.100000,-0.303412,0.929186,9.751120
406.130000,-0.303391,0.929170,9.751124
406.165000,-0.303375,0.929157,9.751127
406.195000,-0.303412,0.929184,9.751122
406.230000,-0.303375,0.929156,9.751128
406.265000,-0.303375,0.929156,9.751129
406.295000,-0.303412,0.929183,9.751123
406.330000,-0.303376,0.929155,9.751129
406.360000,-0.303347,0.929132,9.751134
406.395000,-0.303409,0.929179,9.751125
406.430000,-0.303463,0.929166,9.751118
406.460000,-0.303463,0.929164,9.751118
406.495000,-0.303376,0.929143,9.751133
406.525000,-0.303375,0.929141,9.751133
406.560000,-0.303464,0.929155,9.751120
406.595000,-0.303376,0.929135,9.751134
406.625000,-0.303376,0.929133,9.751135
406.660000,-0.303464,0.929147,9.751121
406.690000,-0.303287,0.929107,9.751150
406.725000,-0.303376,0.929124,9.751136
406.760000,-0.303376,0.929121,9.751136
406.790000,-0.303464,0.929137,9.751123
406.825000,-0.303289,0.929096,9.751151
406.855000,-0.303377,0.929113,9.751137
406.890000,-0.303463,0.929129,9.751124
406.925000,-0.303289,0.929088,9.751152
406.955000,-0.303376,0.929105,9.751138
406.990000,-0.303289,0.929082,9.751153
407.020000,-0.303378,0.929100,9.751139
407.055000,-0.303377,0.929096,9.751140
407.090000,-0.303377,0.929095,9.751140
407.120000,-0.303377,0.929092,9.751140
407.155000,-0.303464,0.929107,9.751126
407.185000,-0.303464,0.929105,9.751127
407.220000,-0.303378,0.929083,9.751141
407.255000,-0.303290,0.929060,9.751156
407.285000,-0.303377,0.929078,9.751141
407.320000,-0.303464,0.929094,9.751128
407.350000,-0.303290,0.929052,9.751157
407.385000,-0.303377,0.929070,9.751142
407.420000,-0.303291,0.929046,9.751157
407.450000,-0.303377,0.929065,9.751143
407.485000,-0.303290,0.929040,9.751158
407.515000,-0.303290,0.929039,9.751158
407.550000,-0.303377,0.929055,9.751144
407.585000,-0.303378,0.929054,9.751144
407.615000,-0.303377,0.929051,9.751144
407.650000,-0.303290,0.929027,9.751159
407.680000,-0.303377,0.929045,9.751145
407.715000,-0.303464,0.929061,9.751131
407.750000,-0.303378,0.929039,9.751146
407.780000,-0.303378,0.929036,9.751146
407.815000,-1.321748,0.865400,2.963028
407.845000,-0.303033,0.928566,9.750575
407.880000,-0.303126,0.928617,9.750612
407.915000,-0.303117,0.928619,9.750654
407.945000,-0.303125,0.928632,9.750685
407.980000,-0.303144,0.928651,9.750723
408.010000,-0.303154,0.928666,9.750749
408.045000,-0.303192,0.928704,9.750773
408.080000,-0.303128,0.928659,9.750812
408.110000,-0.303098,0.928648,9.750853
408.145000,-0.303320,0.928830,9.750828
408.175000,-0.303139,0.928584,9.750890
408.210000,-0.303144,0.928594,9.750910
408.245000,-0.303147,0.928602,9.750930
408.275000,-0.303184,0.928636,9.750939
408.310000,-0.303119,0.928588,9.750967
408.340000,-0.303136,0.928605,9.750978
408.375000,-0.303119,0.928595,9.750996
408.410000,-0.303173,0.928643,9.751001
408.440000,-0.303166,0.928640,9.751013
408.475000,-0.303169,0.928645,9.751025
408.505000,-0.303132,0.928617,9.751041
408.540000,-0.303173,0.928653,9.751045
408.575000,-0.303176,0.928658,9.751054
408.605000,-0.309906,0.928183,9.749666
408.640000,-0.296438,0.929133,9.752462
408.670000,-0.309688,0.928109,9.749735
408.705000,-0.309466,0.928045,9.749789
408.740000,-0.297017,0.929316,9.752365
408.770000,-0.297129,0.929357,9.752345
408.805000,-0.297196,0.929408,9.752332
408.835000,-0.309093,0.927899,9.749904
408.870000,-0.303162,0.928661,9.751116
408.905000,-0.308804,0.927792,9.749977
408.935000,-0.308762,0.927793,9.749993
408.970000,-0.308641,0.927734,9.750023
409.000000,-0.303169,0.928665,9.751133
409.035000,-0.297871,0.929628,9.752213
409.070000,-0.303194,0.928670,9.751138
409.100000,-0.308416,0.927672,9.750092
409.135000,-0.298091,0.929719,9.752175
409.165000,-0.298109,0.929713,9.752171
409.200000,-0.308250,0.927610,9.750138
409.235000,-0.303198,0.928672,9.751152
409.265000,-0.303202,0.928674,9.751153
409.300000,-0.303180,0.928670,9.751158
409.330000,-0.303165,0.928645,9.751163
409.365000,-0.303144,0.928641,9.751167
409.400000,-0.303229,0.928694,9.751157
409.430000,-0.303201,0.928672,9.751163
409.465000,-0.303178,0.928654,9.751169
409.495000,-0.303204,0.928685,9.751164
409.530000,-0.303202,0.928671,9.751168
409.565000,-0.303204,0.928672,9.751169
409.595000,-0.303160,0.928639,9.751176
409.630000,-0.303209,0.928675,9.751170
409.660000,-0.303206,0.928673,9.751172
409.695000,-0.303164,0.928640,9.751179
409.730000,-0.303162,0.928638,9.751181
409.760000,-0.303204,0.928670,9.751175
409.795000,-0.303206,0.928670,9.751175
409.825000,-0.303163,0.928637,9.751183
409.860000,-0.303204,0.928668,9.751177
409.895000,-0.303230,0.928686,9.751174
409.925000,-0.303207,0.928668,9.751178
409.960000,-0.303205,0.928667,9.751179
409.990000,-0.303170,0.928640,9.751185
410.025000,-0.303207,0.928667,9.751180
410.060000,-0.303207,0.928666,9.751180
410.090000,-0.303168,0.928637,9.751187
410.125000,-0.303239,0.928688,9.751177
410.155000,-0.303206,0.928663,9.751182
410.190000,-0.303206,0.928657,9.751184
410.225000,2.939615,0.717357,16.168792
410.255000,1.358338,-1.228657,9.968774
410.290000,1.661390,1.188635,21.786755
410.320000,0.168754,-1.011035,5.151990
410.355000,-1.162523,-1.253526,7.317360
410.390000,0.818544,-0.368403,10.053272
410.420000,1.497803,-0.886753,-0.381368
410.455000,0.855428,6.416840,16.537934
410.485000,5.224864,0.448721,20.041202
410.520000,-0.028887,2.383824,7.018961
410.555000,0.948796,-0.444086,-0.307504
410.585000,2.714744,-2.533532,28.741359
410.620000,2.189732,-0.624327,28.594991
410.650000,-1.384908,0.907743,2.949347
410.685000,2.173576,-0.722016,31.166202
410.720000,0.801734,-0.584415,11.115449
410.750000,-1.127062,-2.605800,31.270039
410.785000,0.365903,0.805603,9.206458
410.815000,1.275829,0.154015,9.691865
410.850000,-0.087644,0.032512,-0.140604
410.885000,4.172315,0.988666,17.792480
410.915000,1.518539,-1.271710,-0.626101
410.950000,6.023430,0.116848,38.161574
410.980000,-0.975584,0.628935,1.970760
411.015000,-0.042928,0.009700,-0.075996
411.050000,-1.152892,0.746980,2.544295
411.080000,-1.260046,0.759188,2.541610
411.115000,-1.187560,0.747291,2.547868
411.145000,-1.109913,0.702820,2.470830
411.180000,-1.480416,0.908182,3.318687
411.215000,0.997932,0.441691,65.317323
411.245000,-1.284360,0.812478,2.733388
411.280000,0.604247,2.156685,6.063828
411.310000,0.682443,2.167445,6.203995
411.345000,0.472551,2.036079,5.896884
411.380000,-19.135484,13.930801,38.304309
411.410000,0.943858,5.842644,15.522769
411.445000,-0.216568,0.553653,9.619151
411.475000,2.151181,0.955374,13.161322
411.510000,-0.213496,0.495914,9.716657
411.545000,0.267612,-1.274030,9.511387
411.575000,-0.180504,0.532272,9.781418
411.610000,-0.176645,0.533741,9.781184
411.640000,-0.170507,0.559224,9.755625
411.675000,-1.539020,5.592940,16.667204
411.710000,-1.025267,2.262457,8.795290
411.740000,0.249660,-0.201727,9.538332
411.775000,-2.376533,4.539790,11.364663
411.805000,-0.157789,0.496578,9.385477
411.840000,0.356669,-0.066978,9.176666
411.875000,-0.133839,-4.314645,9.610871
411.905000,-0.187381,0.476619,8.928887
411.940000,-0.159620,0.468776,8.835450
411.970000,2.175831,-1.039933,8.133914
412.005000,-4.842121,8.165262,18.352024
412.040000,-1.976259,2.922758,7.456847
412.070000,0.323887,-0.134104,8.825902
412.105000,0.116082,-0.167614,7.511097
412.135000,1.179428,0.197262,0.111970
412.170000,0.252366,-0.123296,8.826698
412.205000,0.147154,-0.142515,8.831828
412.235000,1.246813,0.216920,0.054426
412.270000,0.214281,-0.151857,8.825732
412.300000,0.105129,-0.163149,8.831676
412.335000,-1.178559,0.391478,8.574289
412.370000,-4.496341,10.223030,23.035842
412.400000,1.325023,0.311903,-0.036099
412.435000,-4.062850,-1.752189,31.661730
412.465000,0.174917,-0.159485,8.835104
412.500000,-0.119127,1.304802,2.431254
412.535000,-0.667118,-0.381731,9.282689
412.565000,-0.671165,0.430955,8.949454
412.600000,-1.764154,-0.510835,8.858906
412.630000,-0.421077,-1.099250,14.476360
412.665000,-2.852641,1.886766,11.094376
412.700000,2.400153,0.967841,8.998865
412.730000,1.089570,-2.169121,8.258071
412.765000,-3.433812,5.465615,12.666394
412.795000,-0.955083,1.453639,9.107146
412.830000,0.980021,-2.283289,8.257460
412.865000,-5.706530,6.015799,15.399017
412.895000,1.696030,-2.445225,12.620852
412.930000,0.878215,-2.393646,8.264997
412.960000,-1.626584,4.362295,10.636025
412.995000,-1.727417,1.482326,7.959671
413.030000,0.842018,-2.517334,8.258093
413.060000,2.844917,0.179991,10.942184
413.095000,0.086706,-2.066944,7.669164
413.125000,1.142997,-1.419782,8.421333
413.160000,-0.608144,-0.645260,8.391147
413.195000,0.598356,-2.517279,8.327098
413.225000,3.084550,0.988327,8.502903
413.260000,0.553485,-2.405899,8.341021
413.290000,0.575784,-2.704164,8.307916
413.325000,-8.997276,5.266451,20.644111
413.360000,-3.017079,2.679402,9.955666
413.390000,0.828317,2.490944,2.950625
413.425000,-0.002083,-1.592107,5.758762
413.455000,1.123694,-0.357978,8.709907
413.490000,7.885186,-5.044163,20.892781
413.525000,0.462345,-2.749547,8.306811
413.555000,-2.807690,1.584299,8.829640
413.590000,2.761366,-1.081963,7.973261
413.620000,0.434957,-2.889277,8.291947
413.655000,-3.008680,7.057103,17.207860
413.690000,-0.831208,0.309653,21.040269
413.720000,2.618034,-0.275694,2.181405
413.755000,1.640626,-2.258878,8.295399
413.785000,2.808670,-1.080495,7.951556
413.820000,-0.482161,0.477310,1.718001
413.855000,-1.508039,0.677417,2.681602
413.885000,-1.960646,-0.357809,11.617035
413.920000,0.448878,-2.950152,7.525945
413.950000,1.377617,-1.954524,19.337481
413.985000,4.512036,-1.927465,16.422018
414.020000,-2.563624,0.438610,2.593296
414.050000,-1.002182,-0.937973,8.098630
414.085000,-0.237206,-2.479549,13.734977
414.115000,-1.140081,0.467416,2.164105
414.150000,0.489761,-0.394615,5.744390
414.185000,2.442161,1.630925,5.063556
414.215000,-1.040451,0.523055,2.275156
414.250000,-1.108842,-1.239281,8.796994
414.280000,-0.809666,-1.696977,17.320204
414.315000,-0.982288,-0.787685,8.888121
414.350000,-0.953131,-0.744215,8.884548
414.380000,-0.834608,-0.657391,8.885979
414.415000,-1.292592,0.019359,0.803090
414.445000,-0.905581,-0.714700,8.868842
414.480000,-0.696115,0.327022,8.849987
414.515000,-0.713333,0.393920,8.844875
414.545000,-0.814347,0.388801,8.848275
414.580000,-0.639768,0.315447,8.842733
414.610000,-0.637828,-0.622642,8.854853
414.645000,-0.746305,-0.688830,8.858622
414.680000,-0.585298,0.327513,8.838165
414.710000,-0.635911,-0.615587,8.851040
414.745000,0.047869,-0.934824,17.574771
414.775000,-0.416972,0.374554,8.828562
414.810000,-0.527689,-0.565968,8.842737
414.845000,-0.300644,-0.359521,8.838289
414.875000,-0.317112,0.411989,8.822739
414.910000,-0.438643,-0.531175,8.835652
414.940000,-0.275770,-0.433375,8.836593
414.975000,-0.628606,1.916064,5.360011
415.010000,-0.312378,-0.460079,8.826992
415.040000,-0.157073,-0.339643,8.827328
415.075000,-3.115494,1.167827,5.309650
415.105000,-0.139613,0.603860,8.810023
415.140000,-0.099140,-0.329963,8.824120
415.175000,-0.613798,2.153557,8.812966
415.205000,-0.092794,-0.362326,8.815958
415.240000,-0.048788,-0.297266,8.819467
415.270000,-2.890776,1.519427,5.944249
415.305000,0.048360,0.737090,9.064963
415.340000,-3.806459,-0.865468,0.866106
415.370000,-1.272204,3.110085,8.190644
415.405000,1.340230,0.049460,21.665878
415.435000,0.150829,-0.247087,9.600835
415.470000,-1.447362,3.103102,8.369378
415.505000,0.193351,0.822997,9.685950
415.535000,0.567755,-0.049830,10.604994
415.570000,0.669607,2.413369,7.956969
415.600000,-0.665858,0.273636,9.773415
415.635000,-0.665837,0.273671,9.773415
415.670000,-0.665852,0.273614,9.773431
415.700000,-0.665852,0.273621,9.773436
415.735000,-0.665852,0.273625,9.773442
415.765000,-0.665853,0.273633,9.773446
415.800000,-0.668377,0.272559,9.773592
415.835000,-0.665841,0.273636,9.773455
415.865000,-0.665841,0.273641,9.773458
415.900000,-0.665840,0.273641,9.773463
415.930000,-0.665840,0.273643,9.773467
415.965000,-0.665813,0.273633,9.773468
416.000000,-0.665839,0.273648,9.773474
416.030000,-0.665839,0.273651,9.773477
416.065000,-0.665838,0.273655,9.773480
416.095000,-0.665839,0.273655,9.773483
416.130000,-0.665838,0.273657,9.773486
416.165000,-0.665838,0.273660,9.773488
416.195000,-0.665838,0.273660,9.773490
416.230000,-0.665838,0.273661,9.773493
416.260000,-0.665838,0.273663,9.773494
416.295000,-0.665847,0.273671,9.773496
416.330000,-0.665837,0.273665,9.773498
416.360000,-0.665837,0.273666,9.773500
416.395000,-0.665836,0.273667,9.773501
416.425000,-0.665836,0.273668,9.773503
416.460000,-0.665836,0.273669,9.773504
416.495000,-0.665836,0.273670,9.773505
416.525000,-0.665836,0.273671,9.773507
416.560000,-0.665835,0.273671,9.773508
416.590000,-0.665835,0.273672,9.773509
416.625000,-0.665835,0.273673,9.773510
416.660000,-0.665835,0.273673,9.773511
416.690000,-0.665835,0.273674,9.773511
416.725000,-0.665834,0.273674,9.773512
416.755000,-0.665959,0.273828,9.773496
416.790000,-0.665830,0.273687,9.773507
416.825000,-0.665829,0.273687,9.773509
416.855000,-0.665829,0.273687,9.773509
416.890000,-0.665828,0.273687,9.773511
416.920000,-0.665828,0.273686,9.773511
416.955000,-0.665827,0.273686,9.773512
416.990000,-0.665827,0.273686,9.773513
417.020000,-0.084016,0.910628,9.706046
417.055000,-0.665815,0.273685,9.773512
417.085000,-0.665814,0.273685,9.773513
417.120000,-0.665814,0.273685,9.773513
417.155000,-0.665814,0.273685,9.773514
417.185000,-0.665758,0.273531,9.773525
417.220000,-1.240724,-0.349692,9.841614
417.250000,-0.665782,0.273618,9.773518
417.285000,-0.665801,0.273684,9.773514
417.320000,-0.665801,0.273684,9.773515
417.350000,-0.665801,0.273685,9.773516
417.385000,-0.665802,0.273686,9.773516
417.415000,-0.665809,0.273690,9.773514
417.450000,-0.665788,0.273683,9.773515
417.485000,-0.665788,0.273684,9.773516
417.515000,-0.665788,0.273685,9.773516
417.550000,-0.665788,0.273685,9.773517
417.580000,-0.665791,0.273691,9.773517
417.615000,-0.665787,0.273685,9.773518
417.650000,-0.665770,0.273671,9.773519
417.680000,-0.665806,0.273603,9.773529
417.715000,-0.665792,0.273691,9.773520
417.745000,-0.665786,0.273687,9.773520
417.780000,-0.665782,0.273699,9.773514
417.815000,-0.665781,0.273699,9.773515
417.845000,-0.665781,0.273698,9.773516
417.880000,-0.665780,0.273698,9.773517
417.910000,-0.668227,0.272594,9.773659
417.945000,-0.665768,0.273713,9.773508
417.980000,-0.665735,0.273694,9.773510
418.010000,-0.665736,0.273695,9.773511
418.045000,-0.665735,0.273696,9.773512
418.075000,-0.665843,0.273806,9.773506
418.110000,-0.665736,0.273698,9.773514
418.145000,-0.665736,0.273698,9.773515
418.175000,-0.665735,0.273698,9.773516
418.210000,-0.665752,0.273697,9.773518
418.240000,-0.665735,0.273699,9.773518
418.275000,-0.665736,0.273699,9.773519
418.310000,-0.665735,0.273700,9.773519
418.340000,-0.665728,0.273708,9.773512
418.375000,-0.665727,0.273708,9.773513
418.405000,-0.665727,0.273708,9.773514
418.440000,-0.668360,0.272137,9.773676
418.475000,-0.665720,0.273710,9.773511
418.505000,-0.665714,0.273706,9.773513
418.540000,-0.665714,0.273706,9.773514
418.570000,-0.665702,0.273711,9.773514
418.605000,-0.665713,0.273707,9.773516
418.640000,-0.665712,0.273707,9.773517
418.670000,-0.665729,0.273730,9.773516
418.705000,-0.665712,0.273708,9.773519
418.735000,-0.665712,0.273708,9.773520
418.770000,-0.665752,0.273744,9.773517
418.805000,-0.665710,0.273700,9.773517
418.835000,-0.665698,0.273705,9.773517
418.870000,-0.665739,0.273740,9.773515
418.900000,-0.665698,0.273707,9.773519
418.935000,-0.665691,0.273714,9.773512
418.970000,-0.665719,0.273740,9.773512
419.000000,-0.665690,0.273714,9.773515
419.035000,-0.665690,0.273714,9.773516
419.065000,-0.665667,0.273693,9.773519
419.100000,-0.665687,0.273715,9.773518
419.135000,-0.665689,0.273715,9.773519
419.165000,-0.665672,0.273698,9.773521
419.200000,-0.665688,0.273715,9.773521
419.230000,-0.665689,0.273716,9.773521
419.265000,-0.665674,0.273702,9.773523
419.300000,-0.665687,0.273716,9.773523
419.330000,-0.665682,0.273715,9.773523
419.365000,-0.665681,0.273706,9.773525
419.395000,-0.665682,0.273716,9.773525
419.430000,-0.665692,0.273717,9.773525
419.465000,-0.665683,0.273709,9.773526
419.495000,-0.665679,0.273716,9.773526
419.530000,-0.665685,0.273717,9.773527
419.560000,-0.665679,0.273716,9.773527
419.595000,-0.665694,0.273711,9.773523
419.630000,-0.665672,0.273714,9.773523
419.660000,-0.665665,0.273713,9.773524
419.695000,-0.665671,0.273721,9.773518
419.725000,-0.665664,0.273720,9.773519
419.760000,-0.665665,0.273721,9.773520
419.795000,-0.665666,0.273721,9.773521
419.825000,-0.665670,0.273722,9.773521
419.860000,-0.665651,0.273718,9.773518
419.890000,-0.665652,0.273718,9.773519
419.925000,-0.665643,0.273724,9.773513
419.960000,-0.665630,0.273721,9.773510
419.990000,-0.665621,0.273721,9.773511
420.025000,-0.106576,1.029563,9.681473
420.055000,-0.665611,0.273740,9.773493
420.090000,-0.665593,0.273735,9.773496
420.125000,-0.665592,0.273735,9.773499
420.155000,-0.665592,0.273736,9.773501
420.190000,-0.665591,0.273736,9.773503
420.220000,-0.665592,0.273739,9.773505
420.255000,-0.665590,0.273738,9.773508
420.290000,-0.665590,0.273738,9.773510
420.320000,-0.665591,0.273740,9.773512
420.355000,-0.665589,0.273739,9.773513
420.385000,-0.665589,0.273739,9.773515
420.420000,-0.665589,0.273741,9.773517
420.455000,-0.665588,0.273740,9.773518
420.485000,-0.665588,0.273740,9.773519
420.520000,-0.665586,0.273727,9.773523
420.550000,-0.665587,0.273741,9.773522
420.585000,-0.665587,0.273741,9.773523
420.620000,-0.665586,0.273730,9.773526
420.650000,-0.665585,0.273741,9.773525
420.685000,-0.665579,0.273740,9.773526
420.715000,-0.665564,0.273746,9.773525
420.750000,-0.665563,0.273738,9.773527
420.785000,-0.665606,0.273747,9.773528
420.815000,-0.665580,0.273749,9.773528
420.850000,-0.665584,0.273742,9.773530
420.880000,-0.665644,0.273789,9.773528
420.915000,-0.665584,0.273744,9.773530
420.950000,-0.665583,0.273742,9.773531
420.980000,-0.665583,0.273742,9.773532
421.015000,-0.665585,0.273744,9.773532
421.045000,-0.665584,0.273748,9.773532
421.080000,-0.665583,0.273743,9.773533
421.115000,-0.665583,0.273745,9.773533
421.145000,-0.665582,0.273743,9.773534
421.180000,3.172479,2.294895,8.494129
421.210000,-0.243315,-0.463197,9.709320
421.245000,-0.216491,-0.475228,9.515288
421.280000,12.172323,6.145681,15.528575
421.310000,-0.253917,-0.429331,9.179000
421.345000,-0.220631,-0.439603,9.065845
421.375000,-0.189160,-0.445533,9.058543
421.410000,-0.227037,-0.434358,9.032621
421.445000,-0.263032,-0.454245,9.059290
421.475000,-0.182767,-0.421721,9.047696
421.510000,-0.222026,-0.396911,9.019235
421.540000,-0.217217,-0.436395,9.011353
421.575000,-0.174116,-0.396739,9.030806
421.610000,-0.206057,-0.379934,9.000839
421.640000,-0.366499,-0.501173,9.326494
421.675000,-0.434666,-0.564374,9.470714
421.705000,-0.356383,-0.491615,9.452800
421.740000,-3.235696,0.187918,6.002801
421.775000,-1.590566,3.913443,9.536764
421.805000,-0.930430,2.328491,9.411603
421.840000,-1.068823,2.340987,9.228296
421.870000,-2.017410,5.209303,17.216518
421.905000,-1.432932,2.131366,9.011344
421.940000,-1.520099,1.894430,8.842391
421.970000,-1.676575,1.681869,8.850733
422.005000,-1.475330,2.265104,8.833769
422.035000,0.706193,0.140599,8.786507
422.070000,2.472939,1.239806,17.843015
422.105000,-1.499127,2.485140,8.832864
422.135000,0.925048,0.233532,9.036141
422.170000,-0.662307,-0.567993,2.115995
422.200000,-0.067360,-0.342158,9.314709
422.235000,-0.105267,-0.322342,9.494022
422.270000,-0.630116,-0.501509,1.978385
422.300000,-0.098842,-0.321788,9.631144
422.335000,-0.056760,-1.143704,9.446643
422.365000,-8.634667,-5.700781,14.219363
422.400000,-0.029629,-0.389224,9.767729
422.435000,-0.024541,-0.393879,9.777208
422.465000,-0.026353,-0.390665,9.778139
422.500000,-0.036067,-0.386450,9.778618
422.530000,-0.025932,-0.391391,9.777387
422.565000,-0.022042,-0.397668,9.775333
422.600000,0.374880,0.262980,10.324163
422.630000,-0.172998,-0.100953,9.789715
422.665000,-0.394616,-0.855768,8.800265
422.695000,-2.478410,4.203844,17.364122
422.730000,-0.073140,-0.421488,9.691333
422.765000,0.397826,-0.785411,10.482960
422.795000,-0.150044,-0.338838,9.594629
422.830000,-0.136769,-0.353972,9.444489
422.860000,0.000880,-0.321235,9.437143
422.895000,0.068292,-0.282624,9.235161
422.930000,0.111262,-0.237637,9.382452
422.960000,0.006958,-0.232834,9.383258
422.995000,0.194435,-0.225213,9.316183
423.025000,0.704480,0.728114,2.086796
423.060000,0.354940,0.116458,9.082150
423.095000,0.219546,-0.039588,8.958735
423.125000,0.008202,-0.041222,8.984636
423.160000,-0.091667,-0.113907,8.963161
423.190000,0.533843,0.247029,9.003217
423.225000,-1.311650,-1.140010,15.600925
423.260000,-0.171433,-0.233829,8.966022
423.290000,-0.176307,-0.284005,8.956482
423.325000,-0.178056,-0.312182,8.978411
423.355000,-0.206839,-0.266372,8.952819
423.390000,0.241727,-0.145322,8.939485
423.425000,-28.994941,6.916344,40.419045
423.455000,-2.955076,0.026198,5.739348
423.490000,-0.450467,0.143671,9.661230
423.520000,-3.122761,0.235239,6.059056
423.555000,0.048330,0.198723,2.295799
423.590000,-0.482938,0.181761,9.785255
423.620000,-0.482853,0.181771,9.785321
423.655000,-0.482856,0.181795,9.785395
423.685000,-0.964809,0.129123,9.795983
423.720000,-0.482853,0.181845,9.785518
423.755000,-0.482850,0.181859,9.785578
423.785000,-0.482972,0.181951,9.785628
423.820000,-0.482857,0.181908,9.785679
423.850000,-0.482803,0.181857,9.785723
423.885000,0.012062,0.236101,9.775938
423.920000,-0.142391,-0.377718,9.763536
423.950000,-0.200439,-0.323764,9.764628
423.985000,-0.192635,-0.320222,9.699721
424.015000,0.479107,-0.671438,8.460520
424.050000,0.035341,-0.272444,9.586927
424.085000,-0.034416,-0.216637,9.440640
424.115000,0.627615,-0.582290,9.355790
424.150000,-0.105153,1.433221,10.020945
424.180000,0.415453,-0.135970,9.001610
424.215000,1.791132,-1.122714,9.049005
424.250000,0.408967,-1.667806,8.653416
424.280000,1.684011,0.784472,-0.352125
424.315000,0.526918,0.047601,8.838263
424.345000,0.485646,0.032979,8.837857
424.380000,0.429109,-0.025839,8.832805
424.415000,0.426112,0.041196,8.836675
424.445000,0.327788,0.035218,8.836336
424.480000,2.262505,0.568804,18.138103
424.510000,0.457284,0.073164,8.830648
424.545000,-3.454258,11.213137,27.694216
424.580000,-0.644651,-0.564000,8.833594
424.610000,-1.937547,0.729507,2.730410
424.645000,-1.978915,-0.814764,17.934308
424.675000,-0.260966,-0.349761,8.840963
424.710000,-0.352522,-0.362496,8.841160
424.745000,-2.054297,-0.817010,17.951051
424.775000,-0.326936,-0.340850,8.840105
424.810000,-0.344046,-0.355180,8.839355
424.840000,-1.978521,-0.787936,17.883829
424.875000,-0.330862,-0.340787,8.838819
424.910000,-0.354773,-0.358658,8.838078
424.940000,-3.713163,-1.681882,27.023629
424.975000,-1.179980,0.983518,17.220307
425.005000,-1.466582,7.718359,17.103823
425.040000,-0.131162,-0.292552,8.840561
425.075000,-0.286678,-0.335052,8.839224
425.105000,-0.290812,-0.344028,8.840889
425.140000,-1.134232,-1.044743,9.062148
425.170000,-0.256726,-0.324474,8.841016
425.205000,1.253535,0.501462,-0.167577
425.240000,-0.234669,-0.312452,8.840472
425.270000,-0.248893,-0.326054,8.839301
425.305000,0.710602,-0.380499,17.775101
425.335000,-0.238785,-0.321618,8.838619
425.370000,-2.798995,5.668953,14.773818
425.405000,0.799216,0.428845,24.828170
425.435000,-0.162588,-0.338460,9.256968
425.470000,-0.265973,-0.450143,9.223406
425.500000,-0.228687,-0.365334,9.208861
425.535000,0.442631,-0.053171,9.034715
425.570000,0.788239,0.812293,2.701402
425.600000,-0.105031,-0.304575,8.996642
425.635000,-0.006471,-0.267648,9.023078
425.665000,2.815925,0.121073,6.646135
425.700000,-0.135727,-0.342692,8.996131
425.735000,-0.154718,-0.335994,8.986606
425.765000,0.326725,-0.018510,15.747481
425.800000,-0.164063,3.059383,7.633065
425.830000,-0.370590,0.077093,9.005143
425.865000,-0.570270,1.988704,5.838226
425.900000,8.013420,4.829371,17.012198
425.930000,-0.125654,-0.312588,9.038192
425.965000,-0.132436,-0.350633,9.031565
425.995000,-9.225134,-6.154259,16.628633
426.030000,-0.113937,-0.298481,9.005728
426.065000,-0.123924,-0.331477,8.996070
426.095000,-0.192107,3.274842,7.665860
426.130000,-0.104329,-0.295558,9.029164
426.160000,-0.098613,-0.335107,9.022728
426.195000,0.232187,-1.088100,9.001688
426.230000,-0.123412,-0.240833,9.020251
426.260000,-0.071847,-0.374999,9.013896
426.295000,-0.140573,0.315283,9.036036
426.325000,-0.753887,0.748202,2.714461
426.360000,-0.168376,0.301144,9.001494
426.395000,-0.259592,0.182401,8.982714
426.425000,-0.185661,0.285915,9.032748
426.460000,-0.153657,0.297595,9.002628
426.490000,-0.587096,0.112595,9.027115
426.525000,-0.180713,0.271817,9.025475
426.560000,-0.131563,0.286285,8.996274
426.590000,-8.508781,5.675894,17.146892
426.625000,-0.175082,0.259112,9.035198
426.655000,-0.148219,0.282721,9.032518
426.690000,0.693893,-0.659733,2.533010
426.725000,-0.152631,0.276154,9.028654
426.755000,-0.143397,0.270565,9.025582
426.790000,-0.149022,0.288145,8.995064
426.820000,-0.120070,0.245467,9.033194
426.855000,-0.145148,0.270810,9.029576
426.890000,0.709173,-0.609404,2.585193
426.920000,-0.111570,0.239274,9.037969
426.955000,-0.152126,0.268405,9.034281
426.985000,-0.115616,0.281310,9.005308
427.020000,-0.109968,0.233702,9.032185
427.055000,0.652224,-0.576848,2.466702
427.085000,-0.099930,0.282286,8.999226
427.120000,-0.329143,0.379477,9.026275
427.150000,-0.144952,0.229828,9.022236
427.185000,8.955084,-6.110156,20.085897
427.220000,-8.391934,5.604727,17.078561
427.250000,0.604054,-0.595757,2.373294
427.285000,-0.098663,0.271899,9.038648
427.315000,-0.108640,0.275507,9.010010
427.350000,-0.798379,0.755204,2.695660
427.385000,-0.114330,0.219338,9.032865
427.415000,-0.105505,0.254513,9.004186
427.450000,-0.071652,0.252262,9.030325
427.480000,-0.094440,0.286439,9.026722
427.515000,-0.084591,0.264115,8.997656
427.550000,-0.058476,0.242603,9.023506
427.580000,-0.091554,0.250363,9.019733
427.615000,-0.074614,0.252552,8.989916
427.645000,-8.409820,5.681730,17.171712
427.680000,-0.069178,0.285878,9.036526
427.715000,0.030586,0.209745,9.007570
427.745000,-0.060658,0.310637,9.003232
427.780000,-0.048410,0.300035,9.029034
427.810000,-0.034883,0.300189,9.024547
427.845000,-0.187588,0.067590,9.012366
427.880000,-0.019320,0.305570,9.037490
427.910000,0.297865,0.031320,9.015139
427.945000,-0.041805,0.290513,9.003725
427.975000,-0.021992,0.272848,9.030268
428.010000,-0.019311,0.283662,9.025856
428.045000,0.996816,-5.571245,12.762099
428.075000,-0.040811,0.291816,9.040840
428.110000,-0.009711,0.329883,9.035760
428.140000,-0.001097,0.324737,9.031444
428.175000,-0.130375,0.332267,9.035238
428.210000,-0.024813,0.274926,9.027771
428.240000,-7.012496,-5.054198,12.600603
428.275000,-8.505878,5.803340,17.089414
428.305000,-0.015848,0.257231,9.041416
428.340000,0.110727,0.248349,9.035478
428.375000,-0.002567,0.292898,9.007701
428.405000,0.649916,-0.615496,2.343358
428.440000,0.022842,0.284077,9.029819
428.470000,0.099841,0.219383,8.999622
428.505000,0.014146,0.254171,9.026124
428.540000,0.016921,0.245870,9.022141
428.570000,1.492553,-3.273740,9.599809
428.605000,0.029022,0.255413,9.039962
428.635000,0.020460,0.263513,9.036696
428.670000,0.045463,0.304327,9.032944
428.705000,-0.089980,0.292351,9.036805
428.735000,-0.177676,0.348036,9.380643
428.770000,-0.236323,1.171809,2.110375
428.800000,0.232486,0.134893,9.580989
428.835000,-1.253555,-3.186141,8.032627
428.870000,-0.324102,-1.112415,8.948025
428.900000,-1.735806,0.301171,5.206560
428.935000,0.137052,0.258802,9.260960
428.965000,0.304624,0.176638,9.785051
429.000000,0.226865,0.124953,9.026128
429.035000,0.008103,0.388193,8.849241
429.065000,0.138000,0.243125,8.848722
429.100000,0.240140,0.092585,8.919175
429.130000,0.041087,0.317274,8.848607
429.165000,0.104717,0.262763,8.847640
429.200000,0.105234,0.199187,8.849358
429.230000,0.863844,1.449298,8.847433
429.265000,1.302276,1.497779,8.747631
429.295000,2.877652,1.236104,20.696646
429.330000,5.238613,8.213647,18.528623
429.365000,5.417068,5.326683,25.296219
429.395000,1.272625,2.682839,8.217615
429.430000,-0.123425,0.441454,8.044032
429.460000,-0.183255,0.488841,8.087397
429.495000,0.737010,1.372404,8.128704
429.530000,3.062978,0.760454,8.136894
429.560000,-0.219536,0.509005,8.082740
429.595000,-0.233088,0.500559,8.080407
429.625000,-0.212601,0.550471,7.369262
429.660000,-0.275745,0.546754,8.114607
429.695000,-0.283386,0.540907,8.082765
429.725000,-0.254681,0.511824,8.052438
429.760000,-0.329954,0.576758,8.098564
429.790000,-4.583823,-6.025695,15.322057
429.825000,0.654792,-2.065731,6.327928
429.860000,-0.146683,0.018503,8.737459
429.890000,-0.727349,1.170590,13.714591
429.925000,-2.370631,1.856421,14.013749
429.955000,-1.866495,-2.719958,10.728022
429.990000,-0.231237,0.080785,9.740012
430.025000,-1.061694,0.206616,9.692223
430.055000,-0.262778,0.095599,9.789763
430.090000,-0.068391,0.006384,9.799576
430.120000,-0.068908,0.005794,9.799542
430.155000,-0.068921,0.005780,9.799555
430.190000,-0.068926,0.005777,9.799569
430.220000,-0.068920,0.005784,9.799581
430.255000,-0.068933,0.005772,9.799592
430.285000,-0.068936,0.005770,9.799601
430.320000,-0.068932,0.005775,9.799613
430.355000,-0.068942,0.005766,9.799622
430.385000,-0.068945,0.005765,9.799629
430.420000,-0.068943,0.005766,9.799639
430.450000,-0.068950,0.005761,9.799645
430.485000,-0.068953,0.005760,9.799652
430.520000,-0.068951,0.005760,9.799660
430.550000,-0.068957,0.005757,9.799665
430.585000,-0.068959,0.005755,9.799671
430.615000,-0.068954,0.005771,9.799678
430.650000,-0.068962,0.005753,9.799681
430.685000,-0.068964,0.005752,9.799686
430.715000,-0.068960,0.005765,9.799692
430.750000,-0.068967,0.005750,9.799695
430.780000,-0.068968,0.005750,9.799698
430.815000,-0.068964,0.005760,9.799704
430.850000,-0.068970,0.005748,9.799706
430.880000,-0.068971,0.005747,9.799709
430.915000,-0.068974,0.005746,9.799712
430.945000,-0.068973,0.005746,9.799715
430.980000,-0.068974,0.005745,9.799717
431.015000,-0.068971,0.005753,9.799721
431.045000,-0.068976,0.005744,9.799722
431.080000,-0.068970,0.005749,9.799725
431.110000,-0.069443,0.005208,9.799679
431.145000,0.023663,0.159863,9.800101
431.180000,-0.068976,0.005748,9.799718
431.210000,-0.068977,0.005747,9.799720
431.245000,-0.068978,0.005746,9.799723
431.275000,-1.275224,-1.483516,8.618197
431.310000,0.465798,-0.093030,9.779364
431.345000,-1.124597,0.474777,0.430546
431.375000,0.247945,-0.141693,9.606698
431.410000,0.299522,-0.150968,9.607404
431.440000,0.427597,0.041116,9.456881
431.475000,0.465950,-0.065950,9.264607
431.510000,-0.138723,0.107596,16.025764
431.540000,0.503001,-0.056690,9.029448
431.575000,0.451839,-0.116149,8.850114
431.605000,0.379563,-0.100802,8.850387
431.640000,0.439383,-0.029025,8.848419
431.675000,0.392489,-0.066972,8.849804
431.705000,-0.508665,0.305487,17.697685
431.740000,0.576789,-0.210067,8.849418
431.770000,0.131231,-0.061456,8.851515
431.805000,-2.790850,-2.175767,13.321019
431.840000,-2.775372,-4.223688,17.067923
431.870000,0.327350,0.047955,8.849200
431.905000,-2.091251,-2.297655,7.939026
431.935000,0.321451,0.022269,9.253315
431.970000,4.010423,7.460925,17.713447
432.005000,0.271104,-0.012548,8.848459
432.035000,0.358832,-0.072358,9.393825
432.070000,0.215379,-0.759111,7.524149
432.100000,-0.632502,0.531683,14.804505
432.135000,0.583999,3.521651,10.057201
432.170000,0.216022,0.134368,9.646533
432.200000,-0.481850,2.192845,6.304772
432.235000,0.035545,0.218877,9.739745
432.265000,-7.906988,5.548042,11.985063
432.300000,0.040376,-0.023269,9.788765
432.335000,0.005267,0.132031,9.799325
432.365000,0.005317,0.132596,9.799387
432.400000,0.007112,0.135644,9.799482
432.430000,0.007837,0.136920,9.799509
432.465000,-0.019485,0.089355,9.799410
432.500000,0.009859,0.140412,9.799541
432.530000,0.017132,0.152887,9.799560
432.565000,0.023235,0.163137,9.799552
432.595000,0.021429,0.160269,9.799488
432.630000,0.035985,0.185198,9.799450
432.665000,0.032123,0.178587,9.799290
432.695000,0.036145,0.185510,9.799142
432.730000,0.212011,-0.253453,12.514987
432.760000,-0.054401,0.030483,9.799409
432.795000,-0.054375,0.030476,9.799435
432.830000,-0.054408,0.030470,9.799460
432.860000,-0.054410,0.030465,9.799480
432.895000,-0.054412,0.030459,9.799502
432.925000,-0.054422,0.030467,9.799520
432.960000,-0.054417,0.030449,9.799539
432.995000,-0.054419,0.030445,9.799557
433.025000,-0.054420,0.030441,9.799571
433.060000,-0.054422,0.030437,9.799587
433.090000,-0.054423,0.030434,9.799599
433.125000,-0.054425,0.030430,9.799613
433.160000,-0.054426,0.030427,9.799626
433.190000,-0.054427,0.030424,9.799636
433.225000,-0.054429,0.030421,9.799647
433.255000,-0.054430,0.030419,9.799656
433.290000,-0.054431,0.030416,9.799666
433.325000,-0.054432,0.030414,9.799675
433.355000,-0.054433,0.030412,9.799683
433.390000,-0.054434,0.030410,9.799691
433.420000,-0.054431,0.030435,9.799700
433.455000,-0.054435,0.030406,9.799704
433.490000,-0.054436,0.030405,9.799711
433.520000,-0.054433,0.030425,9.799718
433.555000,-0.054437,0.030402,9.799722
433.585000,-0.054723,0.030105,9.799710
433.620000,-0.054435,0.030417,9.799734
433.655000,-0.054439,0.030398,9.799737
433.685000,-0.054439,0.030397,9.799740
433.720000,-0.054437,0.030411,9.799746
433.750000,-0.054440,0.030395,9.799748
433.785000,-0.054440,0.030394,9.799752
433.820000,-0.054438,0.030405,9.799756
433.850000,-0.054441,0.030393,9.799758
433.885000,-0.054441,0.030392,9.799761
433.915000,-0.054443,0.030382,9.799762
433.950000,-0.054442,0.030391,9.799766
433.985000,-0.054442,0.030390,9.799768
434.015000,-0.054444,0.030382,9.799769
434.050000,-0.054443,0.030389,9.799772
434.080000,-0.054443,0.030389,9.799774
434.115000,-0.054444,0.030382,9.799775
434.150000,-0.054443,0.030388,9.799778
434.180000,-0.054443,0.030388,9.799779
434.215000,-0.054445,0.030382,9.799780
434.245000,-0.054444,0.030387,9.799782
434.280000,-0.054444,0.030387,9.799783
434.315000,-0.054445,0.030382,9.799784
434.345000,-0.054444,0.030386,9.799785
434.380000,-0.054444,0.030386,9.799787
434.410000,-0.054444,0.030386,9.799787
434.445000,-0.054444,0.030385,9.799788
434.480000,-0.054444,0.030385,9.799789
434.510000,-0.054444,0.030385,9.799790
434.545000,-0.054444,0.030385,9.799791
434.575000,-0.054445,0.030385,9.799792
434.610000,-0.054445,0.030385,9.799792
434.645000,-0.054445,0.030384,9.799793
434.675000,-0.054441,0.030389,9.799791
434.710000,-0.054442,0.030388,9.799792
434.740000,-0.236094,-0.280790,9.799183
434.775000,-0.054447,0.030380,9.799791
434.810000,-0.054446,0.030380,9.799791
434.840000,-0.054440,0.030394,9.799793
434.875000,-0.054446,0.030380,9.799793
434.905000,-0.054446,0.030380,9.799793
434.940000,-0.054434,0.030407,9.799796
434.975000,-0.054446,0.030380,9.799794
435.005000,-0.054446,0.030380,9.799795
435.040000,-0.054445,0.030380,9.799795
435.070000,-0.054456,0.030358,9.799793
435.105000,-0.054446,0.030380,9.799796
435.140000,-0.054446,0.030380,9.799796
435.170000,-0.054454,0.030362,9.799794
435.205000,-0.054442,0.030390,9.799798
435.235000,-0.054445,0.030381,9.799797
435.270000,-0.054453,0.030366,9.799796
435.305000,-0.054445,0.030381,9.799798
435.335000,-0.054445,0.030381,9.799798
435.370000,-0.054451,0.030369,9.799797
435.400000,-0.054445,0.030381,9.799798
435.435000,-0.054445,0.030381,9.799799
435.470000,-0.054450,0.030371,9.799798
435.500000,-0.054444,0.030381,9.799799
435.535000,-0.054430,0.030416,9.799802
435.565000,-0.054455,0.030353,9.799798
435.600000,-0.054445,0.030381,9.799800
435.635000,-0.054442,0.030387,9.799800
435.665000,-0.054459,0.030350,9.799798
435.700000,-0.054444,0.030381,9.799800
435.730000,-0.054436,0.030400,9.799802
435.765000,-0.054459,0.030349,9.799798
435.800000,-0.054445,0.030381,9.799800
435.830000,-0.054444,0.030382,9.799800
435.865000,-0.054460,0.030347,9.799798
435.895000,-0.054445,0.030381,9.799800
435.930000,-0.054445,0.030381,9.799801
435.965000,-0.055485,0.028936,9.799727
435.995000,-0.054447,0.030379,9.799797
436.030000,-0.054446,0.030380,9.799798
436.060000,-0.054446,0.030380,9.799798
436.095000,-0.054446,0.030380,9.799798
436.130000,-0.054446,0.030380,9.799798
436.160000,-0.054446,0.030380,9.799799
436.195000,-0.054446,0.030380,9.799799
436.225000,-0.054446,0.030380,9.799799
436.260000,-0.054446,0.030380,9.799799
436.295000,-0.054446,0.030380,9.799799
436.325000,-0.054445,0.030380,9.799799
436.360000,-0.054445,0.030380,9.799800
436.390000,-0.054445,0.030380,9.799800
436.425000,-0.054454,0.030370,9.799796
436.460000,-0.054447,0.030378,9.799797
436.490000,-0.054447,0.030379,9.799797
436.525000,-0.054447,0.030379,9.799797
436.555000,-0.054447,0.030378,9.799798
436.590000,-0.054446,0.030379,9.799798
436.625000,-0.054446,0.030379,9.799798
436.655000,-0.054446,0.030379,9.799798
436.690000,-0.054446,0.030379,9.799799
436.720000,-0.054441,0.030390,9.799800
436.755000,-0.054446,0.030379,9.799799
436.790000,-0.054446,0.030379,9.799799
436.820000,-0.054442,0.030388,9.799800
436.855000,-0.054446,0.030379,9.799799
436.885000,-0.054446,0.030379,9.799800
436.920000,-0.055503,0.028924,9.799727
436.955000,-0.054447,0.030377,9.799797
436.985000,-0.054447,0.030377,9.799797
437.020000,-0.054446,0.030380,9.799797
437.050000,-0.054447,0.030377,9.799797
437.085000,-0.054447,0.030378,9.799798
437.120000,-0.054446,0.030379,9.799798
437.150000,-0.054447,0.030378,9.799798
437.185000,-0.054447,0.030378,9.799798
437.215000,-0.054449,0.030373,9.799798
437.250000,-0.054446,0.030378,9.799799
437.285000,-0.054446,0.030378,9.799799
437.315000,-0.054448,0.030374,9.799799
437.350000,-0.054446,0.030378,9.799799
437.380000,-0.054446,0.030378,9.799800
437.415000,-0.054447,0.030375,9.799799
437.450000,-0.054446,0.030378,9.799800
437.480000,-0.054446,0.030378,9.799800
437.515000,-0.054447,0.030376,9.799800
437.545000,-0.402856,-0.022617,9.767675
437.580000,-0.054447,0.030377,9.799797
437.615000,-0.054447,0.030376,9.799797
437.645000,-0.054447,0.030377,9.799797
437.680000,0.404621,-0.508227,9.769387
437.710000,0.532383,-0.118822,9.771257
437.745000,0.004335,0.385840,9.711044
437.780000,0.479226,0.013903,9.598227
437.810000,0.461103,0.193879,9.825838
437.845000,0.473471,0.012214,9.447794
437.875000,-1.343369,-2.945236,11.272968
437.910000,0.377566,-0.456118,9.255042
437.945000,0.393758,0.050399,9.021768
437.975000,4.382360,3.505965,24.819551
438.010000,0.397708,-0.035580,8.843267
438.040000,0.387813,0.078178,8.840887
438.075000,0.428899,-0.038343,9.107044
438.110000,-3.497346,-0.923281,9.061331
438.140000,0.392678,0.153465,9.325396
438.175000,3.780238,4.512785,14.690252
438.205000,-3.664027,-3.992493,10.674868
438.240000,-0.564002,1.703885,4.851928
438.275000,-2.363674,0.446294,9.040996
438.305000,-0.039737,0.068860,9.740243
438.340000,-0.084969,0.038757,9.789920
438.370000,1.545125,1.513403,9.285509
438.405000,-0.064384,0.035756,9.799535
438.440000,-0.064377,0.035753,9.799548
438.470000,-0.064372,0.035753,9.799559
438.505000,-0.064371,0.035750,9.799570
438.535000,-0.064369,0.035748,9.799579
438.570000,-0.064364,0.035748,9.799589
438.605000,-0.064363,0.035745,9.799598
438.635000,-0.064361,0.035744,9.799605
438.670000,-0.064358,0.035745,9.799614
438.700000,-0.064357,0.035742,9.799620
438.735000,-0.064355,0.035741,9.799627
438.770000,-0.064353,0.035739,9.799633
438.800000,-0.064352,0.035739,9.799639
438.835000,-0.064350,0.035738,9.799644
438.865000,-0.064349,0.035738,9.799649
438.900000,-0.064340,0.035737,9.799654
438.935000,-0.064347,0.035735,9.799659
438.965000,-0.064344,0.035740,9.799664
439.000000,-0.064344,0.035734,9.799667
439.030000,-0.064364,0.035746,9.799670
439.065000,-0.064340,0.035738,9.799675
439.100000,-0.064341,0.035732,9.799677
439.130000,-0.064340,0.035732,9.799680
439.165000,-0.064338,0.035735,9.799684
439.195000,-0.064338,0.035731,9.799685
439.230000,-0.064338,0.035731,9.799688
439.265000,-0.064337,0.035735,9.799687
439.295000,-0.064337,0.035732,9.799689
439.330000,-0.064337,0.035731,9.799691
439.360000,-0.064336,0.035731,9.799693
439.395000,-0.063803,0.036560,9.799726
439.430000,-0.064336,0.035731,9.799693
439.460000,-0.064335,0.035731,9.799695
439.495000,0.285953,0.108036,9.772603
439.525000,0.323819,0.122506,9.707983
439.560000,1.455981,1.899159,9.103742
439.595000,0.316058,0.120786,9.599696
439.625000,-2.010745,-4.846828,16.285148
439.660000,-3.605224,-1.453643,9.453562
439.690000,-2.547968,1.193140,9.545772
439.725000,0.885019,0.979539,9.948901
439.760000,0.271719,0.196467,9.708336
439.790000,1.355809,1.809718,9.201807
439.825000,0.121564,0.496803,16.900782
439.855000,0.063039,0.248694,9.796539
439.890000,0.062121,0.247090,9.796181
439.925000,-0.066864,0.026384,9.799134
439.955000,-0.066866,0.026370,9.799169
439.990000,-0.066868,0.026355,9.799207
440.020000,-0.066870,0.026332,9.799237
440.055000,-0.066871,0.026330,9.799272
440.090000,-0.066872,0.026318,9.799304
440.120000,-0.066875,0.026305,9.799328
440.155000,-0.066875,0.026298,9.799357
440.185000,-0.066876,0.026289,9.799379
440.220000,-0.066878,0.026277,9.799403
440.255000,-0.066878,0.026271,9.799426
440.285000,-0.066879,0.026264,9.799444
440.320000,-0.066881,0.026254,9.799464
440.350000,-0.066880,0.026250,9.799480
440.385000,-0.066880,0.026247,9.799498
440.420000,0.413705,0.061542,9.770991
440.450000,0.290285,0.137990,9.772862
440.485000,0.286898,0.137477,9.708688
440.515000,0.456596,0.390824,9.069134
440.550000,0.305764,-0.277325,9.600827
440.585000,-2.468306,0.817838,9.403564
440.615000,0.387481,0.451217,10.020714
440.650000,0.451692,-0.396117,1.683582
440.680000,1.162713,1.672337,17.124597
440.715000,-3.145191,-8.025413,20.505893
440.750000,0.152466,0.256659,8.844783
440.780000,0.248204,0.069919,8.846388
440.815000,-0.585403,0.817312,22.586491
440.845000,0.195514,0.186231,8.844623
440.880000,0.227599,0.087780,8.845807
440.915000,-0.132641,0.087260,8.190999
440.945000,0.152705,0.217923,9.108905
440.980000,0.225386,0.103443,9.331544
441.010000,-2.023967,-3.803711,11.548629
441.045000,0.132260,0.318048,9.509276
441.080000,0.146413,0.247574,9.644297
441.110000,0.147473,0.245763,9.644347
441.145000,0.147921,0.247607,9.736850
441.175000,0.079814,0.279727,9.787205
441.210000,-5.390457,-4.184486,10.971852
441.245000,-0.074811,0.010590,9.799603
441.275000,-0.074813,0.010585,9.799609
441.310000,-0.074812,0.010589,9.799616
441.340000,-0.074816,0.010589,9.799622
441.375000,-0.074813,0.010588,9.799628
441.410000,-0.074814,0.010587,9.799633
441.440000,-0.074820,0.010588,9.799637
441.475000,-0.074819,0.010565,9.799641
441.505000,-0.074819,0.010587,9.799646
441.540000,-0.074820,0.010587,9.799650
441.575000,-0.074821,0.010586,9.799654
441.605000,-0.398478,0.484082,9.900976
441.640000,-0.074808,0.010610,9.799652
441.670000,0.241371,-0.489086,9.686755
441.705000,-0.074793,0.010664,9.799652
441.740000,-0.074801,0.010625,9.799653
441.770000,-0.074809,0.010597,9.799654
441.805000,-0.074804,0.010620,9.799660
441.835000,-0.074806,0.010618,9.799663
441.870000,-0.074813,0.010596,9.799664
441.905000,-0.074809,0.010614,9.799669
441.935000,-0.074810,0.010612,9.799671
441.970000,-0.074816,0.010594,9.799672
442.000000,0.061293,0.246464,9.797789
442.035000,-0.074810,0.010616,9.799668
442.070000,-0.074815,0.010600,9.799670
442.100000,-0.074812,0.010612,9.799673
442.135000,-0.030861,-0.015525,9.777668
442.165000,-1.570647,-2.244589,10.282353
442.200000,-0.029668,-0.011611,9.712538
442.235000,-1.516773,-1.338244,9.031045
442.265000,4.746692,4.010904,20.539188
442.300000,2.067998,0.941252,9.154926
442.330000,1.922402,1.321792,5.517888
442.365000,1.364849,1.048063,8.506826
442.400000,0.324290,0.027119,9.001257
442.430000,-3.139837,-3.367513,9.262969
442.465000,0.463880,0.398806,8.707158
442.495000,0.275612,0.105479,9.451421
442.530000,2.009498,1.217912,9.191109
442.565000,-1.762339,3.624818,8.521767
442.595000,1.488327,1.525662,9.203512
442.630000,-0.746282,-0.666550,2.387358
442.660000,-0.071731,0.008995,9.778336
442.695000,-0.108535,0.022829,9.797335
442.730000,-0.130172,0.023101,9.796045
442.760000,-0.112298,0.022886,9.797057
442.795000,-0.069738,0.022379,9.799573
442.825000,-0.069730,0.022342,9.799581
442.860000,-0.069729,0.022340,9.799591
442.895000,-0.069728,0.022338,9.799600
442.925000,-0.069728,0.022336,9.799607
442.960000,-0.069727,0.022334,9.799615
442.990000,-0.069726,0.022332,9.799622
443.025000,-0.069726,0.022331,9.799629
443.060000,-0.069725,0.022329,9.799636
443.090000,-0.069725,0.022328,9.799641
443.125000,-0.069724,0.022326,9.799647
443.155000,-0.069724,0.022325,9.799651
443.190000,-0.069723,0.022324,9.799657
443.225000,-0.069723,0.022323,9.799661
443.255000,-0.069723,0.022322,9.799665
443.290000,-0.069722,0.022321,9.799669
443.320000,-0.069726,0.022329,9.799673
443.355000,-0.069722,0.022319,9.799676
443.390000,-0.069721,0.022318,9.799680
443.420000,-0.069723,0.022325,9.799683
443.455000,-0.069721,0.022317,9.799685
443.485000,-0.069721,0.022316,9.799688
443.520000,-0.069721,0.022321,9.799691
443.555000,-0.069275,0.022140,9.799696
443.585000,-0.069720,0.022315,9.799695
443.620000,-0.069720,0.022319,9.799697
443.650000,-0.069720,0.022314,9.799699
443.685000,-0.069719,0.022313,9.799701
443.720000,-0.069719,0.022316,9.799703
443.750000,-0.269907,0.307337,9.820187
443.785000,-0.069716,0.022313,9.799709
443.815000,-0.069686,0.022303,9.799710
443.850000,-0.069716,0.022312,9.799711
443.885000,-0.069737,0.022317,9.799712
443.915000,-0.069685,0.022303,9.799713
443.950000,-0.069715,0.022312,9.799714
443.980000,-0.069745,0.022318,9.799714
444.015000,-0.069685,0.022303,9.799716
444.050000,-0.069717,0.022312,9.799716
444.080000,-0.069724,0.022313,9.799717
444.115000,-0.069684,0.022303,9.799718
444.145000,-0.069716,0.022311,9.799718
444.180000,-0.069716,0.022311,9.799719
444.215000,-0.069683,0.022304,9.799720
444.245000,-0.069716,0.022311,9.799720
444.280000,-0.069716,0.022311,9.799720
444.310000,-0.069715,0.022311,9.799721
444.345000,-0.069715,0.022311,9.799721
444.380000,-0.069715,0.022311,9.799721
444.410000,-0.069715,0.022311,9.799722
444.445000,-0.069715,0.022311,9.799722
444.475000,-0.069715,0.022311,9.799722
444.510000,-0.069715,0.022311,9.799723
444.545000,-0.069715,0.022311,9.799723
444.575000,-0.069715,0.022311,9.799723
444.610000,-0.069715,0.022311,9.799723
444.640000,-0.069715,0.022311,9.799723
444.675000,-0.069715,0.022311,9.799724
444.710000,-0.069714,0.022311,9.799724
444.740000,-0.069715,0.022311,9.799724
444.775000,-0.069715,0.022311,9.799724
444.805000,-0.069715,0.022311,9.799724
444.840000,-0.069715,0.022311,9.799725
444.875000,-0.069718,0.022311,9.799725
444.905000,-0.069715,0.022311,9.799725
444.940000,-0.069715,0.022311,9.799725
444.970000,-0.069719,0.022311,9.799725
445.005000,-0.069715,0.022311,9.799725
445.040000,-0.069713,0.022310,9.799727
445.070000,-0.069716,0.022311,9.799727
445.105000,-0.069713,0.022310,9.799727
445.135000,-0.069713,0.022310,9.799727
445.170000,-0.069716,0.022311,9.799727
445.205000,-0.069713,0.022311,9.799727
445.235000,-0.069713,0.022311,9.799727
445.270000,-0.069715,0.022311,9.799727
445.300000,-0.069713,0.022311,9.799727
445.335000,-0.069713,0.022311,9.799727
445.370000,-0.069715,0.022311,9.799727
445.400000,-0.069714,0.022311,9.799727
445.435000,-0.069714,0.022311,9.799727
445.465000,-0.069712,0.022311,9.799727
445.500000,-0.069714,0.022311,9.799727
445.535000,-0.069714,0.022311,9.799727
445.565000,-0.069713,0.022311,9.799727
445.600000,-0.069714,0.022311,9.799727
445.630000,-0.069714,0.022311,9.799727
445.665000,-0.069713,0.022311,9.799727
445.700000,-0.069714,0.022311,9.799727
445.730000,-0.069714,0.022311,9.799727
445.765000,-0.069713,0.022311,9.799727
445.795000,-0.069714,0.022312,9.799727
445.830000,-0.069714,0.022312,9.799727
445.865000,-0.069713,0.022311,9.799727
445.895000,-0.069714,0.022312,9.799727
445.930000,-0.069714,0.022312,9.799727
445.960000,-0.069714,0.022312,9.799727
445.995000,-0.069714,0.022312,9.799727
446.030000,-0.069714,0.022312,9.799727
446.060000,-0.069714,0.022312,9.799727
446.095000,-0.069714,0.022312,9.799727
446.125000,-0.069714,0.022312,9.799727
446.160000,-0.069714,0.022312,9.799727
446.195000,-0.069714,0.022312,9.799727
446.225000,-0.069714,0.022312,9.799727
446.260000,-0.069714,0.022312,9.799727
446.290000,-0.069714,0.022312,9.799727
446.325000,-0.069714,0.022312,9.799727
446.360000,-0.069714,0.022312,9.799727
446.390000,-0.069714,0.022312,9.799727
446.425000,-0.069714,0.022312,9.799727
446.455000,-0.069714,0.022312,9.799727
446.490000,-0.069714,0.022312,9.799727
446.525000,-0.069714,0.022312,9.799727
446.555000,-0.069714,0.022312,9.799727
446.590000,-0.069714,0.022312,9.799727
446.620000,-0.069714,0.022312,9.799727
446.655000,-0.069714,0.022312,9.799727
446.690000,-0.069714,0.022312,9.799727
446.720000,-0.069714,0.022312,9.799727
446.755000,-0.069714,0.022312,9.799727
446.785000,-0.069714,0.022312,9.799727
446.820000,-0.069714,0.022312,9.799727
446.855000,-0.069714,0.022312,9.799727
446.885000,-0.069714,0.022312,9.799727
446.920000,-0.069714,0.022312,9.799727
446.950000,-0.069714,0.022312,9.799727
446.985000,-0.069714,0.022312,9.799727
447.020000,-0.069714,0.022312,9.799727
447.050000,-0.069714,0.022312,9.799727
447.085000,-0.069714,0.022312,9.799727
447.115000,-0.069714,0.022312,9.799727
447.150000,-0.069714,0.022312,9.799727
447.185000,-0.069714,0.022312,9.799727
447.215000,-0.069720,0.022313,9.799727
447.250000,-0.069714,0.022312,9.799727
447.280000,-0.069714,0.022312,9.799727
447.315000,-0.069744,0.022319,9.799726
447.350000,-0.069714,0.022312,9.799727
447.380000,-0.069714,0.022312,9.799727
447.415000,-0.069742,0.022319,9.799726
447.445000,-0.069714,0.022312,9.799727
447.480000,-0.069714,0.022312,9.799727
447.515000,-0.069737,0.022318,9.799726
447.545000,-0.069714,0.022312,9.799727
447.580000,-0.069714,0.022312,9.799727
447.610000,-0.069714,0.022312,9.799727
447.645000,-0.069714,0.022312,9.799727
447.680000,-0.069714,0.022312,9.799727
447.710000,-0.069714,0.022312,9.799727
447.745000,-0.069714,0.022312,9.799727
447.775000,-0.069714,0.022312,9.799727
447.810000,-0.069714,0.022312,9.799727
447.845000,-0.069714,0.022312,9.799727
447.875000,-0.069714,0.022312,9.799727
447.910000,-0.069714,0.022312,9.799727
447.940000,-0.069714,0.022312,9.799727
447.975000,-0.069714,0.022312,9.799727
448.010000,-0.069714,0.022312,9.799727
448.040000,-0.069714,0.022312,9.799727
448.075000,-0.069714,0.022312,9.799727
448.105000,-0.069714,0.022312,9.799727
448.140000,-0.069714,0.022312,9.799727
448.175000,-0.069714,0.022312,9.799727
448.205000,-0.069714,0.022312,9.799727
448.240000,-0.069714,0.022312,9.799727
448.270000,-0.069710,0.022311,9.799727
448.305000,-0.069714,0.022312,9.799727
448.340000,-0.069714,0.022312,9.799727
448.370000,-0.069711,0.022311,9.799727
448.405000,-0.069714,0.022312,9.799727
448.435000,-0.069714,0.022312,9.799727
448.470000,-0.069711,0.022311,9.799727
448.505000,-0.069714,0.022312,9.799727
448.535000,-0.069714,0.022312,9.799727
448.570000,-0.069712,0.022311,9.799727
448.600000,-0.069714,0.022312,9.799727
448.635000,-0.069714,0.022312,9.799727
448.670000,-0.069712,0.022311,9.799727
448.700000,-0.069714,0.022312,9.799727
448.735000,-0.069714,0.022312,9.799727
448.765000,-0.069716,0.022312,9.799727
448.800000,-0.069714,0.022312,9.799727
448.835000,-0.069714,0.022312,9.799727
448.865000,-0.069715,0.022312,9.799727
448.900000,-0.069714,0.022312,9.799727
448.930000,-0.069714,0.022312,9.799727
448.965000,-0.069715,0.022312,9.799727
449.000000,-0.069714,0.022312,9.799727
449.030000,-0.069714,0.022312,9.799727
449.065000,-0.069715,0.022312,9.799727
449.095000,-0.069714,0.022312,9.799727
449.130000,-0.069714,0.022312,9.799727
449.165000,-0.069714,0.022312,9.799727
449.195000,-0.069714,0.022312,9.799727
449.230000,-0.069714,0.022312,9.799727
449.260000,-0.069714,0.022312,9.799727
449.295000,-0.069714,0.022312,9.799727
449.330000,-0.069714,0.022312,9.799727
449.360000,-0.069714,0.022312,9.799727
449.395000,-0.069714,0.022312,9.799727
449.425000,-0.069714,0.022312,9.799727
449.460000,-0.069714,0.022312,9.799727
449.495000,-0.069714,0.022312,9.799727
449.525000,-0.069714,0.022312,9.799727
449.560000,-0.069714,0.022312,9.799727
449.590000,-0.069714,0.022312,9.799727
449.625000,-0.069714,0.022312,9.799727
449.660000,-0.069714,0.022312,9.799727
449.690000,-0.069714,0.022312,9.799727
449.725000,-0.069714,0.022312,9.799727
449.755000,-0.069714,0.022312,9.799727
449.790000,-0.069714,0.022312,9.799727
449.825000,-0.069714,0.022312,9.799727
449.855000,-0.069714,0.022312,9.799727
449.890000,-0.069714,0.022312,9.799727
449.920000,-0.069714,0.022312,9.799727
449.955000,-0.069714,0.022312,9.799727
449.990000,-0.069714,0.022312,9.799727
450.020000,-0.069714,0.022312,9.799727
450.055000,-0.069714,0.022312,9.799727
450.085000,-0.069714,0.022312,9.799727
450.120000,-0.069714,0.022312,9.799727
450.155000,-0.069714,0.022312,9.799727
450.185000,-0.069714,0.022312,9.799727
450.220000,-0.069714,0.022312,9.799727
450.250000,-0.069714,0.022312,9.799727
450.285000,-0.069714,0.022312,9.799727
450.320000,-0.069714,0.022312,9.799727
450.350000,-0.069714,0.022312,9.799727
450.385000,-0.069714,0.022312,9.799727
450.415000,-0.069714,0.022312,9.799727
450.450000,-0.069714,0.022312,9.799727
450.485000,-0.069714,0.022312,9.799727
450.515000,-0.069714,0.022312,9.799727
450.550000,-0.069714,0.022312,9.799727
450.580000,-0.069714,0.022312,9.799727
450.615000,-0.069714,0.022312,9.799727
450.650000,-0.069714,0.022312,9.799727
450.680000,-0.069714,0.022312,9.799727
450.715000,-0.069714,0.022312,9.799727
450.745000,-0.069714,0.022312,9.799727
450.780000,-0.069714,0.022312,9.799727
450.815000,-0.069714,0.022312,9.799727
450.845000,-0.069714,0.022312,9.799727
450.880000,-0.069714,0.022312,9.799727
450.910000,-0.069714,0.022312,9.799727
450.945000,-0.069714,0.022312,9.799727
450.980000,-0.069714,0.022312,9.799727
451.010000,-0.069714,0.022312,9.799727
451.045000,-0.069714,0.022312,9.799727
451.075000,-0.069714,0.022312,9.799727
451.110000,-0.069714,0.022312,9.799727
451.145000,-0.069714,0.022312,9.799727
451.175000,0.476724,2.409819,9.553751
451.210000,-0.061724,0.037008,9.777508
451.240000,-0.055106,0.082268,9.713431
451.275000,-1.367478,0.524386,9.599626
451.310000,0.123146,0.291403,9.601116
451.340000,-1.967927,0.836111,3.409068
451.375000,0.304887,-0.249970,9.601042
451.405000,0.278507,-0.221756,9.601717
451.440000,0.343983,0.026072,9.710172
451.475000,0.265402,-0.204837,9.773515
451.505000,0.262992,-0.201669,9.773581
451.540000,-0.072386,0.028003,9.799190
451.570000,-0.072377,0.028005,9.799221
451.605000,-0.072374,0.027984,9.799252
451.640000,-0.072368,0.028004,9.799286
451.670000,-0.072363,0.027964,9.799306
451.705000,-0.072362,0.027954,9.799332
451.735000,-0.072357,0.027979,9.799358
451.770000,-0.072353,0.027937,9.799377
451.805000,-0.072352,0.027929,9.799398
451.835000,-0.072350,0.027927,9.799416
451.870000,-0.072345,0.027916,9.799434
451.900000,-0.072345,0.027910,9.799450
451.935000,-0.072343,0.027904,9.799466
451.970000,-0.072339,0.027898,9.799482
452.000000,-0.072338,0.027893,9.799494
452.035000,-0.072328,0.027887,9.799508
452.065000,-0.072338,0.027847,9.799514
452.100000,-0.072333,0.027880,9.799530
452.135000,-0.072331,0.027876,9.799541
452.165000,0.474754,-0.080108,9.316098
452.200000,0.180033,0.220158,9.774727
452.230000,0.179451,0.217490,9.710597
452.265000,0.351600,0.489118,9.943590
452.300000,0.184975,0.207351,9.602712
452.330000,0.504690,-0.330087,14.887371
452.365000,0.487016,-0.118505,9.545505
452.395000,-0.801021,-0.166971,14.944550
452.430000,0.115296,0.207919,9.026006
452.465000,0.213704,0.348444,9.333075
452.495000,0.043569,0.374436,6.360926
452.530000,-0.462823,0.635526,2.025936
452.560000,0.166064,0.122092,8.847330
452.595000,-0.103273,1.142894,16.448281
452.630000,0.073329,0.314942,8.846110
452.660000,0.143127,0.138722,8.846742
452.695000,-0.033653,0.381317,8.849363
452.725000,0.213567,-2.826611,4.190367
452.760000,-0.380892,0.583771,1.823013
452.795000,-0.042527,0.403901,8.848288
452.825000,0.066825,0.264496,8.846474
452.860000,0.109545,0.161328,8.850250
452.890000,-0.070909,0.406722,8.851475
452.925000,0.032410,0.278769,8.845987
452.960000,0.090699,0.173527,8.846983
452.990000,0.354735,-0.396797,1.544561
453.025000,0.022814,0.291780,8.846579
453.055000,-0.580561,-5.184326,13.052266
453.090000,-0.044114,0.392492,9.111030
453.125000,-0.005320,0.322641,9.332145
453.155000,0.066112,0.203647,9.334540
453.190000,0.050810,0.214668,9.510661
453.220000,-0.031203,0.374135,9.645982
453.255000,-0.073333,-0.035200,17.135761
453.290000,0.125473,-0.082757,9.736347
453.320000,-2.295632,-0.446726,9.377746
453.355000,-0.080031,0.005092,9.789229
453.385000,-0.081655,0.005472,9.798945
453.420000,0.063312,0.266150,9.796981
453.455000,-0.081620,0.005405,9.799035
453.485000,-0.081626,0.005378,9.799071
453.520000,0.063878,-0.069189,9.775307
453.550000,0.000449,-0.292804,9.777012
453.585000,0.444911,0.033765,9.706843
453.620000,-1.201110,-2.619438,9.623038
453.650000,0.139375,-0.080209,9.604045
453.685000,-0.583659,0.255120,18.921350
453.715000,0.287433,-0.210833,9.030984
453.750000,1.855690,-0.421679,18.101391
453.785000,-2.589838,-4.695917,11.317762
453.815000,1.949231,0.924581,8.650692
453.850000,1.483441,1.080497,8.268460
453.880000,-2.584943,-0.556606,2.878453
453.915000,2.170314,1.285016,8.815858
453.950000,-5.963123,-11.231727,23.905163
453.980000,3.543488,1.798066,7.532226
454.015000,-4.347122,2.122022,15.351548
454.045000,-1.160879,0.844814,8.917038
454.080000,-0.563630,1.186585,9.021859
454.115000,-0.068957,1.274100,9.333299
454.145000,0.232458,0.533276,9.512167
454.180000,-0.152138,0.097047,9.647792
454.210000,-0.166332,0.112389,9.647533
454.245000,-0.026359,0.069049,9.740147
454.280000,-0.062298,0.035591,9.789991
454.310000,-0.075268,0.033864,9.790181
454.345000,-0.068983,0.028994,9.799661
454.375000,-0.068982,0.028994,9.799664
454.410000,-0.068980,0.028995,9.799668
454.445000,-0.068979,0.028995,9.799671
454.475000,-0.068978,0.028995,9.799673
454.510000,-0.068976,0.028995,9.799676
454.540000,-0.068975,0.028995,9.799678
454.575000,-0.068987,0.029001,9.799681
454.610000,-0.068973,0.028995,9.799683
454.640000,-0.068972,0.028995,9.799685
454.675000,-0.068937,0.029005,9.799692
454.705000,-0.068967,0.028994,9.799689
454.740000,-0.068970,0.028995,9.799690
454.775000,-0.068969,0.028995,9.799692
454.805000,-0.068968,0.028995,9.799693
454.840000,-0.068968,0.028995,9.799695
454.870000,-0.068982,0.029004,9.799697
454.905000,-0.068967,0.028995,9.799697
454.940000,-0.068966,0.028995,9.799698
454.970000,-0.068976,0.029002,9.799700
455.005000,-0.068965,0.028995,9.799700
455.035000,-0.068965,0.028995,9.799701
455.070000,-1.950560,0.665711,9.768512
455.105000,-0.078012,0.043906,9.777944
455.135000,-1.766168,0.554124,9.705168
455.170000,-1.525044,0.551042,9.599601
455.200000,1.183684,-1.907317,5.744968
455.235000,-1.321444,0.576099,9.450566
455.270000,-0.985725,1.010786,9.255177
455.300000,-1.572982,0.147099,5.033924
455.335000,-1.543624,0.423014,5.352012
455.365000,-5.594182,-2.525952,13.611621
455.400000,-1.494514,0.385017,9.599001
455.435000,-1.927724,0.404095,5.870609
455.465000,5.498891,-2.329168,10.844022
455.500000,-0.066125,0.039263,9.777924
455.530000,-0.074129,0.025723,9.799359
455.565000,-0.075324,0.025677,9.799373
455.600000,-0.075332,0.025670,9.799394
455.630000,-0.075337,0.025663,9.799410
455.665000,-0.075343,0.025654,9.799428
455.695000,-0.075348,0.025649,9.799443
455.730000,-0.075353,0.025642,9.799459
455.765000,-0.075357,0.025635,9.799473
455.795000,-0.075362,0.025630,9.799485
455.830000,-0.075366,0.025625,9.799498
455.860000,-0.075369,0.025620,9.799509
455.895000,-0.075373,0.025616,9.799520
455.930000,-0.075377,0.025611,9.799531
455.960000,-0.075379,0.025607,9.799539
455.995000,-0.075382,0.025603,9.799549
456.025000,-0.075385,0.025600,9.799556
456.060000,-0.075367,0.025602,9.799565
456.095000,-0.075390,0.025593,9.799572
456.125000,-0.075392,0.025591,9.799578
456.160000,-0.075396,0.025597,9.799571
456.190000,-0.075398,0.025594,9.799577
456.225000,-0.075400,0.025591,9.799584
456.260000,-0.075401,0.025588,9.799590
456.290000,-0.075403,0.025585,9.799595
456.325000,-0.075405,0.025582,9.799601
456.355000,-0.075406,0.025580,9.799605
456.390000,-0.075407,0.025578,9.799610
456.425000,-0.075408,0.025576,9.799615
456.455000,-0.075409,0.025574,9.799618
456.490000,-0.075411,0.025572,9.799622
456.520000,-0.075412,0.025571,9.799625
456.555000,-0.075413,0.025569,9.799629
456.590000,-0.075413,0.025567,9.799632
456.620000,-0.075414,0.025566,9.799635
456.655000,-0.075415,0.025565,9.799638
456.685000,-0.075416,0.025564,9.799640
456.720000,-0.075416,0.025563,9.799642
456.755000,-0.075417,0.025561,9.799645
456.785000,-0.075418,0.025561,9.799646
456.820000,-0.075418,0.025560,9.799648
456.850000,-0.075419,0.025559,9.799650
456.885000,-0.075419,0.025558,9.799652
456.920000,-0.075420,0.025557,9.799654
456.950000,-0.075420,0.025556,9.799655
456.985000,-0.075421,0.025556,9.799656
457.015000,-0.075421,0.025555,9.799658
457.050000,-0.075417,0.025557,9.799658
457.085000,-0.075417,0.025556,9.799660
457.115000,-0.075418,0.025556,9.799661
457.150000,-0.075418,0.025555,9.799662
457.180000,-0.075695,0.012423,9.778444
457.215000,-0.990880,2.431291,10.180902
457.250000,-0.036338,0.074743,9.713940
457.280000,-1.685456,0.295175,9.597596
457.315000,-0.795882,-0.213661,10.282300
457.345000,0.060809,0.241031,9.457469
457.380000,-1.456123,0.485156,9.256041
457.415000,0.823636,1.739675,8.502689
457.445000,0.021195,0.220689,9.453892
457.480000,-2.192102,-4.534367,12.191892
457.510000,0.160155,-0.103952,9.603584
457.545000,0.122772,0.068094,9.711869
457.580000,0.036202,0.217035,9.776313
457.610000,0.035311,0.215216,9.776382
457.645000,0.036485,0.212184,9.797319
457.675000,0.035568,0.210625,9.797291
457.710000,0.034443,0.208710,9.797182
457.745000,-0.079253,0.016101,9.799067
457.775000,-0.079263,0.016077,9.799102
457.810000,-0.079274,0.016049,9.799141
457.840000,-0.079283,0.016027,9.799171
457.875000,-0.079293,0.016004,9.799205
457.910000,-0.078980,0.016418,9.799271
457.940000,-0.079307,0.015970,9.799261
457.975000,0.115404,-0.080699,9.775439
458.005000,0.120142,-0.081911,9.775422
458.040000,0.277603,-0.071619,9.710069
458.075000,0.276957,-0.074669,9.603089
458.105000,0.275570,-0.076297,9.603119
458.140000,1.873827,-0.425200,18.746030
458.170000,0.379460,-0.059833,9.257405
458.205000,2.994297,3.460146,16.845296
458.240000,2.249989,0.613094,8.922855
458.270000,0.962077,-0.718928,14.653285
458.305000,-6.613550,1.825440,24.505737
458.335000,2.184492,1.280026,8.967309
458.370000,1.593863,1.284558,8.459181
458.405000,-4.157488,-1.497293,9.460321
458.435000,1.360436,0.872068,2.850604
458.470000,-1.168882,-0.009693,8.608156
458.500000,-0.156155,1.438715,9.110192
458.535000,-0.299576,-0.271259,9.325532
458.570000,0.072019,-2.057369,5.894446
458.600000,-0.078132,0.133806,9.512224
458.635000,0.730551,0.980245,9.364023
458.665000,-0.477028,0.517441,9.144389
458.700000,-0.101465,0.062365,9.740078
458.735000,-0.070250,0.033172,9.789921
458.765000,-0.004556,1.053579,9.781620
458.800000,-0.064320,0.027233,9.799454
458.830000,-0.064356,0.027244,9.799471
458.865000,-0.064270,0.027207,9.799490
458.900000,-0.064316,0.027222,9.799508
458.930000,-1.967460,0.871102,9.769422
458.965000,-3.116032,-2.151372,9.575122
458.995000,-0.029901,0.082272,9.714188
459.030000,-1.196561,0.662937,9.601614
459.065000,-1.763559,-2.280684,11.135930
459.095000,0.090841,0.220808,9.457777
459.130000,-2.724395,-0.274687,4.016182
459.160000,-1.178458,0.767789,9.258882
459.195000,-1.722180,2.798979,6.579981
459.230000,-2.151802,-0.038991,7.926337
459.260000,-0.851048,0.932584,8.844422
459.295000,-1.405494,1.831565,5.234132
459.325000,1.873016,-0.448071,2.769617
459.360000,0.171622,0.384876,8.831413
459.395000,-1.316290,1.819711,4.660721
459.425000,0.980496,-3.767617,6.273273
459.460000,0.027417,0.899915,16.787444
459.490000,0.131748,0.188358,9.330673
459.525000,0.140212,0.187190,9.508396
459.560000,0.216237,0.082793,9.509672
459.590000,0.216412,0.084445,9.645045
459.625000,3.679340,-1.800885,15.989751
459.655000,0.134399,0.224326,9.736568
459.690000,0.138286,0.222759,9.785252
459.725000,-0.275874,-2.531516,7.493480
459.755000,-0.061182,0.036493,9.799324
459.790000,-0.076652,0.010271,9.799475
459.820000,-0.076638,0.010254,9.799487
459.855000,-0.076646,0.010262,9.799502
459.890000,-0.076643,0.010257,9.799515
459.920000,-0.076629,0.010244,9.799525
459.955000,-0.076638,0.010250,9.799537
459.985000,-0.076635,0.010247,9.799547
460.020000,-0.300265,0.498918,9.892052
460.055000,-0.076620,0.010273,9.799551
460.085000,-0.076619,0.010269,9.799559
460.120000,-0.076610,0.010258,9.799568
460.150000,-0.076617,0.010260,9.799576
460.185000,-0.266344,-0.310013,9.802374
460.220000,-0.076597,0.010285,9.799573
460.250000,-0.076603,0.010284,9.799580
460.285000,-0.076600,0.010292,9.799579
460.315000,-0.076605,0.010290,9.799586
460.350000,-0.076600,0.010281,9.799594
460.385000,-0.076600,0.010276,9.799601
460.415000,-0.076604,0.010275,9.799606
460.450000,-0.076600,0.010267,9.799612
460.480000,-0.076600,0.010263,9.799617
460.515000,-0.076603,0.010262,9.799622
460.550000,-0.076600,0.010256,9.799627
460.580000,-0.076600,0.010253,9.799631
460.615000,-0.076603,0.010251,9.799636
460.645000,-0.076600,0.010247,9.799639
460.680000,-0.076600,0.010244,9.799643
460.715000,-0.076602,0.010242,9.799647
460.745000,-0.076600,0.010239,9.799649
460.780000,-0.076600,0.010236,9.799652
460.810000,-0.076600,0.010235,9.799655
460.845000,-0.076600,0.010232,9.799658
460.880000,-0.076600,0.010231,9.799660
460.910000,-0.076600,0.010229,9.799662
460.945000,-0.076600,0.010227,9.799665
460.975000,-0.076600,0.010226,9.799666
461.010000,-0.076600,0.010224,9.799668
461.045000,-0.076600,0.010223,9.799670
461.075000,-0.076600,0.010222,9.799672
461.110000,-0.076600,0.010221,9.799673
461.140000,-0.076600,0.010220,9.799675
461.175000,-0.076600,0.010219,9.799676
461.210000,-0.076600,0.010218,9.799677
461.240000,-0.076600,0.010217,9.799678
461.275000,-0.076599,0.010216,9.799679
461.305000,-0.076599,0.010215,9.799680
461.340000,-0.076599,0.010215,9.799681
461.375000,-0.076599,0.010214,9.799682
461.405000,-0.076599,0.010213,9.799683
461.440000,-0.076599,0.010213,9.799684
461.470000,-0.076599,0.010212,9.799685
461.505000,-0.076599,0.010212,9.799685
461.540000,-0.076599,0.010211,9.799686
461.570000,-0.076599,0.010211,9.799687
461.605000,-0.076599,0.010211,9.799687
461.635000,-0.076599,0.010210,9.799688
461.670000,-0.076599,0.010210,9.799688
461.705000,-0.076599,0.010210,9.799689
461.735000,-0.076599,0.010209,9.799689
461.770000,-0.076599,0.010209,9.799689
461.800000,-0.076599,0.010209,9.799690
461.835000,-0.076599,0.010209,9.799690
461.870000,-0.076599,0.010208,9.799691
461.900000,-0.076599,0.010208,9.799691
461.935000,-0.076599,0.010208,9.799691
461.965000,-0.076599,0.010208,9.799691
462.000000,-0.076599,0.010208,9.799692
462.035000,-0.076599,0.010207,9.799692
462.065000,-0.076599,0.010207,9.799692
462.100000,-0.076599,0.010207,9.799692
462.130000,-0.076599,0.010207,9.799693
462.165000,-0.076599,0.010207,9.799693
462.200000,-0.076599,0.010207,9.799693
462.230000,-0.076599,0.010207,9.799693
462.265000,-0.076599,0.010207,9.799693
462.295000,-0.076599,0.010207,9.799693
462.330000,-0.076599,0.010207,9.799694
462.365000,-0.076599,0.010207,9.799694
462.395000,-0.076599,0.010206,9.799694
462.430000,-0.076599,0.010206,9.799694
462.460000,-0.076599,0.010206,9.799694
462.495000,-0.076599,0.010206,9.799694
462.530000,-0.076599,0.010206,9.799694
462.560000,-0.076599,0.010206,9.799694
462.595000,-0.076599,0.010206,9.799694
462.625000,-0.076599,0.010206,9.799695
462.660000,-0.076599,0.010206,9.799695
462.695000,-0.076599,0.010206,9.799695
462.725000,-0.076599,0.010206,9.799695
462.760000,-0.076599,0.010206,9.799695
462.790000,-0.076599,0.010206,9.799695
462.825000,-0.076599,0.010206,9.799695
462.860000,-0.076599,0.010206,9.799695
462.890000,-0.076599,0.010206,9.799695
462.925000,-0.076599,0.010206,9.799695
462.955000,-0.076599,0.010206,9.799695
462.990000,-0.076599,0.010205,9.799695
463.025000,-0.076612,0.010229,9.799698
463.055000,-0.076600,0.010205,9.799695
463.090000,-0.076600,0.010205,9.799695
463.120000,-0.076600,0.010205,9.799695
463.155000,-0.076600,0.010205,9.799695
463.190000,-0.076600,0.010205,9.799695
463.220000,-0.076600,0.010205,9.799695
463.255000,-0.076601,0.010205,9.799695
463.285000,-0.076601,0.010205,9.799695
463.320000,-0.076601,0.010205,9.799695
463.355000,-0.076601,0.010204,9.799695
463.385000,-0.076601,0.010204,9.799695
463.420000,-0.076601,0.010204,9.799695
463.450000,-0.076601,0.010204,9.799695
463.485000,-0.076601,0.010204,9.799695
463.520000,-0.076601,0.010204,9.799695
463.550000,-0.076601,0.010204,9.799695
463.585000,-0.076602,0.010203,9.799695
463.615000,0.028247,0.187841,9.798250
463.650000,-0.076604,0.010201,9.799694
463.685000,-0.076604,0.010201,9.799695
463.715000,-0.076604,0.010201,9.799695
463.750000,-0.076604,0.010201,9.799695
463.780000,-0.076604,0.010201,9.799695
463.815000,-0.076604,0.010201,9.799695
463.850000,-0.076604,0.010201,9.799695
463.880000,-0.076604,0.010201,9.799695
463.915000,-0.076604,0.010201,9.799695
463.945000,-0.076603,0.010201,9.799695
463.980000,-0.076603,0.010202,9.799695
464.015000,-0.076603,0.010202,9.799695
464.045000,-0.076603,0.010202,9.799695
464.080000,-0.076603,0.010202,9.799695
464.110000,-0.076603,0.010202,9.799695
464.145000,-0.076603,0.010202,9.799695
464.180000,-0.076603,0.010202,9.799695
464.210000,-0.076602,0.010202,9.799695
464.245000,-0.076602,0.010202,9.799695
464.275000,-0.076602,0.010202,9.799695
464.310000,-0.076602,0.010202,9.799695
464.345000,-0.076602,0.010202,9.799695
464.375000,-0.076602,0.010203,9.799695
464.410000,-0.076602,0.010203,9.799695
464.440000,-0.076602,0.010203,9.799695
464.475000,-0.076602,0.010203,9.799695
464.510000,-0.076602,0.010203,9.799695
464.540000,-0.076602,0.010203,9.799695
464.575000,-0.076601,0.010203,9.799695
464.605000,-0.076601,0.010203,9.799695
464.640000,-0.076601,0.010203,9.799695
464.675000,-0.076601,0.010203,9.799695
464.705000,-0.076601,0.010203,9.799695
464.740000,-0.076601,0.010203,9.799695
464.770000,-0.076614,0.010178,9.799692
464.805000,-0.076602,0.010203,9.799695
464.840000,-0.076602,0.010203,9.799695
464.870000,-0.076676,0.010260,9.799698
464.905000,-0.076602,0.010203,9.799695
464.935000,-0.076602,0.010202,9.799695
464.970000,-0.076670,0.010261,9.799698
465.005000,-0.076603,0.010202,9.799695
465.035000,-0.076603,0.010202,9.799695
465.070000,-0.076649,0.010248,9.799698
465.100000,-0.076603,0.010202,9.799695
465.135000,-0.076603,0.010202,9.799695
465.170000,-0.076634,0.010238,9.799697
465.200000,-0.076603,0.010203,9.799695
465.235000,-0.076602,0.010203,9.799695
465.265000,-0.076581,0.010175,9.799693
465.300000,-0.076602,0.010203,9.799695
465.335000,-0.076602,0.010203,9.799695
465.365000,-0.076587,0.010181,9.799694
465.400000,-0.076602,0.010203,9.799695
465.430000,-0.076602,0.010203,9.799695
465.465000,-0.076591,0.010185,9.799694
465.500000,-0.076602,0.010203,9.799695
465.530000,-0.076602,0.010203,9.799695
465.565000,-0.076595,0.010189,9.799694
465.595000,-0.076602,0.010203,9.799695
465.630000,-0.076602,0.010203,9.799695
465.665000,-0.076598,0.010224,9.799698
465.695000,-0.076602,0.010203,9.799695
465.730000,-0.076602,0.010203,9.799695
465.760000,-0.076602,0.010203,9.799695
465.795000,-0.076602,0.010203,9.799695
465.830000,-0.076602,0.010203,9.799695
465.860000,-0.076602,0.010203,9.799695
465.895000,-0.076602,0.010203,9.799695
465.925000,-0.076602,0.010203,9.799695
465.960000,-0.076602,0.010203,9.799695
465.995000,-0.076602,0.010203,9.799695
466.025000,-0.076602,0.010203,9.799695
466.060000,-0.076602,0.010203,9.799695
466.090000,-0.076602,0.010204,9.799695
466.125000,-0.076602,0.010203,9.799695
466.160000,-0.076602,0.010204,9.799695
466.190000,-0.076602,0.010204,9.799695
466.225000,-0.076602,0.010204,9.799695
466.255000,-0.076602,0.010204,9.799695
466.290000,-0.076602,0.010204,9.799695
466.325000,-0.076602,0.010204,9.799695
466.355000,-0.076602,0.010204,9.799695
466.390000,-0.076602,0.010204,9.799695
466.420000,-0.076602,0.010196,9.799694
466.455000,-0.076602,0.010204,9.799695
466.490000,-0.076602,0.010204,9.799695
466.520000,-0.076602,0.010197,9.799694
466.555000,-0.076602,0.010204,9.799695
466.585000,-0.076602,0.010204,9.799695
466.620000,-0.076602,0.010199,9.799695
466.655000,-0.076602,0.010204,9.799695
466.685000,-0.076602,0.010204,9.799695
466.720000,-0.076602,0.010200,9.799695
466.750000,-0.076602,0.010204,9.799695
466.785000,-0.076602,0.010204,9.799695
466.820000,-0.076602,0.010201,9.799695
466.850000,-0.076602,0.010204,9.799695
466.885000,-0.076602,0.010204,9.799695
466.915000,-0.076602,0.010207,9.799696
466.950000,-0.076602,0.010204,9.799695
466.985000,-0.076602,0.010204,9.799695
467.015000,-0.076602,0.010207,9.799696
467.050000,-0.076602,0.010204,9.799695
467.080000,-0.076602,0.010204,9.799695
467.115000,-0.076602,0.010206,9.799696
467.150000,-0.076602,0.010204,9.799695
467.180000,-0.076602,0.010204,9.799695
467.215000,-0.076602,0.010206,9.799695
467.245000,-0.076602,0.010205,9.799695
467.280000,-0.076602,0.010205,9.799695
467.315000,-0.076602,0.010206,9.799695
467.345000,-0.076602,0.010205,9.799695
467.380000,-0.076602,0.010205,9.799695
467.410000,-0.076602,0.010205,9.799695
467.445000,-0.076602,0.010205,9.799695
467.480000,-0.076602,0.010205,9.799695
467.510000,-0.076602,0.010205,9.799695
467.545000,-0.076602,0.010205,9.799695
467.575000,-0.076602,0.010205,9.799695
467.610000,-0.076602,0.010205,9.799695
467.645000,-0.076602,0.010205,9.799695
467.675000,-0.076602,0.010205,9.799695
467.710000,-0.076602,0.010205,9.799695
467.740000,-0.076602,0.010205,9.799695
467.775000,-0.076602,0.010205,9.799695
467.810000,-0.076602,0.010205,9.799695
467.840000,-0.076602,0.010205,9.799695
467.875000,-0.076602,0.010205,9.799695
467.905000,-0.076602,0.010205,9.799695
467.940000,-0.076602,0.010205,9.799695
467.975000,-0.076602,0.010205,9.799695
468.005000,-0.076602,0.010205,9.799695
468.040000,-0.076602,0.010205,9.799695
468.070000,-0.076602,0.010205,9.799695
468.105000,-0.076602,0.010205,9.799695
468.140000,-0.076602,0.010205,9.799695
468.170000,-0.076602,0.010205,9.799695
468.205000,-0.076602,0.010205,9.799695
468.235000,-0.076602,0.010205,9.799695
468.270000,-0.076602,0.010205,9.799695
468.305000,-0.076602,0.010205,9.799695
468.335000,-0.076602,0.010206,9.799695
468.370000,-0.076602,0.010205,9.799695
468.400000,-0.076602,0.010206,9.799695
468.435000,-0.076602,0.010206,9.799695
468.470000,-0.076602,0.010206,9.799695
468.500000,-0.076602,0.010206,9.799695
468.535000,-0.076602,0.010206,9.799695
468.565000,-0.076602,0.010206,9.799695
468.600000,-0.076602,0.010206,9.799695
468.635000,-0.076602,0.010206,9.799695
468.665000,-0.076602,0.010206,9.799695
468.700000,-0.076602,0.010206,9.799695
468.730000,-0.076602,0.010206,9.799695
468.765000,-0.076602,0.010206,9.799695
468.800000,-0.076602,0.010206,9.799695
468.830000,-0.076602,0.010206,9.799695
468.865000,-0.076602,0.010206,9.799695
468.895000,-0.076602,0.010206,9.799695
468.930000,-0.076602,0.010206,9.799695
468.965000,-0.076602,0.010206,9.799695
468.995000,-0.076602,0.010206,9.799695
469.030000,-0.076602,0.010206,9.799695
469.060000,-0.076602,0.010206,9.799695
469.095000,-0.076602,0.010206,9.799695
469.130000,-0.076602,0.010206,9.799695
469.160000,-0.076602,0.010206,9.799695
469.195000,-0.076602,0.010206,9.799695
469.225000,-0.076602,0.010206,9.799695
469.260000,-0.076602,0.010206,9.799695
469.295000,-0.076602,0.010206,9.799695
469.325000,-0.076602,0.010206,9.799695
469.360000,-0.076602,0.010206,9.799695
469.390000,-0.076602,0.010206,9.799695
469.425000,-0.076602,0.010207,9.799695
469.460000,-0.076602,0.010207,9.799695
469.490000,-0.076602,0.010207,9.799695
469.525000,-0.076602,0.010207,9.799695
469.555000,-0.076602,0.010207,9.799695
469.590000,-0.076602,0.010207,9.799695
469.625000,-0.076602,0.010207,9.799695
469.655000,-0.076602,0.010207,9.799695
469.690000,-0.076602,0.010207,9.799695
469.720000,-0.076602,0.010207,9.799695
469.755000,-0.076602,0.010207,9.799695
469.790000,-0.076602,0.010207,9.799695
469.820000,-0.076602,0.010207,9.799695
469.855000,-0.076602,0.010207,9.799695
469.885000,-0.076602,0.010207,9.799695
469.920000,-0.076602,0.010207,9.799695
469.955000,-0.076602,0.010207,9.799695
469.985000,-0.076602,0.010207,9.799695
470.020000,-0.076602,0.010207,9.799695
470.050000,-0.076602,0.010207,9.799695
470.085000,-0.076602,0.010207,9.799695
470.120000,-0.076602,0.010207,9.799695
470.150000,-0.076602,0.010207,9.799695
470.185000,-0.076602,0.010207,9.799695
470.215000,-0.076602,0.010207,9.799695
470.250000,-0.076602,0.010207,9.799695
470.285000,-0.076602,0.010207,9.799695
470.315000,-0.076602,0.010207,9.799695
470.350000,-0.076602,0.010207,9.799695
470.380000,-0.076602,0.010207,9.799695
470.415000,-0.076602,0.010207,9.799695
470.450000,-0.076602,0.010207,9.799695
470.480000,-0.076602,0.010207,9.799695
470.515000,-0.076602,0.010207,9.799695
470.545000,-0.076602,0.010208,9.799695
470.580000,-0.076602,0.010208,9.799695
470.615000,-0.076602,0.010208,9.799695
470.645000,-0.076602,0.010208,9.799695
470.680000,-0.076602,0.010208,9.799695
470.710000,-0.076602,0.010208,9.799695
470.745000,-0.076602,0.010208,9.799695
470.780000,-0.076602,0.010208,9.799695
470.810000,-0.076602,0.010208,9.799695
470.845000,-0.076602,0.010208,9.799695
470.875000,-0.076602,0.010208,9.799695
470.910000,-0.076602,0.010208,9.799695
470.945000,-0.076602,0.010208,9.799695
470.975000,-0.076602,0.010208,9.799695
471.010000,-0.076602,0.010208,9.799695
471.040000,-0.076602,0.010208,9.799695
471.075000,-0.076602,0.010208,9.799695
471.110000,-0.076602,0.010208,9.799695
471.140000,-0.076602,0.010208,9.799695
471.175000,-0.076602,0.010208,9.799695
471.205000,-0.076602,0.010208,9.799695
471.240000,-0.076602,0.010208,9.799695
471.275000,-0.076602,0.010208,9.799695
471.305000,-0.076602,0.010208,9.799695
471.340000,-0.076602,0.010208,9.799695
471.370000,-0.076602,0.010208,9.799695
471.405000,-0.076602,0.010208,9.799695
471.440000,-0.076602,0.010208,9.799695
471.470000,-0.076602,0.010208,9.799695
471.505000,-0.076602,0.010208,9.799695
471.535000,-0.076602,0.010208,9.799695
471.570000,-0.076602,0.010208,9.799695
471.605000,-0.076602,0.010208,9.799695
471.635000,-0.076602,0.010209,9.799695
471.670000,-0.076602,0.010209,9.799695
471.700000,-0.076602,0.010209,9.799695
471.735000,-0.076602,0.010209,9.799695
471.770000,-0.076602,0.010209,9.799695
471.800000,-0.076602,0.010209,9.799695
471.835000,-0.076602,0.010209,9.799695
471.865000,-0.076602,0.010209,9.799695
471.900000,-0.076602,0.010209,9.799695
471.935000,-0.076602,0.010209,9.799695
471.965000,-0.076602,0.010209,9.799695
472.000000,-0.076602,0.010209,9.799695
472.030000,-0.076602,0.010209,9.799695
472.065000,-0.076602,0.010209,9.799695
472.100000,-0.076602,0.010209,9.799695
472.130000,-0.076602,0.010209,9.799695
472.165000,-0.076602,0.010209,9.799695
472.195000,-0.076602,0.010209,9.799695
472.230000,-0.076602,0.010209,9.799695
472.265000,-0.076602,0.010209,9.799695
472.295000,-0.076602,0.010209,9.799695
472.330000,-0.076602,0.010209,9.799695
472.360000,-0.076602,0.010209,9.799695
472.395000,-0.076602,0.010209,9.799695
472.430000,-0.076602,0.010209,9.799695
472.460000,-0.076602,0.010209,9.799695
472.495000,-0.076602,0.010209,9.799695
472.525000,-0.076602,0.010209,9.799695
472.560000,-0.076602,0.010209,9.799695
472.595000,-0.076602,0.010209,9.799695
472.625000,-0.076602,0.010209,9.799695
472.660000,-0.076602,0.010209,9.799695
472.690000,-0.076602,0.010209,9.799695
472.725000,-0.076602,0.010209,9.799695
472.760000,-0.076602,0.010210,9.799695
472.790000,-0.076602,0.010210,9.799695
472.825000,-0.076602,0.010210,9.799695
472.855000,-0.076602,0.010210,9.799695
472.890000,-0.076602,0.010210,9.799695
472.925000,-0.076602,0.010210,9.799695
472.955000,-0.076602,0.010210,9.799695
472.990000,-0.076602,0.010210,9.799695
473.020000,-0.076596,0.010215,9.799696
473.055000,-0.076602,0.010210,9.799695
473.090000,-0.076602,0.010210,9.799695
473.120000,-0.076588,0.010221,9.799697
473.155000,-0.076602,0.010210,9.799695
473.185000,-0.076602,0.010210,9.799695
473.220000,-0.076583,0.010225,9.799697
473.255000,-0.076602,0.010210,9.799695
473.285000,-0.076602,0.010210,9.799695
473.320000,-0.076578,0.010229,9.799698
473.350000,-0.076602,0.010210,9.799695
473.385000,-0.076602,0.010210,9.799695
473.420000,-0.076574,0.010232,9.799698
473.450000,-0.076602,0.010210,9.799695
473.485000,-0.076602,0.010210,9.799695
473.515000,-0.076626,0.010191,9.799693
473.550000,-0.076602,0.010210,9.799695
473.585000,-0.076602,0.010210,9.799695
473.615000,-0.076622,0.010195,9.799693
473.650000,-0.076602,0.010210,9.799695
473.680000,-0.076602,0.010210,9.799695
473.715000,-0.076618,0.010198,9.799694
473.750000,-0.076602,0.010210,9.799695
473.780000,-0.076602,0.010210,9.799695
473.815000,-0.076615,0.010200,9.799694
473.845000,-0.076602,0.010211,9.799695
473.880000,-0.076602,0.010211,9.799695
473.915000,-0.076613,0.010202,9.799694
473.945000,-0.076602,0.010211,9.799695
473.980000,-0.076602,0.010211,9.799695
474.010000,-0.076602,0.010211,9.799695
474.045000,-0.076602,0.010211,9.799695
474.080000,-0.076602,0.010211,9.799695
474.110000,-0.076602,0.010211,9.799695
474.145000,-0.076602,0.010211,9.799695
474.175000,-0.076602,0.010211,9.799695
474.210000,-0.076602,0.010211,9.799695
474.245000,-0.076602,0.010211,9.799695
474.275000,-0.076602,0.010211,9.799695
474.310000,-0.076602,0.010211,9.799695
474.340000,-0.076602,0.010211,9.799695
474.375000,-0.076602,0.010211,9.799695
474.410000,-0.076602,0.010211,9.799695
474.440000,-0.076602,0.010211,9.799695
474.475000,-0.076602,0.010211,9.799695
474.505000,-0.076602,0.010211,9.799695
474.540000,-0.076602,0.010211,9.799695
474.575000,-0.076602,0.010211,9.799695
474.605000,-0.076602,0.010211,9.799695
474.640000,-0.076602,0.010212,9.799695
474.670000,-0.076600,0.010213,9.799696
474.705000,-0.076602,0.010212,9.799695
474.740000,-0.076602,0.010212,9.799695
474.770000,-0.076600,0.010213,9.799695
474.805000,-0.076602,0.010212,9.799695
474.835000,-0.076602,0.010212,9.799695
474.870000,-0.076600,0.010213,9.799695
474.905000,-0.076602,0.010212,9.799695
474.935000,-0.076602,0.010212,9.799695
474.970000,-0.076600,0.010213,9.799695
475.000000,-0.076602,0.010212,9.799695
475.035000,-0.076602,0.010212,9.799695
475.070000,-0.076601,0.010213,9.799695
475.100000,-0.076602,0.010212,9.799695
475.135000,-0.076602,0.010212,9.799695
475.165000,-0.076602,0.010212,9.799695
475.200000,-0.076602,0.010212,9.799695
475.235000,-0.076602,0.010212,9.799695
475.265000,-0.076602,0.010212,9.799695
475.300000,-0.076602,0.010212,9.799695
475.330000,-0.076602,0.010212,9.799695
475.365000,-0.076602,0.010212,9.799695
475.400000,-0.076602,0.010213,9.799695
475.430000,-0.076602,0.010213,9.799695
475.465000,-0.076602,0.010212,9.799695
475.495000,-0.076602,0.010213,9.799695
475.530000,-0.076601,0.010213,9.799695
475.565000,-0.076602,0.010212,9.799695
475.595000,-0.076601,0.010213,9.799695
475.630000,-0.076601,0.010213,9.799695
475.660000,-0.076601,0.010213,9.799695
475.695000,-0.076601,0.010213,9.799695
475.730000,-0.076601,0.010213,9.799695
475.760000,-0.076601,0.010213,9.799695
475.795000,-0.076601,0.010213,9.799695
475.825000,-0.076601,0.010213,9.799695
475.860000,-0.076601,0.010213,9.799695
475.895000,-0.076601,0.010213,9.799695
475.925000,-0.076601,0.010213,9.799695
475.960000,-0.076601,0.010213,9.799695
475.990000,-0.076601,0.010213,9.799695
476.025000,-0.076601,0.010213,9.799695
476.060000,-0.076601,0.010213,9.799695
476.090000,-0.076601,0.010213,9.799695
476.125000,-0.076601,0.010213,9.799695
476.155000,-0.076601,0.010214,9.799695
476.190000,-0.076601,0.010214,9.799695
476.225000,-0.076601,0.010214,9.799695
476.255000,-0.076601,0.010214,9.799695
476.290000,-0.076601,0.010214,9.799695
476.320000,-0.076601,0.010214,9.799695
476.355000,-0.076601,0.010214,9.799695
476.390000,-0.076601,0.010214,9.799695
476.420000,-0.076601,0.010214,9.799695
476.455000,-0.076601,0.010214,9.799695
476.485000,-0.076601,0.010214,9.799695
476.520000,-0.076601,0.010214,9.799695
476.555000,-0.076601,0.010214,9.799695
476.585000,-0.076601,0.010214,9.799695
476.620000,-0.076601,0.010214,9.799695
476.650000,-0.076601,0.010214,9.799695
476.685000,-0.076601,0.010214,9.799695
476.720000,-0.076601,0.010214,9.799695
476.750000,-0.076601,0.010214,9.799695
476.785000,-0.076601,0.010214,9.799695
476.815000,-0.076601,0.010214,9.799695
476.850000,-0.076601,0.010214,9.799695
476.885000,-0.076601,0.010214,9.799695
476.915000,-0.076601,0.010214,9.799695
476.950000,-0.076601,0.010214,9.799695
476.980000,-0.076601,0.010214,9.799695
477.015000,-0.076601,0.010214,9.799695
477.050000,-0.076601,0.010215,9.799695
477.080000,-0.076601,0.010215,9.799695
477.115000,-0.076601,0.010215,9.799695
477.145000,-0.076601,0.010215,9.799695
477.180000,-0.076601,0.010215,9.799695
477.215000,-0.076601,0.010215,9.799695
477.245000,-0.076601,0.010215,9.799695
477.280000,-0.076601,0.010215,9.799695
477.310000,-0.076601,0.010215,9.799695
477.345000,-0.076601,0.010215,9.799695
477.380000,-0.076601,0.010215,9.799695
477.410000,-0.076601,0.010215,9.799695
477.445000,-0.076601,0.010215,9.799695
477.475000,-0.076601,0.010215,9.799695
477.510000,-0.076601,0.010215,9.799695
477.545000,-0.076601,0.010215,9.799695
477.575000,-0.076601,0.010215,9.799695
477.610000,-0.076601,0.010215,9.799695
477.640000,-0.076601,0.010215,9.799695
477.675000,-0.076601,0.010215,9.799695
477.710000,-0.076601,0.010215,9.799695
477.740000,-0.076601,0.010215,9.799695
477.775000,-0.076601,0.010215,9.799695
477.805000,-0.076601,0.010215,9.799695
477.840000,-0.076601,0.010215,9.799695
477.875000,-0.076601,0.010215,9.799695
477.905000,-0.076601,0.010215,9.799695
477.940000,-0.076601,0.010215,9.799695
477.970000,-0.076601,0.010216,9.799695
478.005000,-0.076601,0.010216,9.799695
478.040000,-0.076601,0.010216,9.799695
478.070000,-0.076601,0.010215,9.799695
478.105000,-0.076601,0.010216,9.799695
478.135000,-0.076601,0.010216,9.799695
478.170000,-0.076603,0.010214,9.799695
478.205000,-0.076601,0.010216,9.799695
478.235000,-0.076601,0.010216,9.799695
478.270000,-0.076612,0.010208,9.799694
478.300000,-0.076601,0.010216,9.799695
478.335000,-0.076601,0.010216,9.799695
478.370000,-0.076618,0.010202,9.799693
478.400000,-0.076601,0.010216,9.799695
478.435000,-0.076601,0.010216,9.799695
478.465000,-0.076578,0.010233,9.799698
478.500000,-0.076601,0.010216,9.799695
478.535000,-0.076601,0.010216,9.799695
478.565000,-0.076574,0.010237,9.799698
478.600000,-0.076601,0.010216,9.799695
478.630000,-0.076601,0.010216,9.799695
478.665000,-0.076573,0.010238,9.799699
478.700000,-0.076601,0.010216,9.799695
478.730000,-0.076601,0.010216,9.799695
478.765000,-0.076578,0.010234,9.799698
478.795000,-0.076601,0.010216,9.799695
478.830000,-0.076601,0.010216,9.799695
478.865000,-0.076583,0.010231,9.799697
478.895000,-0.076601,0.010216,9.799695
478.930000,-0.076601,0.010216,9.799695
478.960000,-0.076601,0.010216,9.799695
478.995000,-0.076601,0.010216,9.799695
479.030000,-0.076601,0.010216,9.799695
479.060000,-0.076601,0.010216,9.799695
479.095000,-0.076601,0.010216,9.799695
479.125000,-0.076601,0.010216,9.799695
479.160000,-0.076601,0.010217,9.799695
479.195000,-0.076601,0.010217,9.799695
479.225000,-0.076601,0.010217,9.799695
479.260000,-0.076601,0.010217,9.799695
479.290000,-0.076601,0.010217,9.799695
479.325000,-0.076601,0.010217,9.799695
479.360000,-0.076601,0.010217,9.799695
479.390000,-0.076601,0.010217,9.799695
479.425000,-0.076601,0.010217,9.799695
479.455000,-0.076601,0.010217,9.799695
479.490000,-0.076601,0.010217,9.799695
479.525000,-0.076601,0.010217,9.799695
479.555000,-0.076601,0.010217,9.799695
479.590000,-0.076601,0.010217,9.799695
479.620000,-0.076605,0.010214,9.799695
479.655000,-0.076601,0.010217,9.799695
479.690000,-0.076601,0.010217,9.799695
479.720000,-0.076604,0.010215,9.799695
479.755000,-0.076601,0.010217,9.799695
479.785000,-0.076601,0.010217,9.799695
479.820000,-0.076603,0.010215,9.799695
479.855000,-0.076601,0.010217,9.799695
479.885000,-0.076601,0.010217,9.799695
479.920000,-0.076603,0.010216,9.799695
479.950000,-0.076601,0.010217,9.799695
479.985000,-0.076601,0.010217,9.799695
480.020000,-0.076603,0.010216,9.799695
480.050000,-0.076601,0.010217,9.799695
480.085000,-0.076601,0.010217,9.799695
480.115000,-0.076600,0.010218,9.799695
480.150000,-0.076601,0.010217,9.799695
480.185000,-0.076601,0.010217,9.799695
480.215000,-0.076600,0.010218,9.799695
480.250000,-0.076601,0.010218,9.799695
480.280000,-0.076601,0.010218,9.799695
480.315000,-0.076600,0.010218,9.799695
480.350000,-0.076601,0.010218,9.799695
480.380000,-0.076601,0.010218,9.799695
480.415000,-0.076600,0.010218,9.799695
480.445000,-0.076601,0.010218,9.799695
480.480000,-0.076601,0.010218,9.799695
480.515000,-0.076600,0.010218,9.799695
480.545000,-0.076601,0.010218,9.799695
480.580000,-0.076601,0.010218,9.799695
480.610000,-0.076601,0.010218,9.799695
480.645000,-0.076601,0.010218,9.799695
480.680000,-0.076601,0.010218,9.799695
480.710000,-0.076601,0.010218,9.799695
480.745000,-0.076601,0.010218,9.799695
480.775000,-0.076601,0.010218,9.799695
480.810000,-0.076601,0.010218,9.799695
480.845000,-0.076601,0.010218,9.799695
480.875000,-0.076601,0.010218,9.799695
480.910000,-0.076601,0.010218,9.799695
480.940000,-0.076601,0.010218,9.799695
480.975000,-0.076601,0.010218,9.799695
481.010000,-0.076601,0.010218,9.799695
481.040000,-0.076601,0.010218,9.799695
481.075000,-0.076601,0.010218,9.799695
481.105000,-0.076601,0.010218,9.799695
481.140000,-0.076601,0.010218,9.799695
481.175000,-0.076601,0.010218,9.799695
481.205000,-0.076601,0.010218,9.799695
481.240000,-0.076601,0.010218,9.799695
481.270000,-0.076601,0.010218,9.799695
481.305000,-0.076601,0.010218,9.799695
481.340000,-0.076601,0.010218,9.799695
481.370000,-0.076601,0.010218,9.799695
481.405000,-0.076601,0.010219,9.799695
481.435000,-0.076601,0.010219,9.799695
481.470000,-0.076601,0.010219,9.799695
481.505000,-0.076601,0.010219,9.799695
481.535000,-0.076601,0.010219,9.799695
481.570000,-0.076601,0.010219,9.799695
481.600000,-0.076601,0.010219,9.799695
481.635000,-0.076601,0.010219,9.799695
481.670000,-0.076601,0.010219,9.799695
481.700000,-0.076601,0.010219,9.799695
481.735000,-0.076601,0.010219,9.799695
481.765000,-0.076601,0.010219,9.799695
481.800000,-0.076601,0.010219,9.799695
481.835000,-0.076601,0.010219,9.799695
481.865000,-0.076601,0.010219,9.799695
481.900000,-0.076601,0.010219,9.799695
481.930000,-0.076601,0.010219,9.799695
481.965000,-0.076601,0.010219,9.799695
482.000000,-0.076601,0.010219,9.799695
482.030000,-0.076601,0.010219,9.799695
482.065000,-0.076601,0.010219,9.799695
482.095000,-0.076601,0.010219,9.799695
482.130000,-0.076601,0.010219,9.799695
482.165000,-0.076601,0.010219,9.799695
482.195000,-0.076601,0.010219,9.799695
482.230000,-0.076601,0.010219,9.799695
482.260000,-0.076601,0.010219,9.799695
482.295000,-0.076601,0.010219,9.799695
482.330000,-0.076601,0.010219,9.799695
482.360000,-0.076601,0.010219,9.799695
482.395000,-0.076601,0.010219,9.799695
482.425000,-0.076601,0.010219,9.799695
482.460000,-0.076601,0.010220,9.799695
482.495000,-0.076601,0.010220,9.799695
482.525000,-0.076601,0.010220,9.799695
482.560000,-0.076601,0.010220,9.799695
482.590000,-0.076601,0.010220,9.799695
482.625000,-0.076601,0.010220,9.799695
482.660000,-0.076601,0.010220,9.799695
482.690000,-0.076601,0.010220,9.799695
482.725000,-0.076601,0.010220,9.799695
482.755000,-0.076601,0.010220,9.799695
482.790000,-0.076601,0.010220,9.799695
482.825000,-0.076601,0.010220,9.799695
482.855000,-0.076601,0.010220,9.799695
482.890000,-0.076601,0.010220,9.799695
482.920000,-0.076601,0.010220,9.799695
482.955000,-0.076601,0.010220,9.799695
482.990000,-0.076601,0.010220,9.799695
483.020000,-0.076601,0.010220,9.799695
483.055000,-0.076601,0.010220,9.799695
483.085000,-0.076601,0.010220,9.799695
483.120000,-0.076601,0.010220,9.799695
483.155000,-0.076601,0.010220,9.799695
483.185000,-0.076601,0.010220,9.799695
483.220000,-0.076601,0.010220,9.799695
483.250000,-0.076601,0.010220,9.799695
483.285000,-0.076601,0.010220,9.799695
483.320000,-0.076601,0.010220,9.799695
483.350000,-0.076601,0.010220,9.799695
483.385000,-0.076601,0.010220,9.799695
483.415000,-0.076601,0.010220,9.799695
483.450000,-0.076601,0.010220,9.799695
483.485000,-0.076601,0.010220,9.799695
483.515000,-0.076601,0.010220,9.799695
483.550000,-0.076601,0.010221,9.799695
483.580000,-0.076601,0.010221,9.799695
483.615000,-0.076601,0.010221,9.799695
483.650000,-0.076601,0.010221,9.799695
483.680000,-0.076601,0.010221,9.799695
483.715000,-0.076601,0.010221,9.799695
483.745000,-0.076601,0.010221,9.799695
483.780000,-0.076601,0.010221,9.799695
483.815000,-0.076601,0.010221,9.799695
483.845000,-0.076601,0.010221,9.799695
483.880000,-0.076601,0.010221,9.799695
483.910000,-0.076601,0.010221,9.799695
483.945000,-0.076601,0.010221,9.799695
483.980000,-0.076601,0.010221,9.799695
484.010000,-0.076601,0.010221,9.799695
484.045000,-0.076601,0.010221,9.799695
484.075000,-0.076601,0.010221,9.799695
484.110000,-0.076601,0.010221,9.799695
484.145000,-0.076601,0.010221,9.799695
484.175000,-0.076601,0.010221,9.799695
484.210000,-0.076601,0.010221,9.799695
484.240000,-0.076601,0.010221,9.799695
484.275000,-0.076601,0.010221,9.799695
484.310000,-0.076601,0.010221,9.799695
484.340000,-0.076601,0.010221,9.799695
484.375000,-0.076601,0.010221,9.799695
484.405000,-0.076601,0.010221,9.799695
484.440000,-0.076601,0.010221,9.799695
484.475000,-0.076601,0.010221,9.799695
484.505000,-0.076601,0.010221,9.799695
484.540000,-0.076601,0.010221,9.799695
484.570000,-0.076601,0.010221,9.799695
484.605000,-0.076601,0.010221,9.799695
484.640000,-0.076601,0.010221,9.799695
484.670000,-0.076601,0.010222,9.799695
484.705000,-0.076601,0.010222,9.799695
484.735000,-0.076601,0.010222,9.799695
484.770000,-0.076601,0.010222,9.799695
484.805000,-0.076601,0.010222,9.799695
484.835000,-0.076601,0.010222,9.799695
484.870000,-0.076601,0.010222,9.799695
484.900000,-0.076601,0.010222,9.799695
484.935000,-0.076601,0.010222,9.799695
484.970000,-0.076601,0.010222,9.799695
485.000000,-0.076601,0.010222,9.799695
485.035000,-0.076601,0.010222,9.799695
485.065000,-0.076601,0.010222,9.799695
485.100000,-0.076601,0.010222,9.799695
485.135000,-0.076601,0.010222,9.799695
485.165000,-0.076601,0.010222,9.799695
485.200000,-0.076601,0.010222,9.799695
485.230000,-0.076601,0.010222,9.799695
485.265000,-0.076601,0.010222,9.799695
485.300000,-0.076601,0.010222,9.799695
485.330000,-0.076601,0.010222,9.799695
485.365000,-0.076601,0.010222,9.799695
485.395000,-0.076601,0.010222,9.799695
485.430000,-0.076601,0.010222,9.799695
485.465000,-0.076601,0.010222,9.799695
485.495000,-0.076601,0.010222,9.799695
485.530000,-0.076601,0.010222,9.799695
485.560000,-0.076601,0.010222,9.799695
485.595000,-0.076601,0.010222,9.799695
485.630000,-0.076601,0.010222,9.799695
485.660000,-0.076601,0.010222,9.799695
485.695000,-0.076601,0.010222,9.799695
485.725000,-0.076601,0.010222,9.799695
485.760000,-0.076601,0.010223,9.799695
485.795000,-0.076601,0.010223,9.799695
485.825000,-0.076601,0.010223,9.799695
485.860000,-0.076601,0.010223,9.799695
485.890000,-0.076601,0.010223,9.799695
485.925000,-0.076601,0.010223,9.799695
485.960000,-0.076601,0.010223,9.799695
485.990000,-0.076601,0.010223,9.799695
486.025000,-0.076601,0.010223,9.799695
486.055000,-0.076601,0.010223,9.799695
486.090000,-0.076601,0.010223,9.799695
486.125000,-0.076601,0.010223,9.799695
486.155000,-0.076601,0.010223,9.799695
486.190000,-0.076601,0.010223,9.799695
486.220000,-0.076601,0.010223,9.799695
486.255000,-0.076601,0.010223,9.799695
486.290000,-0.076601,0.010223,9.799695
486.320000,-0.076601,0.010223,9.799695
486.355000,-0.076601,0.010223,9.799695
486.385000,-0.076601,0.010223,9.799695
486.420000,-0.076601,0.010223,9.799695
486.455000,-0.076601,0.010223,9.799695
486.485000,-0.076601,0.010223,9.799695
486.520000,-0.076601,0.010223,9.799695
486.550000,-0.076601,0.010223,9.799695
486.585000,-0.076601,0.010223,9.799695
486.620000,-0.076601,0.010223,9.799695
486.650000,-0.076601,0.010223,9.799695
486.685000,-0.076601,0.010223,9.799695
486.715000,-0.076601,0.010223,9.799695
486.750000,-0.076601,0.010223,9.799695
486.785000,-0.076601,0.010223,9.799695
486.815000,-0.076601,0.010223,9.799695
486.850000,-0.076601,0.010223,9.799695
486.880000,-0.076601,0.010224,9.799695
486.915000,-0.076601,0.010224,9.799695
486.950000,-0.076601,0.010224,9.799695
486.980000,-0.076601,0.010224,9.799695
487.015000,-0.076601,0.010224,9.799695
487.045000,-0.076601,0.010224,9.799695
487.080000,-0.076601,0.010224,9.799695
487.115000,-0.076601,0.010224,9.799695
487.145000,-0.076601,0.010224,9.799695
487.180000,-0.076601,0.010224,9.799695
487.210000,-0.076601,0.010224,9.799695
487.245000,-0.076601,0.010224,9.799695
487.280000,-0.076601,0.010224,9.799695
487.310000,-0.076601,0.010224,9.799695
487.345000,-0.076601,0.010224,9.799695
487.375000,-0.076601,0.010224,9.799695
487.410000,-0.076601,0.010224,9.799695
487.445000,-0.076601,0.010224,9.799695
487.475000,-0.076601,0.010224,9.799695
487.510000,-0.076601,0.010224,9.799695
487.540000,-0.076601,0.010224,9.799695
487.575000,-0.076601,0.010224,9.799695
487.610000,-0.076601,0.010224,9.799695
487.640000,-0.076601,0.010224,9.799695
487.675000,-0.076601,0.010224,9.799695
487.705000,-0.076601,0.010224,9.799695
487.740000,-0.076601,0.010224,9.799695
487.775000,-0.076601,0.010224,9.799695
487.805000,-0.076601,0.010224,9.799695
487.840000,-0.076601,0.010224,9.799695
487.870000,-0.076601,0.010224,9.799695
487.905000,-0.076601,0.010224,9.799695
487.940000,-0.076601,0.010224,9.799695
487.970000,-0.076601,0.010224,9.799695
488.005000,-0.076601,0.010225,9.799695
488.035000,-0.076601,0.010225,9.799695
488.070000,-0.076601,0.010225,9.799695
488.105000,-0.076601,0.010225,9.799695
488.135000,-0.076601,0.010225,9.799695
488.170000,-0.076601,0.010225,9.799695
488.200000,-0.076601,0.010225,9.799695
488.235000,-0.076601,0.010225,9.799695
488.270000,-0.076601,0.010225,9.799695
488.300000,-0.076601,0.010225,9.799695
488.335000,-0.076601,0.010225,9.799695
488.365000,-0.076601,0.010225,9.799695
488.400000,-0.076601,0.010225,9.799695
488.435000,-0.076601,0.010225,9.799695
488.465000,-0.076601,0.010225,9.799695
488.500000,-0.076601,0.010225,9.799695
488.530000,-0.076601,0.010225,9.799695
488.565000,-0.076601,0.010225,9.799695
488.600000,-0.076601,0.010225,9.799695
488.630000,-0.076601,0.010225,9.799695
488.665000,-0.076601,0.010225,9.799695
488.695000,-0.076601,0.010225,9.799695
488.730000,-0.076601,0.010225,9.799695
488.765000,-0.076601,0.010225,9.799695
488.795000,-0.076601,0.010225,9.799695
488.830000,-0.076601,0.010225,9.799695
488.860000,-0.076601,0.010225,9.799695
488.895000,-0.076601,0.010225,9.799695
488.930000,-0.076601,0.010225,9.799695
488.960000,-0.076601,0.010225,9.799695
488.995000,-0.076601,0.010225,9.799695
489.025000,-0.076601,0.010225,9.799695
489.060000,-0.076601,0.010225,9.799695
489.095000,-0.076601,0.010226,9.799695
489.125000,-0.076601,0.010226,9.799695
489.160000,-0.076601,0.010226,9.799695
489.190000,-0.076601,0.010226,9.799695
489.225000,-0.076601,0.010226,9.799695
489.260000,-0.076601,0.010226,9.799695
489.290000,-0.076601,0.010226,9.799695
489.325000,-0.076601,0.010226,9.799695
489.355000,-0.076601,0.010226,9.799695
489.390000,-0.076601,0.010226,9.799695
489.425000,-0.076601,0.010226,9.799695
489.455000,-0.076601,0.010226,9.799695
489.490000,-0.076601,0.010226,9.799695
489.520000,-0.076601,0.010226,9.799695
489.555000,-0.076601,0.010226,9.799695
489.590000,-0.076601,0.010226,9.799695
489.620000,-0.076601,0.010226,9.799695
489.655000,-0.076601,0.010226,9.799695
489.685000,-0.076601,0.010226,9.799695
489.720000,-0.076601,0.010226,9.799695
489.755000,-0.076601,0.010226,9.799695
489.785000,-0.076601,0.010226,9.799695
489.820000,-0.076601,0.010226,9.799695
489.850000,-0.076601,0.010226,9.799695
489.885000,-0.076601,0.010226,9.799695
489.920000,-0.076601,0.010226,9.799695
489.950000,-0.076601,0.010226,9.799695
489.985000,-0.076601,0.010226,9.799695
490.015000,-0.076601,0.010226,9.799695
490.050000,-0.076601,0.010226,9.799695
490.085000,-0.076601,0.010226,9.799695
490.115000,-0.076601,0.010226,9.799695
490.150000,-0.076601,0.010226,9.799695
490.180000,-0.076601,0.010226,9.799695
490.215000,-0.076601,0.010227,9.799695
490.250000,-0.076601,0.010227,9.799695
490.280000,-0.076601,0.010227,9.799695
490.315000,-0.076601,0.010227,9.799695
490.345000,-0.076601,0.010227,9.799695
490.380000,-0.076601,0.010227,9.799695
490.415000,-0.076601,0.010227,9.799695
490.445000,-0.076601,0.010227,9.799695
490.480000,-0.076601,0.010227,9.799695
490.510000,-0.076601,0.010227,9.799695
490.545000,-0.076601,0.010227,9.799695
490.580000,-0.076601,0.010227,9.799695
490.610000,-0.076601,0.010227,9.799695
490.645000,-0.076601,0.010227,9.799695
490.675000,-0.076601,0.010227,9.799695
490.710000,-0.076601,0.010227,9.799695
490.745000,-0.076601,0.010227,9.799695
490.775000,-0.076601,0.010227,9.799695
490.810000,-0.076601,0.010227,9.799695
490.840000,-0.076601,0.010227,9.799695
490.875000,-0.076601,0.010227,9.799695
490.910000,-0.076601,0.010227,9.799695
490.940000,-0.076601,0.010227,9.799695
490.975000,-0.076601,0.010227,9.799695
491.005000,-0.076601,0.010227,9.799695
491.040000,-0.076601,0.010227,9.799695
491.075000,-0.076601,0.010227,9.799695
491.105000,-0.076601,0.010227,9.799695
491.140000,-0.076601,0.010227,9.799695
491.170000,-0.076601,0.010227,9.799695
491.205000,-0.076601,0.010227,9.799695
491.240000,-0.076601,0.010227,9.799695
491.270000,-0.076601,0.010227,9.799695
491.305000,-0.076601,0.010228,9.799695
491.335000,-0.076601,0.010228,9.799695
491.370000,-0.076601,0.010228,9.799695
491.405000,-0.076601,0.010228,9.799695
491.435000,-0.076601,0.010228,9.799695
491.470000,-0.076601,0.010228,9.799695
491.500000,-0.076601,0.010228,9.799695
491.535000,-0.076601,0.010228,9.799695
491.570000,-0.076601,0.010228,9.799695
491.600000,-0.076601,0.010228,9.799695
491.635000,-0.076601,0.010228,9.799695
491.665000,-0.076601,0.010228,9.799695
491.700000,-0.076601,0.010228,9.799695
491.735000,-0.076601,0.010228,9.799695
491.765000,-0.076601,0.010228,9.799695
491.800000,-0.076601,0.010228,9.799695
491.830000,-0.076601,0.010228,9.799695
491.865000,-0.076601,0.010228,9.799695
491.900000,-0.076601,0.010228,9.799695
491.930000,-0.076601,0.010228,9.799695
491.965000,-0.076601,0.010228,9.799695
491.995000,-0.076601,0.010228,9.799695
492.030000,-0.076601,0.010228,9.799695
492.065000,-0.076601,0.010228,9.799695
492.095000,-0.076601,0.010228,9.799695
492.130000,-0.076601,0.010228,9.799695
492.160000,-0.076601,0.010228,9.799695
492.195000,-0.076601,0.010228,9.799695
492.230000,-0.076601,0.010228,9.799695
492.260000,-0.076600,0.010228,9.799695
492.295000,-0.076600,0.010228,9.799695
492.325000,-0.076600,0.010228,9.799695
492.360000,-0.076600,0.010228,9.799695
492.395000,-0.076600,0.010229,9.799695
492.425000,-0.076600,0.010229,9.799695
492.460000,-0.076600,0.010229,9.799695
492.490000,-0.076600,0.010229,9.799695
492.525000,-0.076600,0.010229,9.799695
492.560000,-0.076600,0.010229,9.799695
492.590000,-0.076600,0.010229,9.799695
492.625000,-0.076600,0.010229,9.799695
492.655000,-0.076600,0.010229,9.799695
492.690000,-0.076600,0.010229,9.799695
492.725000,-0.076600,0.010229,9.799695
492.755000,-0.076600,0.010229,9.799695
492.790000,-0.076600,0.010229,9.799695
492.820000,-0.076600,0.010229,9.799695
492.855000,-0.076600,0.010229,9.799695
492.890000,-0.076600,0.010229,9.799695
492.920000,-0.076600,0.010229,9.799695
492.955000,-0.076600,0.010229,9.799695
492.985000,-0.076600,0.010229,9.799695
493.020000,-0.076607,0.010224,9.799695
493.055000,-0.076600,0.010229,9.799695
493.085000,-0.076600,0.010229,9.799695
493.120000,-0.076614,0.010218,9.799694
493.150000,-0.076600,0.010229,9.799695
493.185000,-0.076600,0.010229,9.799695
493.220000,-0.076620,0.010214,9.799693
493.250000,-0.076600,0.010229,9.799695
493.285000,-0.076600,0.010229,9.799695
493.315000,-0.076576,0.010248,9.799698
493.350000,-0.076600,0.010229,9.799695
493.385000,-0.076600,0.010229,9.799695
493.415000,-0.076572,0.010252,9.799699
493.450000,-0.076600,0.010229,9.799695
493.480000,-0.076600,0.010229,9.799695
493.515000,-0.076576,0.010249,9.799698
493.550000,-0.076600,0.010230,9.799695
493.580000,-0.076600,0.010230,9.799695
493.615000,-0.076580,0.010245,9.799698
493.645000,-0.076600,0.010230,9.799695
493.680000,-0.076600,0.010230,9.799695
493.715000,-0.076584,0.010243,9.799697
493.745000,-0.076600,0.010230,9.799695
493.780000,-0.076600,0.010230,9.799695
493.810000,-0.076600,0.010230,9.799695
493.845000,-0.076600,0.010230,9.799695
493.880000,-0.076600,0.010230,9.799695
493.910000,-0.076600,0.010230,9.799695
493.945000,-0.076600,0.010230,9.799695
493.975000,-0.076600,0.010230,9.799695
494.010000,-0.076600,0.010230,9.799695
494.045000,-0.076600,0.010230,9.799695
494.075000,-0.076600,0.010230,9.799695
494.110000,-0.076600,0.010230,9.799695
494.140000,-0.076600,0.010230,9.799695
494.175000,-0.076600,0.010230,9.799695
494.210000,-0.076600,0.010230,9.799695
494.240000,-0.076600,0.010230,9.799695
494.275000,-0.076600,0.010230,9.799695
494.305000,-0.076600,0.010230,9.799695
494.340000,-0.076600,0.010230,9.799695
494.375000,-0.076600,0.010230,9.799695
494.405000,-0.076600,0.010230,9.799695
494.440000,-0.076600,0.010230,9.799695
494.470000,-0.076604,0.010228,9.799695
494.505000,-0.076600,0.010230,9.799695
494.540000,-0.076600,0.010231,9.799695
494.570000,-0.076603,0.010228,9.799695
494.605000,-0.076600,0.010231,9.799695
494.635000,-0.076600,0.010231,9.799695
494.670000,-0.076603,0.010229,9.799695
494.705000,-0.076600,0.010231,9.799695
494.735000,-0.076600,0.010231,9.799695
494.770000,-0.076602,0.010229,9.799695
494.800000,-0.076600,0.010231,9.799695
494.835000,-0.076600,0.010231,9.799695
494.870000,-0.076602,0.010230,9.799695
494.900000,-0.076600,0.010231,9.799695
494.935000,-0.076600,0.010231,9.799695
494.965000,-0.076599,0.010232,9.799695
495.000000,-0.076600,0.010231,9.799695
495.035000,-0.076600,0.010231,9.799695
495.065000,-0.076599,0.010232,9.799695
495.100000,-0.076600,0.010231,9.799695
495.130000,-0.076600,0.010231,9.799695
495.165000,-0.076600,0.010232,9.799695
495.200000,-0.076600,0.010231,9.799695
495.230000,-0.076600,0.010231,9.799695
495.265000,-0.076600,0.010232,9.799695
495.295000,-0.076600,0.010231,9.799695
495.330000,-0.076600,0.010231,9.799695
495.365000,-0.076600,0.010232,9.799695
495.395000,-0.076600,0.010231,9.799695
495.430000,-0.076600,0.010231,9.799695
495.460000,-0.076600,0.010231,9.799695
495.495000,-0.076600,0.010231,9.799695
495.530000,-0.076600,0.010231,9.799695
495.560000,-0.076600,0.010231,9.799695
495.595000,-0.076600,0.010231,9.799695
495.625000,-0.076600,0.010231,9.799695
495.660000,-0.076600,0.010232,9.799695
495.695000,-0.076600,0.010232,9.799695
495.725000,-0.076600,0.010232,9.799695
495.760000,-0.076600,0.010232,9.799695
495.790000,-0.076600,0.010232,9.799695
495.825000,-0.076600,0.010232,9.799695
495.860000,-0.076600,0.010232,9.799695
495.890000,-0.076600,0.010232,9.799695
495.925000,-0.076600,0.010232,9.799695
495.955000,-0.076600,0.010232,9.799695
495.990000,-0.076600,0.010232,9.799695
496.025000,-0.076600,0.010232,9.799695
496.055000,-0.076600,0.010232,9.799695
496.090000,-0.076600,0.010232,9.799695
496.120000,-0.076600,0.010232,9.799695
496.155000,-0.076600,0.010232,9.799695
496.190000,-0.076600,0.010232,9.799695
496.220000,-0.076600,0.010232,9.799695
496.255000,-0.076600,0.010232,9.799695
496.285000,-0.076600,0.010232,9.799695
496.320000,-0.076600,0.010232,9.799695
496.355000,-0.076600,0.010232,9.799695
496.385000,-0.076600,0.010232,9.799695
496.420000,-0.076600,0.010232,9.799695
496.450000,-0.076600,0.010232,9.799695
496.485000,-0.076600,0.010232,9.799695
496.520000,-0.076600,0.010232,9.799695
496.550000,-0.076600,0.010232,9.799695
496.585000,-0.076600,0.010232,9.799695
496.615000,-0.076600,0.010232,9.799695
496.650000,-0.076600,0.010232,9.799695
496.685000,-0.076600,0.010232,9.799695
496.715000,-0.076600,0.010232,9.799695
496.750000,-0.076600,0.010232,9.799695
496.780000,-0.076600,0.010232,9.799695
496.815000,-0.076600,0.010232,9.799695
496.850000,-0.076600,0.010232,9.799695
496.880000,-0.076600,0.010232,9.799695
496.915000,-0.076600,0.010232,9.799695
496.945000,-0.076600,0.010232,9.799695
496.980000,-0.076600,0.010232,9.799695
497.015000,-0.076600,0.010233,9.799695
497.045000,-0.076600,0.010233,9.799695
497.080000,-0.076600,0.010233,9.799695
497.110000,-0.076600,0.010233,9.799695
497.145000,-0.076600,0.010233,9.799695
497.180000,-0.076600,0.010233,9.799695
497.210000,-0.076600,0.010233,9.799695
497.245000,-0.076600,0.010233,9.799695
497.275000,-0.076600,0.010233,9.799695
497.310000,-0.076600,0.010233,9.799695
497.345000,-0.076600,0.010233,9.799695
497.375000,-0.076600,0.010233,9.799695
497.410000,-0.076600,0.010233,9.799695
497.440000,-0.076600,0.010233,9.799695
497.475000,-0.076600,0.010233,9.799695
497.510000,-0.076601,0.010233,9.799695
497.540000,-0.076601,0.010233,9.799695
497.575000,-0.076601,0.010233,9.799695
497.605000,-0.076601,0.010233,9.799695
497.640000,-0.076601,0.010233,9.799695
497.675000,-0.076601,0.010233,9.799695
497.705000,-0.076601,0.010233,9.799695
497.740000,-0.076601,0.010233,9.799695
497.770000,-0.076601,0.010233,9.799695
497.805000,-0.076601,0.010233,9.799695
497.840000,-0.076601,0.010233,9.799695
497.870000,-0.076601,0.010233,9.799695
497.905000,-0.076601,0.010233,9.799695
497.935000,-0.076601,0.010233,9.799695
497.970000,-0.076601,0.010233,9.799695
498.005000,-0.076601,0.010233,9.799695
498.035000,-0.076601,0.010233,9.799695
498.070000,-0.076600,0.010233,9.799695
498.100000,-0.076601,0.010233,9.799695
498.135000,-0.076601,0.010233,9.799695
498.170000,-0.076598,0.010235,9.799696
498.200000,-0.076601,0.010233,9.799695
498.235000,-0.076601,0.010233,9.799695
498.265000,-0.076611,0.010225,9.799694
498.300000,-0.076601,0.010233,9.799695
498.335000,-0.076601,0.010233,9.799695
498.365000,-0.076617,0.010220,9.799693
498.400000,-0.076601,0.010233,9.799695
498.430000,-0.076601,0.010233,9.799695
498.465000,-0.076623,0.010216,9.799693
498.500000,-0.076601,0.010233,9.799695
498.530000,-0.076601,0.010233,9.799695
498.565000,-0.076627,0.010213,9.799692
498.595000,-0.076601,0.010233,9.799695
498.630000,-0.076601,0.010233,9.799695
498.665000,-0.076628,0.010212,9.799692
498.695000,-0.076601,0.010233,9.799695
498.730000,-0.076601,0.010233,9.799695
498.760000,-0.076601,0.010233,9.799695
498.795000,-0.076601,0.010233,9.799695
498.830000,-0.076601,0.010233,9.799695
498.860000,-0.076601,0.010233,9.799695
498.895000,-0.076601,0.010233,9.799695
498.925000,-0.076601,0.010233,9.799695
498.960000,-0.076601,0.010233,9.799695
498.995000,-0.076601,0.010233,9.799695
499.025000,-0.076601,0.010234,9.799695
499.060000,-0.076601,0.010234,9.799695
499.090000,-0.076601,0.010234,9.799695
499.125000,-0.076601,0.010234,9.799695
499.160000,-0.076601,0.010234,9.799695
499.190000,-0.076601,0.010234,9.799695
499.225000,-0.076601,0.010234,9.799695
499.255000,-0.076601,0.010234,9.799695
499.290000,-0.076601,0.010234,9.799695
499.325000,-0.076601,0.010234,9.799695
499.355000,-0.076601,0.010234,9.799695
499.390000,-0.076601,0.010234,9.799695
499.420000,-0.076595,0.010238,9.799696
499.455000,-0.076601,0.010234,9.799695
499.490000,-0.076601,0.010234,9.799695
499.520000,-0.076596,0.010237,9.799696
499.555000,-0.076601,0.010234,9.799695
499.585000,-0.076601,0.010234,9.799695
499.620000,-0.076597,0.010237,9.799696
499.655000,-0.076601,0.010234,9.799695
499.685000,-0.076601,0.010234,9.799695
499.720000,-0.076598,0.010236,9.799696
499.750000,-0.076601,0.010234,9.799695
499.785000,-0.076601,0.010234,9.799695
499.820000,-0.076598,0.010236,9.799696
499.850000,-0.076601,0.010234,9.799695
499.885000,-0.076601,0.010234,9.799695
499.915000,-0.076603,0.010233,9.799695
499.950000,-0.076601,0.010234,9.799695
499.985000,-0.076601,0.010234,9.799695
500.015000,-0.076602,0.010233,9.799695
500.050000,-0.076601,0.010234,9.799695
500.080000,-0.076601,0.010234,9.799695
500.115000,-0.076602,0.010233,9.799695
500.150000,-0.076601,0.010234,9.799695
500.180000,-0.076601,0.010234,9.799695
500.215000,-0.076602,0.010234,9.799695
500.245000,-0.076601,0.010234,9.799695
500.280000,-0.076601,0.010234,9.799695
500.315000,-0.076602,0.010234,9.799695
500.345000,-0.076601,0.010235,9.799695
500.380000,-0.076601,0.010235,9.799695
500.410000,-0.076601,0.010235,9.799695
500.445000,-0.076601,0.010235,9.799695
500.480000,-0.076601,0.010235,9.799695
500.510000,-0.076601,0.010235,9.799695
500.545000,-0.076601,0.010235,9.799695
500.575000,-0.076601,0.010235,9.799695
500.610000,-0.076601,0.010235,9.799695
500.645000,-0.076601,0.010235,9.799695
500.675000,-0.076601,0.010235,9.799695
500.710000,-0.076601,0.010235,9.799695
500.740000,-0.076601,0.010235,9.799695
500.775000,-0.076601,0.010235,9.799695
500.810000,-0.076601,0.010235,9.799695
500.840000,-0.076601,0.010235,9.799695
500.875000,-0.076601,0.010235,9.799695
500.905000,-0.076601,0.010235,9.799695
500.940000,-0.076601,0.010235,9.799695
500.975000,-0.076601,0.010235,9.799695
501.005000,-0.076601,0.010235,9.799695
501.040000,-0.076601,0.010235,9.799695
501.070000,-0.076601,0.010235,9.799695
501.105000,-0.076601,0.010235,9.799695
501.140000,-0.076601,0.010235,9.799695
501.170000,-0.076601,0.010235,9.799695
501.205000,-0.076601,0.010235,9.799695
501.235000,-0.076601,0.010235,9.799695
501.270000,-0.076601,0.010235,9.799695
501.305000,-0.076601,0.010235,9.799695
501.335000,-0.076601,0.010235,9.799695
501.370000,-0.076601,0.010236,9.799695
501.400000,-0.076601,0.010235,9.799695
501.435000,-0.076601,0.010236,9.799695
501.470000,-0.076601,0.010236,9.799695
501.500000,-0.076601,0.010236,9.799695
501.535000,-0.076601,0.010236,9.799695
501.565000,-0.076601,0.010236,9.799695
501.600000,-0.076601,0.010236,9.799695
501.635000,-0.076601,0.010236,9.799695
501.665000,-0.076601,0.010236,9.799695
501.700000,-0.076601,0.010236,9.799695
501.730000,-0.076601,0.010236,9.799695
501.765000,-0.076601,0.010236,9.799695
501.800000,-0.076601,0.010236,9.799695
501.830000,-0.076601,0.010236,9.799695
501.865000,-0.076601,0.010236,9.799695
501.895000,-0.076601,0.010236,9.799695
501.930000,-0.076601,0.010236,9.799695
501.965000,-0.076601,0.010236,9.799695
501.995000,-0.076601,0.010236,9.799695
502.030000,-0.076601,0.010236,9.799695
502.060000,-0.076601,0.010236,9.799695
502.095000,-0.076601,0.010236,9.799695
502.130000,-0.076601,0.010236,9.799695
502.160000,-0.076601,0.010236,9.799695
502.195000,-0.076601,0.010236,9.799695
502.225000,-0.076601,0.010236,9.799695
502.260000,-0.076601,0.010236,9.799695
502.295000,-0.076601,0.010236,9.799695
502.325000,-0.076601,0.010236,9.799695
502.360000,-0.076601,0.010236,9.799695
502.390000,-0.076601,0.010236,9.799695
502.425000,-0.076601,0.010236,9.799695
502.460000,-0.076601,0.010236,9.799695
502.490000,-0.076601,0.010236,9.799695
502.525000,-0.076601,0.010236,9.799695
502.555000,-0.076601,0.010237,9.799695
502.590000,-0.076601,0.010237,9.799695
502.625000,-0.076601,0.010237,9.799695
502.655000,-0.076601,0.010237,9.799695
502.690000,-0.076601,0.010237,9.799695
502.720000,-0.076601,0.010237,9.799695
502.755000,-0.076601,0.010237,9.799695
502.790000,-0.076601,0.010237,9.799695
502.820000,-0.076601,0.010237,9.799695
502.855000,-0.076601,0.010237,9.799695
502.885000,-0.076601,0.010237,9.799695
502.920000,-0.076601,0.010237,9.799695
502.955000,-0.076601,0.010237,9.799695
502.985000,-0.076601,0.010237,9.799695
503.020000,-0.076601,0.010237,9.799695
503.050000,-0.076601,0.010237,9.799695
503.085000,-0.076601,0.010237,9.799695
503.120000,-0.076601,0.010237,9.799695
503.150000,-0.076601,0.010237,9.799695
503.185000,-0.076601,0.010237,9.799695
503.215000,-0.076601,0.010237,9.799695
503.250000,-0.076601,0.010237,9.799695
503.285000,-0.076601,0.010237,9.799695
503.315000,-0.076601,0.010237,9.799695
503.350000,-0.076601,0.010237,9.799695
503.380000,-0.076601,0.010237,9.799695
503.415000,-0.076601,0.010237,9.799695
503.450000,-0.076601,0.010237,9.799695
503.480000,-0.076601,0.010237,9.799695
503.515000,-0.076601,0.010237,9.799695
503.545000,-0.076601,0.010237,9.799695
503.580000,-0.076601,0.010237,9.799695
503.615000,-0.076601,0.010237,9.799695
503.645000,-0.076601,0.010238,9.799695
503.680000,-0.076601,0.010238,9.799695
503.710000,-0.076601,0.010238,9.799695
503.745000,-0.076601,0.010238,9.799695
503.780000,-0.076601,0.010238,9.799695
503.810000,-0.076601,0.010238,9.799695
503.845000,-0.076601,0.010238,9.799695
503.875000,-0.076601,0.010238,9.799695
503.910000,-0.076601,0.010238,9.799695
503.945000,-0.076601,0.010238,9.799695
503.975000,-0.076601,0.010238,9.799695
504.010000,-0.076601,0.010238,9.799695
504.040000,-0.076601,0.010238,9.799695
504.075000,-0.076601,0.010238,9.799695
504.110000,-0.076601,0.010238,9.799695
504.140000,-0.076601,0.010238,9.799695
504.175000,-0.076601,0.010238,9.799695
504.205000,-0.076601,0.010238,9.799695
504.240000,0.338836,0.007896,9.771794
504.275000,0.205737,-0.008924,9.710611
504.305000,0.206702,-0.009846,9.710651
504.340000,0.204254,-0.010525,9.603752
504.370000,0.265186,-0.291858,9.451116
504.405000,0.327331,-0.017716,9.450525
504.440000,-2.891859,-3.753550,8.666568
504.470000,0.188420,-0.030756,9.025604
504.505000,0.271713,0.045792,9.024979
504.535000,0.268119,0.043211,8.842707
504.570000,0.177725,-0.029375,8.844944
504.605000,0.254554,0.047080,8.844729
504.635000,0.394631,-0.312503,8.841896
504.670000,0.163648,-0.022956,8.845879
504.700000,0.239743,0.052857,8.845689
504.735000,1.293527,-0.446101,-0.104800
504.770000,-0.302769,2.688894,7.910694
504.800000,2.088250,0.768740,9.065889
504.835000,2.057146,0.957800,9.139354
504.865000,0.553915,0.218635,9.586043
504.900000,-3.638543,-3.364784,9.650764
504.935000,-1.366177,1.879845,9.148363
504.965000,-0.203619,1.357879,9.579276
505.000000,-0.223770,0.032720,9.780842
505.030000,2.116230,0.032016,9.928640
505.065000,-2.102318,-1.905779,9.813789
505.100000,-0.059664,0.042696,9.778200
505.130000,-1.668024,0.626847,9.705827
505.165000,0.385268,0.389773,10.241332
505.195000,0.526929,1.660304,10.133090
505.230000,1.209129,1.736522,8.927272
505.265000,-1.736987,-3.519000,11.377903
505.295000,-0.398884,0.529340,1.753718
505.330000,0.186474,0.137357,9.023195
505.360000,2.747545,4.154669,12.363385
505.395000,0.212182,0.036047,8.845763
505.430000,0.156861,0.144116,8.845289
505.460000,0.167134,0.142322,8.844958
505.495000,0.199473,0.046371,8.845987
505.525000,0.148451,0.157606,8.844897
505.560000,0.680098,-0.599056,17.972002
505.595000,-1.767645,-3.038209,15.277899
505.625000,0.137867,0.183311,9.330373
505.660000,0.136987,0.173177,9.330488
505.690000,0.197857,0.062909,9.509807
505.725000,0.197467,0.065167,9.644488
505.760000,0.315298,-0.215837,9.641414
505.790000,0.180779,0.211232,9.736779
505.825000,0.126178,0.207462,9.787205
505.855000,0.127540,0.206042,9.787094
505.890000,-0.075992,0.015245,9.799548
505.925000,-0.075994,0.015241,9.799558
505.955000,-0.075996,0.015237,9.799566
505.990000,-0.075997,0.015233,9.799575
506.020000,-0.076000,0.015233,9.799582
506.055000,-0.076000,0.015226,9.799589
506.090000,-0.076001,0.015223,9.799596
506.120000,-0.076004,0.015223,9.799602
506.155000,-0.076004,0.015218,9.799608
506.185000,-0.076005,0.015215,9.799613
506.220000,0.129363,0.205006,9.775462
506.255000,0.130044,0.204082,9.775418
506.285000,0.130624,0.200966,9.711238
506.320000,0.131750,0.195863,9.604267
506.350000,0.123687,0.186034,9.602830
506.385000,-0.519409,-2.066762,8.509528
506.420000,0.166413,0.082036,9.261204
506.450000,0.099196,0.208539,9.261659
506.485000,0.091318,0.198451,9.026768
506.515000,0.294285,0.225406,9.074360
506.550000,0.065535,0.217214,8.847018
506.585000,0.060707,0.220480,8.850233
506.615000,0.116514,0.107480,8.846429
506.650000,0.051312,0.226231,8.849282
506.680000,0.055548,0.220773,8.846480
506.715000,0.104242,0.115055,8.846908
506.750000,0.034533,0.235685,8.846395
506.780000,0.855013,-0.915428,25.391376
506.815000,0.092504,0.120684,8.846508
506.845000,-1.926643,-3.610793,17.664422
506.880000,0.090765,0.123155,8.847382
506.915000,-0.217868,1.260691,17.319558
506.945000,-0.374261,0.533595,1.519399
506.980000,0.062617,0.142967,8.850354
507.010000,-0.280184,1.360572,17.770077
507.045000,-0.017503,0.268058,8.847338
507.080000,0.045036,0.154686,8.847973
507.110000,-0.707750,2.013711,25.062265
507.145000,-0.037418,0.280568,8.850625
507.175000,0.030155,0.163777,8.846641
507.210000,-0.050167,0.291351,8.847530
507.245000,-0.383756,0.989926,16.129377
507.275000,1.679155,-4.292826,12.829407
507.310000,-0.073054,0.289019,8.848318
507.340000,-0.059561,0.290814,8.848376
507.375000,-0.002190,0.181125,8.851026
507.410000,-0.080205,0.306841,8.848247
507.440000,-0.071992,0.297926,8.848296
507.475000,0.750036,-0.915209,6.793194
507.505000,-0.098994,0.316667,8.846738
507.540000,-2.228919,1.246538,5.882366
507.575000,-1.004223,0.628856,10.477672
507.605000,-0.129931,0.325155,8.848279
507.640000,-0.414715,0.593721,1.637662
507.670000,2.426570,1.282058,0.870790
507.705000,-0.138218,0.340149,8.848618
507.740000,-0.074923,0.266533,8.851433
507.770000,-0.075865,0.224056,8.849909
507.805000,-0.148270,0.346678,8.848466
507.835000,3.105874,1.532968,8.845035
507.870000,-1.321795,0.451403,17.764459
507.905000,-0.165314,0.354709,8.848989
507.935000,2.881204,1.399336,8.843964
507.970000,-0.201083,0.361390,8.851246
508.000000,-0.183901,0.363840,8.849299
508.035000,-0.118342,0.247597,8.849670
508.070000,0.438381,-0.568977,1.875505
508.100000,-0.200319,0.370269,8.849001
508.135000,1.563753,-1.215536,4.569876
508.165000,-0.252425,0.371397,8.850590
508.200000,0.413777,4.520764,10.472817
508.235000,0.434500,-0.618692,1.961330
508.265000,-0.855541,1.296812,15.855159
508.300000,-0.528678,0.704258,2.081836
508.330000,-5.806548,5.550174,18.006122
508.365000,-0.290315,0.382807,8.849972
508.400000,-0.599268,0.203180,24.938599
508.430000,1.436831,-1.185918,4.332370
508.465000,-0.309919,0.385502,8.850286
508.495000,-2.672423,2.226556,8.902185
508.530000,1.460576,-7.906234,16.496350
508.565000,-0.325006,0.383097,8.849939
508.595000,0.067802,0.054006,16.380398
508.630000,1.517997,-1.007595,4.090860
508.660000,-0.434042,0.317419,8.852016
508.695000,-0.296409,0.259329,8.853375
508.730000,-0.433286,0.681806,8.852930
508.760000,-0.447789,0.326986,8.852485
508.795000,-0.327091,0.247556,8.851822
508.825000,1.381325,-1.192790,4.254957
508.860000,-0.394961,0.379188,8.851234
508.895000,-0.088592,-0.243434,15.134465
508.925000,0.567160,-0.650396,2.263523
508.960000,-0.409378,0.382108,8.852233
508.990000,-0.339114,1.384483,9.254973
509.025000,-0.384073,0.408217,8.851287
509.060000,-0.417079,0.380689,8.852324
509.090000,-0.374177,0.245735,8.852238
509.125000,-0.434857,0.395772,8.851665
509.155000,-0.426705,0.383576,8.852451
509.190000,0.091848,-1.777906,8.499322
509.225000,-0.399293,0.407941,8.851365
509.255000,-0.430678,0.382348,8.852315
509.290000,-2.221828,-5.505180,15.219969
509.320000,-0.447190,0.399747,8.852096
509.355000,-0.084273,-0.585585,17.936778
509.390000,-1.576536,1.984071,17.769075
509.420000,-0.458013,0.406168,8.853045
509.455000,-0.339428,0.296151,8.854094
509.485000,-0.377061,0.277481,8.853073
509.520000,-0.368494,0.451491,8.850729
509.555000,-0.344816,0.294165,8.851164
509.585000,1.488024,-1.180952,4.276750
509.620000,-0.452311,0.441348,9.336031
509.650000,-0.441339,0.429658,9.335553
509.685000,-0.214916,-0.010134,9.513040
509.720000,-0.226726,-0.008907,9.648754
509.750000,-0.440863,0.491820,9.650544
509.785000,0.055210,0.210881,9.737574
509.815000,9.357753,-4.999560,11.878148
509.850000,0.059008,0.211111,9.786946
509.885000,0.059556,0.212516,9.796259
509.915000,0.056551,0.207248,9.796763
509.950000,0.059973,0.213213,9.797144
509.980000,0.060072,0.213375,9.797417
510.015000,0.057257,0.208725,9.797675
510.050000,0.044731,0.187111,9.797973
510.080000,-0.270168,0.367549,9.801451
510.115000,0.057587,0.209289,9.797816
510.145000,0.044540,0.186767,9.797913
510.180000,0.044341,0.186418,9.797739
510.215000,8.776955,-4.168359,10.487867
510.245000,0.065020,0.228177,9.730455
510.280000,12.113557,-6.195673,14.709486
510.310000,0.052148,0.122320,9.516523
510.345000,0.077561,0.137107,9.162123
510.380000,0.029418,0.216144,9.012371
510.410000,0.592019,1.276499,4.196089
510.445000,0.008671,0.119830,8.988514
510.475000,0.006632,0.168894,8.985777
510.510000,-8.079691,-10.662996,26.805949
510.545000,1.274758,-1.002991,13.604581
510.575000,0.021228,0.195404,9.013810
510.610000,-4.408409,-5.378923,15.934190
510.640000,1.064798,2.080728,9.086402
510.675000,0.018628,0.190042,9.011924
510.710000,0.176277,1.598738,4.797948
510.740000,1.421689,1.325721,8.485723
510.775000,-0.091653,-0.003774,9.014412
510.805000,-0.105086,0.001224,9.015169
510.840000,-0.037272,-2.265746,8.095215
510.875000,-0.089613,-0.013327,9.013708
510.905000,1.428302,1.463852,8.447462
510.940000,-0.044911,-3.016450,7.791065
510.970000,-0.080107,-0.019061,9.013322
511.005000,-0.092012,-0.016785,9.014870
511.040000,7.004584,-4.609609,13.703074
511.070000,-0.190207,-0.024130,8.983752
511.105000,-0.105698,-0.022284,8.992230
511.135000,0.183960,1.550892,4.683853
511.170000,-0.203245,-0.029990,8.992340
511.205000,-0.375084,1.526980,13.373277
511.235000,0.178936,1.550443,4.685771
511.270000,-0.514382,0.498184,12.967183
511.300000,-0.143001,-0.033572,9.007961
511.335000,-0.358679,2.597955,7.198447
511.370000,-2.998105,1.432166,10.214723
511.400000,4.933105,-5.843611,21.358654
511.435000,-0.406391,9.163219,21.384150
511.465000,-2.848730,-6.837548,17.706123
511.500000,-0.075814,-0.034890,9.014256
511.535000,-0.450583,1.788913,12.674681
511.565000,-5.968751,-6.270010,15.152389
511.600000,-0.071816,-0.041568,9.014359
511.630000,-0.115714,-0.048553,9.014593
511.665000,7.019713,-4.640744,13.665211
511.700000,-0.068468,-0.049896,9.014596
511.730000,-0.096655,-0.045138,9.014417
511.765000,-1.062785,6.114382,13.676465
511.795000,-0.592282,-0.839800,14.403956
511.830000,1.462516,1.377504,8.480113
511.865000,0.185845,3.939509,11.201204
511.895000,-1.676005,1.229528,8.381936
511.930000,1.463483,-1.296578,9.609850
511.960000,1.379135,-1.244806,9.571092
511.995000,-0.045864,1.312032,4.318554
512.030000,-0.083382,-0.047663,9.013860
512.060000,-0.113104,-0.045274,9.014727
512.095000,-0.479263,6.719363,17.711756
512.125000,-0.074261,-0.040796,9.013619
512.160000,1.448032,1.417916,8.474027
512.195000,-0.357080,5.473711,13.736661
512.225000,-0.083620,-0.033257,9.014401
512.260000,0.001867,1.353327,4.389436
512.290000,-0.418949,-1.590771,4.853984
512.325000,-0.192193,-0.019860,9.014050
512.360000,-0.106175,-0.018409,9.022289
512.390000,-0.731805,-8.636635,21.851542
512.425000,-0.203048,-0.006423,9.012065
512.455000,-0.129346,-0.004889,9.020388
512.490000,-0.246531,-5.362232,13.607710
512.525000,1.420920,1.313684,8.553932
512.555000,-0.141430,0.000806,8.992962
512.590000,-0.056659,0.002288,8.999083
512.620000,-0.066869,1.422611,4.580052
512.655000,-0.153464,-0.000372,9.017126
512.690000,-1.656973,0.008563,8.949099
512.720000,-0.069018,-0.185274,9.015351
512.755000,0.006347,-0.147834,9.011053
512.785000,0.005128,-0.193127,9.007224
512.820000,-8.490892,-5.798756,17.307099
512.855000,-0.001290,-0.132989,9.003790
512.885000,-0.001118,-0.181152,9.000629
512.920000,-8.508894,-5.787544,17.262663
512.950000,0.524579,0.603397,2.100102
512.985000,-0.005832,-0.171166,8.991574
513.020000,0.008130,-0.175610,8.959678
513.050000,0.000267,-0.103938,8.987327
513.085000,-0.589118,2.428457,8.021579
513.115000,0.153588,-0.067837,8.981743
513.150000,0.536229,0.371282,16.122703
513.185000,0.003435,-0.184086,9.000458
513.215000,0.166790,-0.047884,8.970119
513.250000,-0.018703,-0.088574,8.995522
513.280000,-0.018658,-0.136424,8.990654
513.315000,6.125982,4.011892,15.173568
513.350000,-0.006864,-0.107323,8.997088
513.380000,-0.021432,-0.129626,8.990467
513.415000,-1.537402,1.206154,8.537420
513.445000,-0.088288,-0.181176,9.016542
513.480000,-0.007578,-0.152162,9.009305
513.515000,-0.007370,-0.208242,9.002487
513.545000,-19.083748,10.674833,29.479226
513.580000,0.221135,2.033281,5.993617
513.610000,-0.133053,0.201015,9.003734
513.645000,0.003433,-0.195117,9.037271
513.680000,0.002229,-0.165673,9.066414
513.710000,0.003720,-0.216001,9.064623
513.745000,4.386241,1.692698,8.878229
513.775000,-0.511965,-1.891259,5.488398
513.810000,1.389428,-1.408527,8.516096
513.845000,9.339037,6.180379,15.840782
513.875000,-0.511017,-1.908925,5.527039
513.910000,-0.616764,-1.955596,12.647645
513.940000,-0.115239,-0.045452,9.014225
513.975000,-0.253112,-3.045419,7.786048
514.010000,-0.612866,-1.955943,12.648756
514.040000,1.396956,-1.456961,8.507200
514.075000,-0.637044,-8.136749,20.321997
514.105000,3.324119,2.638407,10.333935
514.140000,-0.113451,-0.054204,9.014115
514.175000,-0.741987,0.579176,2.142562
514.205000,1.372106,-1.383069,8.552373
514.240000,-0.103900,-0.046975,9.013957
514.270000,-0.131742,-0.046511,9.015209
514.305000,1.374817,-1.374965,8.568361
514.340000,-0.131310,0.935941,8.611583
514.370000,-0.122712,-0.043549,9.014854
514.405000,-0.046499,-0.039997,9.015839
514.435000,-0.081629,-0.043752,9.012471
514.470000,0.012174,0.192662,9.011240
514.505000,0.021633,0.082254,9.012545
514.535000,0.018461,0.129342,9.009446
514.570000,0.014829,0.183912,9.004806
514.600000,0.014010,0.058566,9.006039
514.635000,0.015602,0.122303,9.002263
514.670000,0.011721,0.176465,8.997241
514.700000,-0.986656,0.752060,15.864879
514.735000,-2.496763,-3.145569,14.873752
514.765000,-0.114138,-0.053226,9.013724
514.800000,-0.016625,0.194756,9.042948
514.835000,3.859979,-2.388785,12.790319
514.865000,0.037922,0.178462,9.028908
514.900000,0.031456,0.241450,9.025187
514.930000,8.255232,-5.306447,17.106496
514.965000,0.036515,0.172923,9.022067
515.000000,0.035312,0.232190,9.018727
515.030000,0.056429,0.141259,9.044987
515.065000,0.040191,0.163320,9.015871
515.095000,0.023704,0.187685,9.013317
515.130000,0.058130,0.132295,9.038838
515.165000,0.026492,0.123908,9.009974
515.195000,0.027062,0.177534,9.007416
515.230000,0.040660,0.132708,9.032133
515.260000,0.034185,0.111940,9.003177
515.295000,0.045770,0.193232,9.011845
515.330000,0.002885,0.198174,9.039351
515.360000,-1.601868,-1.267553,8.443258
515.395000,-0.727008,1.238997,15.535474
515.425000,12.020424,-8.348311,28.188376
515.460000,0.020641,0.080742,9.002739
515.495000,0.005943,0.144324,8.995748
515.525000,0.030699,0.180477,8.994480
515.560000,0.013730,0.096068,9.016558
515.590000,0.020905,0.149559,9.014128
515.625000,0.010689,0.204194,9.011573
515.660000,0.014150,0.087518,9.011175
515.690000,0.255472,1.279791,6.795181
515.725000,1.067054,2.613349,9.892194
515.755000,1.541289,1.256865,8.471970
515.790000,0.015350,0.122537,8.932480
515.825000,-0.539454,-2.007500,5.523783
515.855000,5.831453,-7.119386,18.239363
515.890000,-0.093636,-0.061442,9.013168
515.920000,0.024998,0.194456,9.010571
515.955000,-0.364557,4.827914,11.996398
515.990000,0.008832,0.106191,9.003987
516.020000,-0.983441,-1.554002,9.018866
516.055000,-8.262529,5.645204,17.271406
516.085000,0.013683,0.097662,9.012508
516.120000,-0.112493,-0.059845,9.012717
516.155000,0.006771,0.208109,9.010671
516.185000,-1.622506,-1.286192,8.405881
516.220000,0.122067,-0.275957,9.015938
516.250000,-0.138905,-0.058353,9.013804
516.285000,0.916557,-0.067580,15.309901
516.320000,0.011136,0.137975,9.011199
516.350000,-1.198432,-1.957219,9.048909
516.385000,0.073129,0.071593,9.012814
516.415000,-0.773878,0.748627,15.942265
516.450000,0.017164,0.208991,9.010983
516.485000,9.293940,-6.137204,15.692048
516.515000,-1.185417,-0.923687,8.594626
516.550000,0.009001,0.170287,9.009402
516.580000,-0.018053,0.192921,9.040777
516.615000,0.009513,0.101236,9.006451
516.650000,0.025151,0.189776,9.010629
516.680000,-8.234838,5.616543,17.210723
516.715000,0.009658,0.093241,9.003670
516.745000,0.024462,0.174176,9.012597
516.780000,-1.234850,-1.850286,9.016817
516.815000,0.018525,0.120098,9.014186
516.845000,0.010937,0.140174,9.010651
516.880000,0.141875,-1.308828,16.005808
516.910000,1.445570,1.266611,8.526205
516.945000,0.744415,-0.436400,2.122747
516.980000,-0.136105,-0.057136,9.014609
517.010000,1.361150,-8.536812,23.429544
517.045000,-0.089120,-0.061517,9.013499
517.075000,-0.104033,-0.046622,9.013811
517.110000,0.247470,1.686909,5.029742
517.145000,-0.093041,-0.061537,9.013358
517.175000,-0.115040,-0.058668,9.013931
517.210000,0.237784,1.694578,5.060547
517.240000,-0.075205,-0.062818,9.013731
517.275000,-0.428708,-1.871722,5.421790
517.310000,-0.695800,8.596742,21.810412
517.340000,-0.085224,-0.091349,9.007751
517.375000,1.432667,1.358186,8.345539
517.405000,-0.058520,-0.501580,8.660831
517.440000,0.288706,-0.027023,11.579681
517.475000,-0.119570,-0.060097,8.848609
517.505000,-0.736590,9.038064,23.092392
517.540000,-0.080751,-0.062716,8.848833
517.570000,1.690771,0.828384,7.785765
517.605000,0.243462,1.694356,5.063906
517.640000,-0.430968,-1.848372,5.224926
517.670000,-0.147636,-0.058203,8.649716
517.705000,-4.891034,-4.166529,10.327516
517.735000,1.343569,1.283380,7.945185
517.770000,0.215881,1.652290,4.965668
517.805000,-0.093237,-0.065849,8.406928
517.835000,-0.073433,-0.201237,8.351342
517.870000,-0.630646,0.499907,1.889128
517.900000,0.008866,0.188354,8.410018
517.935000,-0.479166,-7.524868,19.657155
517.970000,-0.505344,-1.853816,5.159030
518.000000,-10.990952,7.400142,19.307918
518.035000,2.244400,-1.322597,10.607741
518.065000,-1.559794,1.272206,8.890828
518.100000,-0.075230,-2.854457,7.269434
518.135000,-0.130046,-0.059454,8.407735
518.165000,0.415956,1.746678,5.200877
518.200000,-0.116222,-1.587131,4.744180
518.230000,-0.166681,-0.059320,8.409201
518.265000,-0.072566,-0.080283,8.407960
518.300000,-0.147931,-0.058274,8.408418
518.330000,0.009406,-8.533366,22.730181
518.365000,-0.096396,-0.032194,8.407348
518.395000,-0.515307,10.333573,26.160622
518.430000,0.247337,1.561079,11.697661
518.465000,-0.066099,-0.227469,8.407348
518.495000,-0.048109,-2.171889,7.549402
518.530000,-0.142933,-0.060626,8.408404
518.560000,0.495099,1.775948,5.283273
518.595000,-0.043991,-0.160559,8.407364
518.630000,-0.249061,10.239055,25.934996
518.660000,0.643848,-2.550124,12.540949
518.695000,-0.432912,-1.790589,5.052242
518.725000,-0.983751,-7.995021,21.617719
518.760000,-0.120962,-0.060596,8.407629
518.795000,0.411109,1.810222,5.505018
518.825000,0.013769,0.114281,8.406816
518.860000,-0.165758,-0.057051,8.406272
518.890000,-0.412239,-1.796298,5.112431
518.925000,-0.140745,-0.051657,8.404719
518.960000,-1.001936,-7.984740,21.584824
518.990000,-0.108063,-0.060253,8.407465
519.025000,-0.251922,10.126381,26.129497
519.055000,-0.078853,-0.847193,8.090439
519.090000,-0.155563,-0.058060,8.408248
519.125000,3.667466,-2.169573,12.089134
519.155000,0.146308,-0.163716,8.508364
519.190000,10.074512,-6.595718,25.887377
519.220000,0.135962,-0.024046,8.451726
519.255000,0.010557,0.097487,8.451307
519.290000,1.125819,-2.105414,6.396719
519.320000,0.149453,-0.028317,8.477918
519.355000,0.101482,-0.027289,8.429734
519.385000,0.074607,-0.100129,8.426361
519.420000,0.497414,0.497761,1.933968
519.455000,0.063800,-0.106404,8.415304
519.485000,0.039943,-0.180264,8.413992
519.520000,0.081694,-0.070468,8.413419
519.550000,0.057764,-0.144272,8.411558
519.585000,12.082300,7.868240,25.429472
519.620000,0.066393,-0.123428,8.408906
519.650000,-11.040027,-7.403707,19.329815
519.685000,0.095320,-0.094417,8.406186
519.715000,0.078267,-0.180175,8.403896
519.750000,0.113953,-0.059774,8.404020
519.785000,0.007604,-0.013383,8.407976
519.815000,0.032389,-0.156893,8.483231
519.850000,0.109778,-0.134861,8.432654
519.880000,0.092837,-0.205213,8.429299
519.915000,-14.174699,-7.395357,20.045214
519.950000,0.104096,-0.135965,8.944358
519.980000,-0.897233,0.889223,2.723315
520.015000,-8.720682,0.570363,11.827953
520.045000,0.036522,-0.020511,9.653246
520.080000,-2.168311,-0.141457,4.791735
520.115000,-9.829014,0.248440,13.957631
520.145000,0.055469,-0.018000,9.799333
520.180000,0.055488,-0.018024,9.799366
520.210000,0.055503,-0.018044,9.799393
520.245000,0.055519,-0.018066,9.799422
520.280000,0.055534,-0.018086,9.799450
520.310000,0.055546,-0.018102,9.799471
520.345000,0.055559,-0.018120,9.799495
520.375000,0.055570,-0.018134,9.799515
520.410000,0.055581,-0.018149,9.799536
520.445000,0.055592,-0.018164,9.799555
520.475000,0.055601,-0.018175,9.799571
520.510000,0.055610,-0.018188,9.799588
520.540000,0.055618,-0.018198,9.799602
520.575000,0.055626,-0.018209,9.799617
520.610000,0.055634,-0.018219,9.799631
520.640000,0.055640,-0.018228,9.799643
520.675000,0.055647,-0.018237,9.799655
520.705000,0.055653,-0.018244,9.799665
520.740000,0.055658,-0.018252,9.799676
520.775000,0.055664,-0.018259,9.799686
520.805000,0.055669,-0.018265,9.799694
520.840000,0.055673,-0.018272,9.799703
520.870000,0.055676,-0.018278,9.799710
520.905000,0.055682,-0.018283,9.799718
520.940000,0.055686,-0.018288,9.799725
520.970000,0.055688,-0.018293,9.799731
521.005000,0.055692,-0.018297,9.799737
521.035000,0.055695,-0.018301,9.799742
521.070000,0.055698,-0.018305,9.799748
521.105000,0.055701,-0.018309,9.799753
521.135000,0.055703,-0.018312,9.799757
521.170000,0.055705,-0.018315,9.799762
521.200000,0.055708,-0.018318,9.799765
521.235000,0.055710,-0.018321,9.799769
521.270000,0.055712,-0.018324,9.799773
521.300000,0.055714,-0.018326,9.799776
521.335000,0.055716,-0.018328,9.799779
521.365000,0.055717,-0.018330,9.799782
521.400000,0.055719,-0.018332,9.799785
521.435000,0.055720,-0.018334,9.799788
521.465000,0.055722,-0.018336,9.799790
521.500000,0.055723,-0.018338,9.799792
521.530000,0.055724,-0.018339,9.799794
521.565000,0.055725,-0.018340,9.799796
521.600000,0.055726,-0.018342,9.799798
521.630000,0.055727,-0.018343,9.799799
521.665000,0.055728,-0.018344,9.799801
521.695000,0.055728,-0.018345,9.799802
521.730000,0.055729,-0.018346,9.799804
521.765000,0.055730,-0.018347,9.799805
521.795000,0.055730,-0.018348,9.799806
521.830000,0.055731,-0.018349,9.799808
521.860000,0.055732,-0.018350,9.799809
521.895000,0.055732,-0.018351,9.799810
521.930000,0.055733,-0.018351,9.799811
521.960000,0.055733,-0.018352,9.799811
521.995000,0.055734,-0.018353,9.799812
522.025000,0.055734,-0.018353,9.799813
522.060000,0.055734,-0.018354,9.799814
522.095000,0.055735,-0.018354,9.799815
522.125000,0.055735,-0.018355,9.799815
522.160000,0.055735,-0.018355,9.799816
522.190000,0.055736,-0.018356,9.799816
522.225000,0.055736,-0.018356,9.799817
522.260000,0.055736,-0.018356,9.799817
522.290000,0.055736,-0.018357,9.799818
522.325000,0.055737,-0.018357,9.799818
522.355000,0.055737,-0.018357,9.799818
522.390000,0.055737,-0.018358,9.799819
522.425000,0.055737,-0.018358,9.799819
522.455000,0.055737,-0.018358,9.799820
522.490000,0.055738,-0.018358,9.799820
522.520000,0.055738,-0.018358,9.799820
522.555000,0.055738,-0.018359,9.799820
522.590000,0.055738,-0.018359,9.799821
522.620000,0.055738,-0.018359,9.799821
522.655000,0.055738,-0.018359,9.799821
522.685000,3.725396,1.949122,16.442079
522.720000,0.631768,0.557107,2.261130
522.755000,0.516428,-1.829225,5.550932
522.785000,2.297564,-0.750886,4.685360
522.820000,6.723925,-2.663869,11.359228
522.850000,0.773455,-0.429125,2.098287
522.885000,2.840201,2.188720,8.253620
522.920000,5.127835,-2.372466,8.020781
522.950000,14.077087,8.775036,23.039501
522.985000,1.631995,-0.534073,3.309920
523.015000,4.194917,1.173829,4.154429
523.050000,2.626536,2.518921,9.848035
523.085000,5.226316,0.162715,28.765043
523.115000,1.837747,-0.423040,3.667367
523.150000,0.211619,-0.278304,0.994517
523.180000,0.281042,0.029283,0.468819
523.215000,0.005524,-0.004515,-0.005722
523.250000,-4.311854,-4.199732,13.021139
523.280000,0.000507,-0.004162,0.000451
523.315000,28.851852,16.095167,44.246725
523.345000,-0.000467,0.015522,-0.000640
523.380000,-4.565221,-4.499286,13.877217
523.415000,-0.089755,-0.006967,-0.132426
523.445000,6.592460,3.022512,8.868829
523.480000,-0.100149,-0.012848,-0.132827
523.510000,0.001675,-0.011867,0.001419
523.545000,-0.002529,0.030072,-0.003159
523.580000,-0.086165,-0.007269,-0.114198
523.610000,0.000416,0.003956,0.000365
523.645000,-0.000445,0.004001,-0.000318
523.675000,0.002779,0.016719,0.000224
523.710000,0.010571,0.006011,0.007931
523.745000,-0.133802,-0.023745,-0.176242
523.775000,-13.947792,-39.514561,101.822601
523.810000,-0.000722,-0.005123,-0.000324
523.840000,-0.102235,0.006054,-0.136179
523.875000,13.185297,-4.818596,51.884253
523.910000,-0.001006,0.004193,-0.000429
523.940000,-0.001010,0.004174,-0.000456
523.975000,-0.000684,-0.005143,-0.000391
524.005000,-2.363962,-10.575579,35.234230
524.040000,0.298605,-0.146504,72.266160
524.075000,-0.001254,0.004145,-0.000545
524.105000,-0.060158,0.026896,-0.084763
524.140000,-0.101883,-0.013701,-0.140513
524.170000,5.826571,6.485066,20.340139
524.205000,-0.098323,-0.014394,-0.137403
524.240000,-0.000980,-0.005142,-0.000585
524.270000,2.030911,-7.069659,23.853631
524.305000,-0.001297,0.004334,-0.000333
524.335000,0.000274,-0.004857,0.000430
524.370000,-0.001052,0.031606,0.004153
524.405000,-4.133738,4.416150,13.110754
524.435000,-0.092730,-0.039513,-0.131095
524.470000,-3.607800,3.899789,11.507615
524.500000,-0.109953,-0.006705,-0.149936
524.535000,-0.001330,0.012627,-0.000241
524.570000,-0.000782,0.004176,-0.000196
524.600000,3.496702,4.943464,14.287303
524.635000,1.829896,1.583120,4.507719
524.665000,0.005029,-0.003320,-0.007627
524.700000,4.178025,4.919120,15.482829
524.735000,-0.104233,-0.012172,-0.141908
524.765000,0.007485,-0.003198,-0.004161
524.800000,6.581786,1.604229,3.068336
524.830000,-0.105025,-0.009563,-0.142818
524.865000,-0.006435,-0.003980,-0.022791
524.900000,4.314387,-0.833119,0.183473
524.930000,0.000191,0.000020,0.000187
524.965000,0.000187,-0.004244,-0.000450
524.995000,-0.063439,-0.006256,-0.087416
525.030000,0.000640,0.005103,0.000262
525.065000,-0.107177,0.016080,-0.145992
525.095000,-5.772255,6.249403,18.746492
525.130000,-0.023571,0.000369,-0.032593
525.160000,-0.098288,0.002169,-0.134867
525.195000,-2.697138,-8.755599,30.042615
525.230000,1.642223,11.547362,37.094767
525.260000,0.000406,-0.002570,0.000253
525.295000,-0.072229,0.031917,-0.099267
525.325000,0.000037,0.000031,0.000058
525.360000,0.000331,-0.002927,0.000206
525.395000,-0.055851,0.028252,-0.076029
525.425000,1.098530,-2.152169,10.197943
525.460000,2.392786,3.613109,9.888811
525.490000,-0.000246,0.005115,-0.000288
525.525000,-0.000114,0.002115,-0.000101
525.560000,-0.002180,-0.004235,-0.003149
525.590000,10.188354,-3.360171,44.656808
525.625000,-2.891143,-12.168811,38.220695
525.655000,0.000015,0.000011,0.000004
525.690000,-0.062624,0.004046,-0.085129
525.725000,-0.277926,-3.207869,31.886355
525.755000,-4.544992,4.929756,14.825453
525.790000,-0.098346,0.004220,-0.134516
525.820000,-0.097914,-0.025836,-0.131928
525.855000,-2.282260,5.001026,15.897794
525.890000,0.000469,-0.004370,0.000435
525.920000,0.000559,0.021890,-0.000326
525.955000,-4.565896,-9.287079,27.204052
525.985000,-0.010250,-0.004227,-0.014261
526.020000,-23.663772,7.042885,49.281510
526.055000,-0.003233,0.032756,-0.001711
526.085000,-0.003401,0.026708,-0.002665
526.120000,-5.559087,-7.754333,24.729593
526.150000,-14.891123,-1.636640,38.321871
526.185000,-0.026180,0.025284,0.085181
526.220000,-0.168889,0.179860,0.557641
526.250000,-3.433214,1.945112,8.774772
526.285000,-0.468935,-4.947631,12.889859
526.315000,-0.781973,-0.489030,2.162564
526.350000,-1.879587,-5.841000,19.177220
526.385000,-10.052309,7.254241,19.301192
526.415000,-0.605870,-0.678571,1.946618
526.450000,-0.614666,-0.671903,1.951196
526.480000,-4.696936,-2.473877,7.699944
526.515000,-5.797710,2.338957,8.951519
526.550000,-11.923770,6.362733,16.404646
526.580000,-0.669749,-1.425649,4.320047
526.615000,-9.396621,1.131316,13.240129
526.645000,-5.980431,0.051800,14.214998
526.680000,-15.450025,8.255020,20.210620
526.715000,-8.007800,1.143779,11.121453
526.745000,-2.008634,-0.073707,4.531999
526.780000,-2.749600,0.272623,11.744853
526.810000,-0.057671,0.073112,9.799150
526.845000,-0.057675,0.073100,9.799178
526.880000,-0.057680,0.073088,9.799204
526.910000,-0.057684,0.073080,9.799225
526.945000,-0.057687,0.073070,9.799247
526.975000,-0.057690,0.073063,9.799266
527.010000,-0.057693,0.073054,9.799286
527.045000,-0.057696,0.073047,9.799304
527.075000,-0.057699,0.073041,9.799319
527.110000,-0.057701,0.073034,9.799335
527.140000,-0.057703,0.073028,9.799348
527.175000,-0.057706,0.073022,9.799363
527.210000,-0.057708,0.073017,9.799376
527.240000,-0.057709,0.073012,9.799387
527.275000,-0.057711,0.073007,9.799398
527.305000,-0.057713,0.073003,9.799408
527.340000,-0.057714,0.072999,9.799418
527.375000,-0.057716,0.072995,9.799427
527.405000,-0.057717,0.072992,9.799435
527.440000,-0.057719,0.072988,9.799443
527.470000,-0.057719,0.072988,9.799451
527.505000,-0.057721,0.072983,9.799458
527.540000,-0.057722,0.072980,9.799464
527.570000,-0.057722,0.072979,9.799470
527.605000,-0.057724,0.072975,9.799476
527.635000,-0.057724,0.072973,9.799481
527.670000,-0.057725,0.072972,9.799486
527.705000,-0.057726,0.072969,9.799491
527.735000,-0.057727,0.072967,9.799495
527.770000,-0.057727,0.072966,9.799499
527.800000,-0.057728,0.072964,9.799503
527.835000,-0.057729,0.072962,9.799506
527.870000,-0.057729,0.072962,9.799510
527.900000,-0.057730,0.072959,9.799513
527.935000,-0.057730,0.072958,9.799516
527.965000,-0.057731,0.072956,9.799518
528.000000,-0.057731,0.072956,9.799521
528.035000,-0.057731,0.072955,9.799524
528.065000,-0.057732,0.072953,9.799526
528.100000,-0.057732,0.072953,9.799528
528.130000,-0.057732,0.072952,9.799530
528.165000,-0.057733,0.072951,9.799532
528.200000,-0.057733,0.072951,9.799533
528.230000,-0.057733,0.072950,9.799535
528.265000,-0.057733,0.072949,9.799536
528.295000,-0.057734,0.072949,9.799538
528.330000,-0.057734,0.072948,9.799539
528.365000,-0.057734,0.072947,9.799540
528.395000,-0.057734,0.072947,9.799542
528.430000,-0.057734,0.072947,9.799543
528.460000,-0.057734,0.072946,9.799544
528.495000,-0.057735,0.072946,9.799545
528.530000,-0.057735,0.072946,9.799546
528.560000,-0.057735,0.072945,9.799546
528.595000,-0.057735,0.072945,9.799547
528.625000,-0.057735,0.072945,9.799548
528.660000,-0.057735,0.072944,9.799549
528.695000,-0.057735,0.072944,9.799549
528.725000,-0.057735,0.072944,9.799550
528.760000,-0.057736,0.072944,9.799550
528.790000,-0.057736,0.072943,9.799551
528.825000,-0.057736,0.072943,9.799551
528.860000,-0.057736,0.072943,9.799552
528.890000,-0.057736,0.072943,9.799552
528.925000,-0.057736,0.072943,9.799553
528.955000,-0.057736,0.072943,9.799553
528.990000,-0.057736,0.072942,9.799553
529.025000,-0.057736,0.072942,9.799554
529.055000,-0.057736,0.072942,9.799554
529.090000,-0.057736,0.072942,9.799554
529.120000,-0.057736,0.072942,9.799555
529.155000,-0.057736,0.072942,9.799555
529.190000,-0.057736,0.072942,9.799555
529.220000,-0.057736,0.072942,9.799555
529.255000,-0.057736,0.072942,9.799555
529.285000,-0.057736,0.072941,9.799556
529.320000,-0.057736,0.072941,9.799556
529.355000,-0.057736,0.072941,9.799556
529.385000,-0.057736,0.072941,9.799556
529.420000,-0.057736,0.072941,9.799556
529.450000,-0.057737,0.072941,9.799556
529.485000,-0.057737,0.072941,9.799557
529.520000,-0.057737,0.072941,9.799557
529.550000,-0.057737,0.072941,9.799557
529.585000,-0.057737,0.072941,9.799557
529.615000,-0.057737,0.072941,9.799557
529.650000,-0.057737,0.072941,9.799557
529.685000,-0.057737,0.072941,9.799557
529.715000,-0.057737,0.072941,9.799557
529.750000,-0.057737,0.072941,9.799557
529.780000,-0.057737,0.072941,9.799557
529.815000,-0.057737,0.072941,9.799557
529.850000,-0.057737,0.072941,9.799558
529.880000,-0.057737,0.072941,9.799558
529.915000,-0.057737,0.072941,9.799558
